partition,model,variant,delivery_step,mean_mae_kwh,seed_sd_mae_kwh,mean_active_mae_kwh,seed_sd_active_mae_kwh,rows_per_seed,active_rows_per_seed,vendor_mae_kwh,vendor_active_mae_kwh,gain_over_vendor_kwh,active_gain_over_vendor_kwh
calibration,chronos2,target_only,1,1.577987810260191,0.0573497050239573,2.299541966135386,0.0869056560709223,4421,2453,7.070552526361442,12.21761637544081,5.492564716101251,9.918074409305424
calibration,chronos2,target_only,2,1.4012239982682206,0.057092383209413226,2.055279273550412,0.08701185697891177,4421,2453,11.375750641084512,19.61212226472781,9.974526642816292,17.556842991177398
calibration,chronos2,target_only,3,1.321009338299793,0.07127790535837719,1.9256174757900502,0.10719639191593681,4421,2453,12.769707679144641,21.851647077876805,11.448698340844848,19.926029602086754
calibration,chronos2,target_only,4,1.4583743802665505,0.04574847689952807,2.128362327091217,0.06569018179045684,4421,2453,13.783442918220807,23.471694528742564,12.325068537954257,21.343332201651346
calibration,chronos2,target_only,5,1.496012726242093,0.05100890126274956,2.198761044134668,0.07448973413606749,4421,2453,14.525938889576702,24.65048831104177,13.02992616333461,22.451727266907103
calibration,chronos2,target_only,6,1.3987157154483671,0.04228075808448531,2.0523521731604957,0.05817503986722325,4421,2453,15.073397295831189,25.512682245020695,13.674681580382822,23.4603300718602
calibration,chronos2,target_only,7,1.3187901449942314,0.061247032540200114,1.9138415070198236,0.0960266231762483,4421,2453,15.479601540071647,26.146358281375875,14.160811395077415,24.23251677435605
calibration,chronos2,target_only,8,1.4327636886117578,0.0522387436453865,2.101670728816434,0.07910098302555107,4421,2453,15.782806035034234,26.614267386222707,14.350042346422477,24.512596657406274
calibration,chronos2,target_only,9,1.3169934139063497,0.04944902552238399,1.9663669124361063,0.07520844685737756,4421,2453,16.01040348792528,26.961416760340708,14.693410074018932,24.9950498479046
calibration,chronos2,target_only,10,1.3281185714853643,0.05611805855810571,1.9564412517167091,0.08385495352373125,4421,2453,16.182125166985386,27.220258986322634,14.854006595500023,25.263817734605926
calibration,chronos2,target_only,11,1.4044767248835452,0.05952551412620389,2.082403093491386,0.09332748096025463,4421,2453,16.32354643135361,27.433179960781658,14.919069706470063,25.35077686729027
calibration,chronos2,target_only,12,1.6170409926594826,0.06706636386272118,2.3754246544200206,0.10977583060855474,4421,2430,16.58264245575883,28.117785434268125,14.965601463099347,25.742360779848106
calibration,chronos2,target_only,13,1.8775596818188363,0.08363394712933127,2.7580219773108086,0.1320154600878901,4421,2430,16.658854363810374,28.2286134835072,14.781294681991538,25.470591506196392
calibration,chronos2,target_only,14,1.8716168133442932,0.06933839563918504,2.769637112787652,0.10875512956108196,4421,2438,16.814898327660515,28.429717387674014,14.943281514316222,25.66008027488636
calibration,chronos2,target_only,15,1.495113251089133,0.06650955160196874,2.201502091311869,0.10094802224372595,4421,2430,16.76356920010082,28.378785443384153,15.268455949011688,26.177283352072283
calibration,chronos2,target_only,16,1.3739861299167309,0.06584602617314432,2.012041201690833,0.09991341823472123,4421,2430,16.787490765122655,28.408209276472988,15.413504635205925,26.396168074782153
calibration,chronos2,target_only,17,2.940290849542111,0.09700401758040608,4.3409669446356505,0.1566513110452611,4421,2430,16.81542800963401,28.448163873118965,13.875137160091901,24.107196928483315
calibration,chronos2,target_only,18,2.412085995202797,0.09828001797931289,3.4746139628406416,0.1580122937949467,4421,2430,16.837328463355895,28.47986679535911,14.425242468153098,25.00525283251847
calibration,chronos2,target_only,19,2.077856133666898,0.09170604840948249,3.0159654183642854,0.14284029563831602,4421,2430,16.85450965184888,28.505293567031007,14.77665351818198,25.489328148666722
calibration,chronos2,target_only,20,1.8117239680107504,0.09115236291441353,2.6009904938259214,0.14055705451649708,4421,2431,16.870762657110873,28.51924850488429,15.059038689100124,25.918258011058366
calibration,chronos2,target_only,21,1.9724389733834597,0.09235785430243774,2.8411974607836012,0.14468217536245181,4421,2431,16.88137627331911,28.5362002854609,14.90893729993565,25.6950028246773
calibration,chronos2,target_only,22,2.2583680841806606,0.10968281410025814,3.2964248741279767,0.17262422748545414,4421,2431,16.889719546335,28.550243451159083,14.631351462154342,25.253818577031108
calibration,chronos2,target_only,23,2.0610091419453616,0.08581130343900846,2.9968808972292456,0.1323551167313704,4421,2431,16.896286426436998,28.561994628317223,14.835277284491635,25.565113731087976
calibration,chronos2,target_only,24,2.2276239945367653,0.09647281210047297,3.2418796682480533,0.15032285270993942,4421,2431,16.90393906442228,28.576393859175923,14.676315069885513,25.33451419092787
calibration,chronos2,target_only,25,1.6628948531796732,0.0941653524039132,2.2232929751270465,0.13964745987149532,4421,2577,16.887257509767778,27.160183066988033,15.224362656588106,24.936890091860988
calibration,chronos2,target_only,26,1.8821082202512216,0.09856341706410167,2.2471910126386416,0.11879861680871641,4421,3400,17.181246846646445,21.692450097873884,15.299138626395223,19.445259085235243
calibration,chronos2,target_only,27,2.863895121653704,0.06805124275434403,3.370415979795816,0.08163656544275631,4421,3589,17.669913169870544,21.29954728575087,14.80601804821684,17.929131305955053
calibration,chronos2,target_only,28,4.597331872426793,0.075421173958545,5.417476082630924,0.08653505300728781,4421,3663,20.888985347960794,24.80817719591855,16.291653475534,19.390701113287626
calibration,chronos2,target_only,29,9.975813577450227,0.0904728316861269,10.810395187927151,0.09826049483223855,4421,4061,25.491065776702936,27.54122764590757,15.515252199252709,16.73083245798042
calibration,chronos2,target_only,30,19.48384976047084,0.11863344659555411,20.528461064283853,0.12653499123966885,4421,4188,29.20099733797416,30.676514017553675,9.717147577503322,10.148052953269822
calibration,chronos2,target_only,31,35.15426554421543,0.1896785969128732,35.56005572883519,0.19268151254433039,4421,4368,34.63211351921285,35.03659105087124,-0.5221520250025762,-0.5234646779639505
calibration,chronos2,target_only,32,53.9267105527869,0.3086944193586601,53.9267105527869,0.3086944193586601,4421,4421,66.80587980491269,66.80587980491269,12.879169252125791,12.879169252125791
calibration,chronos2,target_only,33,70.91651266706349,0.5909245047168429,70.91651266706349,0.5909245047168429,4421,4421,78.45453795118124,78.45453795118124,7.538025284117751,7.538025284117751
calibration,chronos2,target_only,34,90.26427954875498,0.7739717450586804,90.26427954875498,0.7739717450586804,4421,4421,89.64284663784257,89.64284663784257,-0.6214329109124179,-0.6214329109124179
calibration,chronos2,target_only,35,110.33022505775038,1.0439503502727434,110.33022505775038,1.0439503502727434,4421,4421,98.10740144459922,98.10740144459922,-12.222823613151164,-12.222823613151164
calibration,chronos2,target_only,36,134.72012935701974,1.0274147046462467,134.72012935701974,1.0274147046462467,4421,4421,103.94070299847729,103.94070299847729,-30.77942635854245,-30.77942635854245
calibration,chronos2,target_only,37,150.4238065081682,1.7021387240405021,150.4238065081682,1.7021387240405021,4421,4421,109.8088700548145,109.8088700548145,-40.61493645335371,-40.61493645335371
calibration,chronos2,target_only,38,164.5297669850423,1.8708806661198594,164.5297669850423,1.8708806661198594,4421,4421,115.53857541259052,115.53857541259052,-48.99119157245178,-48.99119157245178
calibration,chronos2,target_only,39,180.64307456760352,1.6412774187199743,180.64307456760352,1.6412774187199743,4421,4421,125.79071585901269,125.79071585901269,-54.85235870859083,-54.85235870859083
calibration,chronos2,target_only,40,192.28813429592057,1.7718736744303416,192.28813429592057,1.7718736744303416,4421,4421,123.35216320438272,123.35216320438272,-68.93597109153785,-68.93597109153785
calibration,chronos2,target_only,41,200.42907706636905,1.7090262789024366,200.42907706636905,1.7090262789024366,4421,4421,140.97391874667065,140.97391874667065,-59.4551583196984,-59.4551583196984
calibration,chronos2,target_only,42,208.24371592884302,1.4529425485797052,208.24371592884302,1.4529425485797052,4421,4421,166.8081564590035,166.8081564590035,-41.43555946983952,-41.43555946983952
calibration,chronos2,target_only,43,213.86507179624397,1.615961248030774,213.86507179624397,1.615961248030774,4421,4421,185.7610243765363,185.7610243765363,-28.104047419707655,-28.104047419707655
calibration,chronos2,target_only,44,220.24845780438122,1.3275470918756451,220.24845780438122,1.3275470918756451,4421,4421,168.50296013637893,168.50296013637893,-51.74549766800229,-51.74549766800229
calibration,chronos2,target_only,45,231.0291102341389,1.3286200708993725,231.0291102341389,1.3286200708993725,4421,4421,177.77538661662766,177.77538661662766,-53.25372361751124,-53.25372361751124
calibration,chronos2,target_only,46,239.65132253021306,1.3599791908304575,239.65132253021306,1.3599791908304575,4421,4421,180.9411893935423,180.9411893935423,-58.71013313667078,-58.71013313667078
calibration,chronos2,target_only,47,260.39678003192387,1.6725318055435185,260.39678003192387,1.6725318055435185,4421,4421,192.74011033896278,192.74011033896278,-67.65666969296109,-67.65666969296109
calibration,chronos2,target_only,48,253.86398327057884,1.590457343123796,253.86398327057884,1.590457343123796,4421,4421,193.48266495855177,193.48266495855177,-60.381318312027076,-60.381318312027076
calibration,chronos2,target_only,49,249.88874056449194,1.939044904578338,249.88874056449194,1.939044904578338,4421,4421,189.28935227305703,189.28935227305703,-60.599388291434906,-60.599388291434906
calibration,chronos2,target_only,50,246.546923813195,1.3425548765034598,246.546923813195,1.3425548765034598,4421,4421,210.4888387822058,210.4888387822058,-36.05808503098922,-36.05808503098922
calibration,chronos2,target_only,51,246.1806693562715,1.4992728962201254,246.1806693562715,1.4992728962201254,4421,4421,214.105955708852,214.105955708852,-32.074713647419486,-32.074713647419486
calibration,chronos2,target_only,52,241.17950300563416,1.2078517421567845,241.17950300563416,1.2078517421567845,4421,4421,192.64075356112485,192.64075356112485,-48.53874944450931,-48.53874944450931
calibration,chronos2,target_only,53,243.35113562515784,1.0346846715227933,243.35113562515784,1.0346846715227933,4421,4421,189.11893813371628,189.11893813371628,-54.23219749144155,-54.23219749144155
calibration,chronos2,target_only,54,237.63410279792737,1.6731735989551666,237.63410279792737,1.6731735989551666,4421,4421,198.23071634282735,198.23071634282735,-39.40338645510002,-39.40338645510002
calibration,chronos2,target_only,55,235.01826650295908,1.8167959988192293,235.01826650295908,1.8167959988192293,4421,4421,187.5455271424201,187.5455271424201,-47.47273936053898,-47.47273936053898
calibration,chronos2,target_only,56,235.94957889419314,1.8192122191240976,235.94957889419314,1.8192122191240976,4421,4421,190.38240284251427,190.38240284251427,-45.56717605167887,-45.56717605167887
calibration,chronos2,target_only,57,236.05551319411944,1.7102577830612167,236.05551319411944,1.7102577830612167,4421,4421,192.35393751460913,192.35393751460913,-43.70157567951031,-43.70157567951031
calibration,chronos2,target_only,58,225.47001895185386,1.9308367218050249,225.47001895185386,1.9308367218050249,4421,4421,193.5117003812668,193.5117003812668,-31.958318570587068,-31.958318570587068
calibration,chronos2,target_only,59,215.33208080722423,2.0523284318915427,215.33208080722423,2.0523284318915427,4421,4421,189.62855299441256,189.62855299441256,-25.70352781281167,-25.70352781281167
calibration,chronos2,target_only,60,209.5969439856253,1.745531293002834,209.5969439856253,1.745531293002834,4421,4421,202.80569312862843,202.80569312862843,-6.791250856996868,-6.791250856996868
calibration,chronos2,target_only,61,204.72548661180713,1.634512728355761,204.72548661180713,1.634512728355761,4421,4421,190.45491967886161,190.45491967886161,-14.270566932945513,-14.270566932945513
calibration,chronos2,target_only,62,193.10896148037665,1.6634594181119842,193.10896148037665,1.6634594181119842,4421,4421,177.89389022557646,177.89389022557646,-15.215071254800193,-15.215071254800193
calibration,chronos2,target_only,63,173.96862311036344,1.4298192766766566,173.96862311036344,1.4298192766766566,4421,4421,168.20520055448998,168.20520055448998,-5.763422555873461,-5.763422555873461
calibration,chronos2,target_only,64,147.27586031341164,1.2304445611092834,147.27586031341164,1.2304445611092834,4421,4421,168.9520660095516,168.9520660095516,21.67620569613996,21.67620569613996
calibration,chronos2,target_only,65,132.84928243818152,0.7988563952888175,132.84928243818152,0.7988563952888175,4421,4421,145.93593130202143,145.93593130202143,13.086648863839912,13.086648863839912
calibration,chronos2,target_only,66,119.20743676911457,0.6963558146539809,119.20743676911457,0.6963558146539809,4421,4421,124.14743241898967,124.14743241898967,4.939995649875101,4.939995649875101
calibration,chronos2,target_only,67,111.79509930397234,0.7345868241773175,111.8202214972803,0.734757669410107,4421,4420,114.62394702488889,114.64978185471787,2.8288477209165563,2.829560357437572
calibration,chronos2,target_only,68,96.40609087254026,0.6880649165180153,96.65702802940895,0.6891564842938152,4421,4405,113.48254706186205,113.88934479785891,17.07645618932179,17.232316768449962
calibration,chronos2,target_only,69,75.49179404372647,0.5376307430143618,75.89630323056852,0.5405519249079551,4421,4393,94.16922557935234,94.7516210670602,18.67743153562587,18.85531783649168
calibration,chronos2,target_only,70,58.26819567411975,0.4911047047648691,59.37417791855713,0.49944272436476816,4421,4330,85.38093097279284,87.12334302623431,27.112735298673087,27.74916510767718
calibration,chronos2,target_only,71,41.459975238636666,0.3055848469913716,42.48651275655996,0.31308392021168396,4421,4306,75.89158274564834,77.83365822636902,34.43160750701167,35.347145469809064
calibration,chronos2,target_only,72,32.43109889391435,0.16737719939867132,33.260211937308775,0.17158848301921564,4421,4304,58.155860990807994,59.63835871673493,25.72476209689364,26.378146779426153
calibration,chronos2,target_only,73,27.291473160425166,0.20610688590465784,28.031049768746534,0.211575670745739,4421,4299,37.563816895249204,38.52963926363801,10.272343734824037,10.498589494891476
calibration,chronos2,target_only,74,19.89877530056149,0.19616683483844655,20.484933839576385,0.2017635866617997,4421,4288,26.324179236145994,27.031760693216086,6.425403935584505,6.5468268536397005
calibration,chronos2,target_only,75,15.215876680307783,0.15282230380138281,15.920434457890169,0.15957716958395182,4421,4204,25.452399332575467,26.591074761844524,10.236522652267684,10.670640303954356
calibration,chronos2,target_only,76,10.264424034254763,0.14925290228743238,11.100187480973705,0.1596915137391272,4421,4021,22.76121085563576,24.717434383080025,12.496786821380997,13.61724690210632
calibration,chronos2,target_only,77,7.807969597122949,0.19551335073259096,8.484290865552735,0.2104455784775595,4421,3998,19.89507463423583,21.67679330075036,12.087105037112881,13.192502435197627
calibration,chronos2,target_only,78,5.43231083517832,0.18712263999556797,5.935195459140268,0.2002578453775406,4421,3985,18.271013981564266,19.941762458234788,12.838703146385946,14.00656699909452
calibration,chronos2,target_only,79,4.8007932721978825,0.21863137291250984,5.427226011697272,0.2431196999996457,4421,3710,17.471994549441806,20.41670144715295,12.671201277243924,14.989475435455677
calibration,chronos2,target_only,80,4.0173449389442135,0.18850612103531986,4.631620093744928,0.2105020158329847,4421,3548,17.11436548530551,20.775484814242215,13.097020546361296,16.143864720497287
calibration,chronos2,target_only,81,1.6872269077356383,0.06300052866436447,2.0404629491496453,0.07499122022322871,4421,3245,16.768614052564413,22.02190106094787,15.081387144828774,19.981438111798223
calibration,chronos2,target_only,82,1.450654378888035,0.06495835503886623,1.9099857576241726,0.09141936272637534,4421,2746,16.74208499272602,25.7196089886206,15.291430613837985,23.809623230996426
calibration,chronos2,target_only,83,1.2753846986885549,0.08515622867008042,1.8170560284510464,0.13575969308846716,4421,2476,16.947917850596887,28.34351256506986,15.672533151908333,26.526456536618817
calibration,chronos2,target_only,84,1.3374057296335737,0.06564651130575595,1.9418573042738094,0.10763199576305774,4421,2430,17.07054923747576,28.86864257450043,15.733143507842186,26.92678527022662
calibration,chronos2,target_only,85,1.3257631773027567,0.07144583087783432,1.9414918793327034,0.11329303908509852,4421,2430,16.95631256179335,28.658469521683937,15.630549384490593,26.716977642351235
calibration,chronos2,target_only,86,1.1753489384686777,0.06918462121128313,1.70386700043953,0.10829959892402306,4421,2430,16.956322121376772,28.658321258718523,15.780973182908093,26.954454258278993
calibration,chronos2,target_only,87,1.1267233155777325,0.08194845358321592,1.6182958485167704,0.13206118551027457,4421,2430,16.95637520467632,28.65827123434532,15.829651889098587,27.03997538582855
calibration,chronos2,target_only,88,1.3621757717403291,0.05597117898235644,1.9941954815583955,0.08505095742243064,4421,2430,16.956405033916898,28.65819959773916,15.594229262176569,26.664004116180763
calibration,chronos2,target_only,89,1.1765073051524901,0.06790528236681331,1.7632840720469078,0.1029662820142267,4421,2430,16.95646597347155,28.658206140062553,15.779958668319058,26.894922068015646
calibration,chronos2,target_only,90,1.1942421322601249,0.07246472061840814,1.769006607758165,0.11298503937994521,4421,2430,16.956436101265,28.658069278627114,15.762193969004873,26.88906267086895
calibration,chronos2,target_only,91,1.3386679010554638,0.07907823569212721,1.9887211643741944,0.12121824435570391,4421,2430,16.956479923453468,28.65808790441135,15.617812022398004,26.669366740037155
calibration,chronos2,target_only,92,1.4974739389623406,0.058608848719425025,2.201041170599039,0.09175301578474229,4421,2430,16.95651162596314,28.65810498357693,15.459037687000801,26.457063812977893
calibration,chronos2,target_only,93,1.653377559303132,0.06867123296173966,2.4125212855790377,0.10618326486745437,4421,2430,16.956532035132675,28.658120641347267,15.303154475829542,26.245599355768228
calibration,chronos2,target_only,94,1.6984245987047413,0.07008430500772897,2.490987539634783,0.10532841363802121,4421,2430,16.95654220055755,28.658135038613125,15.258117601852808,26.16714749897834
calibration,chronos2,target_only,95,1.4199707574823868,0.06774145670854237,2.0790240024588234,0.10247218432275948,4421,2430,16.956543303377668,28.65814829584472,15.53657254589528,26.579124293385895
calibration,chronos2,target_only,96,1.230147606267888,0.07981834839058824,1.7926500165658723,0.1242960941323901,4421,2430,16.95653654973202,28.65816040925352,15.726388943464134,26.865510392687646
calibration,chronos2,vendor_covariate,1,1.7281294863024763,0.10821918470883338,2.5142956837689785,0.16803292886625373,4421,2453,7.070552526361442,12.21761637544081,5.342423040058965,9.703320691671832
calibration,chronos2,vendor_covariate,2,1.5971711328418727,0.08797946437590685,2.3528619001422473,0.13427853186484573,4421,2453,11.375750641084512,19.61212226472781,9.77857950824264,17.25926036458556
calibration,chronos2,vendor_covariate,3,1.468440138310821,0.08199385626212023,2.1585066575713414,0.12241743241607386,4421,2453,12.769707679144641,21.851647077876805,11.30126754083382,19.693140420305465
calibration,chronos2,vendor_covariate,4,1.5276456835265344,0.09127973503019268,2.2424201618650716,0.14014978578033652,4421,2453,13.783442918220807,23.471694528742564,12.255797234694272,21.22927436687749
calibration,chronos2,vendor_covariate,5,1.7174288267613105,0.12033017138962507,2.5142417425070303,0.18511602753080783,4421,2453,14.525938889576702,24.65048831104177,12.808510062815392,22.136246568534737
calibration,chronos2,vendor_covariate,6,1.576163184862551,0.08442519247306803,2.3181121861186265,0.1298078687540731,4421,2453,15.073397295831189,25.512682245020695,13.497234110968638,23.19457005890207
calibration,chronos2,vendor_covariate,7,1.5785050612584253,0.09000961722823851,2.302627865849249,0.13008136430111295,4421,2453,15.479601540071647,26.146358281375875,13.901096478813221,23.843730415526625
calibration,chronos2,vendor_covariate,8,1.7273753536041438,0.09440332076854617,2.5727595108847106,0.14858346248455778,4421,2453,15.782806035034234,26.614267386222707,14.05543068143009,24.041507875337995
calibration,chronos2,vendor_covariate,9,1.680578203192261,0.08367056316557,2.5372150800529907,0.12518806889599388,4421,2453,16.01040348792528,26.961416760340708,14.329825284733019,24.424201680287716
calibration,chronos2,vendor_covariate,10,1.7239966167061611,0.09194414315810982,2.562609664922678,0.13999101051471652,4421,2453,16.182125166985386,27.220258986322634,14.458128550279225,24.657649321399955
calibration,chronos2,vendor_covariate,11,1.6566508474547623,0.09367330617905419,2.4866230621283947,0.14262528387091014,4421,2453,16.32354643135361,27.433179960781658,14.666895583898846,24.946556898653263
calibration,chronos2,vendor_covariate,12,1.9155026234179109,0.11112662118330242,2.8686683947841325,0.17325341596122232,4421,2430,16.58264245575883,28.117785434268125,14.667139832340919,25.24911703948399
calibration,chronos2,vendor_covariate,13,2.0543843939195954,0.10374995004284168,3.0745487343136664,0.15443812555171718,4421,2430,16.658854363810374,28.2286134835072,14.60446996989078,25.154064749193534
calibration,chronos2,vendor_covariate,14,2.1952093357658042,0.10971937589638878,3.3123146357401363,0.16802928075904833,4421,2438,16.814898327660515,28.429717387674014,14.61968899189471,25.117402751933877
calibration,chronos2,vendor_covariate,15,1.9947025342323046,0.11167044798052615,2.9946517160890522,0.17327485866179018,4421,2430,16.76356920010082,28.378785443384153,14.768866665868517,25.3841337272951
calibration,chronos2,vendor_covariate,16,1.7916356185170974,0.10546599272125584,2.6694734560548032,0.15828285723013963,4421,2430,16.787490765122655,28.408209276472988,14.995855146605557,25.738735820418185
calibration,chronos2,vendor_covariate,17,3.144928165796358,0.12121567587604973,4.512181598561291,0.18234519610263022,4421,2430,16.81542800963401,28.448163873118965,13.670499843837653,23.935982274557674
calibration,chronos2,vendor_covariate,18,2.6658737644489143,0.10785394596504753,3.7859734340950295,0.17143344387156373,4421,2430,16.837328463355895,28.47986679535911,14.171454698906981,24.69389336126408
calibration,chronos2,vendor_covariate,19,2.4767330268259315,0.12051013262216419,3.5355609714249034,0.1915345379354427,4421,2430,16.85450965184888,28.505293567031007,14.377776625022948,24.969732595606104
calibration,chronos2,vendor_covariate,20,2.0332222762375434,0.10980855135897366,2.8379878114390977,0.17551083062851602,4421,2431,16.870762657110873,28.51924850488429,14.83754038087333,25.68126069344519
calibration,chronos2,vendor_covariate,21,2.128052702587746,0.1279072360633433,2.990345309319527,0.2083824368698237,4421,2431,16.88137627331911,28.5362002854609,14.753323570731363,25.545854976141374
calibration,chronos2,vendor_covariate,22,2.371834817783053,0.09707319264659739,3.3666632226177926,0.15100604010261284,4421,2431,16.889719546335,28.550243451159083,14.517884728551948,25.18358022854129
calibration,chronos2,vendor_covariate,23,2.381698866428298,0.10626622863064397,3.405990807488576,0.16413805208544632,4421,2431,16.896286426436998,28.561994628317223,14.5145875600087,25.156003820828648
calibration,chronos2,vendor_covariate,24,2.5814277206702814,0.11679233959056923,3.7016456731093617,0.1831250996924774,4421,2431,16.90393906442228,28.576393859175923,14.322511343751998,24.87474818606656
calibration,chronos2,vendor_covariate,25,2.1207309207941996,0.09864022975433037,2.890395862214429,0.14861598318918837,4421,2577,16.887257509767778,27.160183066988033,14.766526588973578,24.269787204773603
calibration,chronos2,vendor_covariate,26,2.3739321812105536,0.09305098039891185,2.853352601667267,0.11101685564567111,4421,3400,17.181246846646445,21.692450097873884,14.807314665435891,18.839097496206616
calibration,chronos2,vendor_covariate,27,3.3780210607072028,0.08859356353698122,3.9724815323628775,0.10257038847885741,4421,3589,17.669913169870544,21.29954728575087,14.29189210916334,17.32706575338799
calibration,chronos2,vendor_covariate,28,4.667544073769094,0.07400497430645492,5.459995536703504,0.08396360452510283,4421,3663,20.888985347960794,24.80817719591855,16.2214412741917,19.348181659215044
calibration,chronos2,vendor_covariate,29,8.497593265040368,0.0986709077047229,9.190644893723785,0.10685116058613038,4421,4061,25.491065776702936,27.54122764590757,16.993472511662567,18.350582752183783
calibration,chronos2,vendor_covariate,30,16.105843539671568,0.12038114361249429,16.958368325280148,0.12749967149147384,4421,4188,29.20099733797416,30.676514017553675,13.095153798302594,13.718145692273527
calibration,chronos2,vendor_covariate,31,27.085383261932247,0.2211686976361158,27.398990650400915,0.22421052366242006,4421,4368,34.63211351921285,35.03659105087124,7.546730257280604,7.637600400470323
calibration,chronos2,vendor_covariate,32,39.849435086638394,0.2624980377394119,39.849435086638394,0.2624980377394119,4421,4421,66.80587980491269,66.80587980491269,26.956444718274298,26.956444718274298
calibration,chronos2,vendor_covariate,33,50.81529449050253,0.2335077073784515,50.81529449050253,0.2335077073784515,4421,4421,78.45453795118124,78.45453795118124,27.639243460678706,27.639243460678706
calibration,chronos2,vendor_covariate,34,62.72515938472608,0.29978973925555935,62.72515938472608,0.29978973925555935,4421,4421,89.64284663784257,89.64284663784257,26.917687253116483,26.917687253116483
calibration,chronos2,vendor_covariate,35,73.67070914837208,0.4306793073704169,73.67070914837208,0.4306793073704169,4421,4421,98.10740144459922,98.10740144459922,24.436692296227136,24.436692296227136
calibration,chronos2,vendor_covariate,36,83.55121875697613,0.5055481469964054,83.55121875697613,0.5055481469964054,4421,4421,103.94070299847729,103.94070299847729,20.389484241501165,20.389484241501165
calibration,chronos2,vendor_covariate,37,89.91937750938786,0.5693019893543914,89.91937750938786,0.5693019893543914,4421,4421,109.8088700548145,109.8088700548145,19.88949254542665,19.88949254542665
calibration,chronos2,vendor_covariate,38,99.78028832830563,0.5237506532719115,99.78028832830563,0.5237506532719115,4421,4421,115.53857541259052,115.53857541259052,15.758287084284888,15.758287084284888
calibration,chronos2,vendor_covariate,39,101.6390807882526,0.5364523762417714,101.6390807882526,0.5364523762417714,4421,4421,125.79071585901269,125.79071585901269,24.151635070760094,24.151635070760094
calibration,chronos2,vendor_covariate,40,99.69948800506853,0.5285293083259935,99.69948800506853,0.5285293083259935,4421,4421,123.35216320438272,123.35216320438272,23.65267519931419,23.65267519931419
calibration,chronos2,vendor_covariate,41,110.70254476374136,0.49527848976814515,110.70254476374136,0.49527848976814515,4421,4421,140.97391874667065,140.97391874667065,30.27137398292929,30.27137398292929
calibration,chronos2,vendor_covariate,42,120.58400902815048,0.740077453634213,120.58400902815048,0.740077453634213,4421,4421,166.8081564590035,166.8081564590035,46.22414743085302,46.22414743085302
calibration,chronos2,vendor_covariate,43,135.505925009736,0.6219736045323215,135.505925009736,0.6219736045323215,4421,4421,185.7610243765363,185.7610243765363,50.25509936680032,50.25509936680032
calibration,chronos2,vendor_covariate,44,132.7373156223155,0.7217387610050141,132.7373156223155,0.7217387610050141,4421,4421,168.50296013637893,168.50296013637893,35.76564451406344,35.76564451406344
calibration,chronos2,vendor_covariate,45,127.15078158707549,0.732601311907663,127.15078158707549,0.732601311907663,4421,4421,177.77538661662766,177.77538661662766,50.62460502955217,50.62460502955217
calibration,chronos2,vendor_covariate,46,130.11569003352054,0.7564999942353587,130.11569003352054,0.7564999942353587,4421,4421,180.9411893935423,180.9411893935423,50.82549936002175,50.82549936002175
calibration,chronos2,vendor_covariate,47,139.40260887088866,0.8732232499412202,139.40260887088866,0.8732232499412202,4421,4421,192.74011033896278,192.74011033896278,53.33750146807412,53.33750146807412
calibration,chronos2,vendor_covariate,48,133.9155507646417,0.7940781367273816,133.9155507646417,0.7940781367273816,4421,4421,193.48266495855177,193.48266495855177,59.56711419391007,59.56711419391007
calibration,chronos2,vendor_covariate,49,131.31128192758635,0.9622159178057479,131.31128192758635,0.9622159178057479,4421,4421,189.28935227305703,189.28935227305703,57.978070345470684,57.978070345470684
calibration,chronos2,vendor_covariate,50,142.01268478031983,1.119621867852233,142.01268478031983,1.119621867852233,4421,4421,210.4888387822058,210.4888387822058,68.47615400188596,68.47615400188596
calibration,chronos2,vendor_covariate,51,147.38156122549378,1.2346571275301552,147.38156122549378,1.2346571275301552,4421,4421,214.105955708852,214.105955708852,66.72439448335822,66.72439448335822
calibration,chronos2,vendor_covariate,52,139.50461765855854,0.9195935418831819,139.50461765855854,0.9195935418831819,4421,4421,192.64075356112485,192.64075356112485,53.13613590256631,53.13613590256631
calibration,chronos2,vendor_covariate,53,149.62474160004274,0.8097571488677245,149.62474160004274,0.8097571488677245,4421,4421,189.11893813371628,189.11893813371628,39.494196533673545,39.494196533673545
calibration,chronos2,vendor_covariate,54,149.14143412853124,0.9528065666524668,149.14143412853124,0.9528065666524668,4421,4421,198.23071634282735,198.23071634282735,49.089282214296105,49.089282214296105
calibration,chronos2,vendor_covariate,55,141.0069962308195,1.0187997546751884,141.0069962308195,1.0187997546751884,4421,4421,187.5455271424201,187.5455271424201,46.53853091160059,46.53853091160059
calibration,chronos2,vendor_covariate,56,137.52360540977116,0.9539288869180411,137.52360540977116,0.9539288869180411,4421,4421,190.38240284251427,190.38240284251427,52.8587974327431,52.8587974327431
calibration,chronos2,vendor_covariate,57,148.93883246761064,0.7072876515748456,148.93883246761064,0.7072876515748456,4421,4421,192.35393751460913,192.35393751460913,43.41510504699849,43.41510504699849
calibration,chronos2,vendor_covariate,58,144.56825410324916,0.6015697471376886,144.56825410324916,0.6015697471376886,4421,4421,193.5117003812668,193.5117003812668,48.94344627801763,48.94344627801763
calibration,chronos2,vendor_covariate,59,146.26519067174178,0.7412824879939074,146.26519067174178,0.7412824879939074,4421,4421,189.62855299441256,189.62855299441256,43.36336232267078,43.36336232267078
calibration,chronos2,vendor_covariate,60,151.40077805300018,0.7153201221750479,151.40077805300018,0.7153201221750479,4421,4421,202.80569312862843,202.80569312862843,51.40491507562825,51.40491507562825
calibration,chronos2,vendor_covariate,61,137.6411434223724,0.7196754689034996,137.6411434223724,0.7196754689034996,4421,4421,190.45491967886161,190.45491967886161,52.813776256489206,52.813776256489206
calibration,chronos2,vendor_covariate,62,131.42118499648805,0.6546215767546807,131.42118499648805,0.6546215767546807,4421,4421,177.89389022557646,177.89389022557646,46.472705229088405,46.472705229088405
calibration,chronos2,vendor_covariate,63,125.24589051842332,0.5454028853509736,125.24589051842332,0.5454028853509736,4421,4421,168.20520055448998,168.20520055448998,42.959310036066654,42.959310036066654
calibration,chronos2,vendor_covariate,64,116.4738072790631,0.7407735810659243,116.4738072790631,0.7407735810659243,4421,4421,168.9520660095516,168.9520660095516,52.478258730488506,52.478258730488506
calibration,chronos2,vendor_covariate,65,98.79327249849455,0.7903797780968264,98.79327249849455,0.7903797780968264,4421,4421,145.93593130202143,145.93593130202143,47.142658803526885,47.142658803526885
calibration,chronos2,vendor_covariate,66,91.30604374611882,0.5403454444670319,91.30604374611882,0.5403454444670319,4421,4421,124.14743241898967,124.14743241898967,32.84138867287085,32.84138867287085
calibration,chronos2,vendor_covariate,67,86.35769846266082,0.5404773415757416,86.3771808504502,0.5405987576542695,4421,4420,114.62394702488889,114.64978185471787,28.26624856222807,28.27260100426767
calibration,chronos2,vendor_covariate,68,72.82713729338339,0.4944164469014233,73.07987941144654,0.4962527852169878,4421,4405,113.48254706186205,113.88934479785891,40.65540976847866,40.80946538641237
calibration,chronos2,vendor_covariate,69,60.02399432861708,0.474105443537425,60.39583303362643,0.4772450245973782,4421,4393,94.16922557935234,94.7516210670602,34.145231250735264,34.35578803343377
calibration,chronos2,vendor_covariate,70,50.437684003913176,0.41274091896092663,51.448691871803355,0.42023186814651403,4421,4330,85.38093097279284,87.12334302623431,34.94324696887966,35.674651154430954
calibration,chronos2,vendor_covariate,71,36.6608889310064,0.2985615310215654,37.60578470351239,0.3056023008618678,4421,4306,75.89158274564834,77.83365822636902,39.23069381464194,40.22787352285663
calibration,chronos2,vendor_covariate,72,29.705349531993093,0.22102749201459793,30.488749002477157,0.22661209824014672,4421,4304,58.155860990807994,59.63835871673493,28.4505114588149,29.14960971425777
calibration,chronos2,vendor_covariate,73,24.66580493688403,0.19023214654293802,25.33987424442266,0.19522857619789638,4421,4299,37.563816895249204,38.52963926363801,12.898011958365174,13.18976501921535
calibration,chronos2,vendor_covariate,74,17.575059381547664,0.0992164446562221,18.093627771218447,0.10149437196287318,4421,4288,26.324179236145994,27.031760693216086,8.74911985459833,8.938132921997639
calibration,chronos2,vendor_covariate,75,13.581886487807893,0.09397066514483168,14.22149677848659,0.09750428121404282,4421,4204,25.452399332575467,26.591074761844524,11.870512844767575,12.369577983357933
calibration,chronos2,vendor_covariate,76,10.047292231374712,0.09071366581946357,10.870469974948811,0.0944785803347112,4421,4021,22.76121085563576,24.717434383080025,12.713918624261048,13.846964408131214
calibration,chronos2,vendor_covariate,77,7.380154689661056,0.1254945976789022,8.0320812752443,0.132621893365348,4421,3998,19.89507463423583,21.67679330075036,12.514919944574773,13.644712025506061
calibration,chronos2,vendor_covariate,78,5.403197555367699,0.13252389991820077,5.889135964469484,0.13977455005186898,4421,3985,18.271013981564266,19.941762458234788,12.867816426196567,14.052626493765302
calibration,chronos2,vendor_covariate,79,4.114240792769331,0.15415914829904953,4.627080433633972,0.16477730553273845,4421,3710,17.471994549441806,20.41670144715295,13.357753756672476,15.789621013518978
calibration,chronos2,vendor_covariate,80,3.701409501627082,0.17304222924918633,4.257808960466499,0.19518391019342554,4421,3548,17.11436548530551,20.775484814242215,13.412955983678426,16.517675853775717
calibration,chronos2,vendor_covariate,81,1.9434375897697627,0.11097554371078246,2.3560108112724847,0.13882573520031552,4421,3245,16.768614052564413,22.02190106094787,14.82517646279465,19.665890249675385
calibration,chronos2,vendor_covariate,82,1.7771620680322464,0.08787383377780038,2.382791347861774,0.12354151020237662,4421,2746,16.74208499272602,25.7196089886206,14.964922924693774,23.336817640758824
calibration,chronos2,vendor_covariate,83,1.5229318330419745,0.1000392158191202,2.2026639714575564,0.16014240989657746,4421,2476,16.947917850596887,28.34351256506986,15.424986017554913,26.140848593612304
calibration,chronos2,vendor_covariate,84,1.5600020118332427,0.09719347325316303,2.2874507269741575,0.150072281174729,4421,2430,17.07054923747576,28.86864257450043,15.510547225642517,26.581191847526274
calibration,chronos2,vendor_covariate,85,1.7166640168265286,0.09514452084241234,2.5535538073675133,0.13954297703868512,4421,2430,16.95631256179335,28.658469521683937,15.23964854496682,26.104915714316423
calibration,chronos2,vendor_covariate,86,1.532287541246878,0.09092544222241652,2.2485057611033747,0.13892417821129538,4421,2430,16.956322121376772,28.658321258718523,15.424034580129893,26.40981549761515
calibration,chronos2,vendor_covariate,87,1.7104292217894017,0.09128779759977908,2.5471658460152002,0.1415914720358361,4421,2430,16.95637520467632,28.65827123434532,15.245945982886917,26.11110538833012
calibration,chronos2,vendor_covariate,88,1.823256511408882,0.09582545005686209,2.732112664842802,0.1458856587447661,4421,2430,16.956405033916898,28.65819959773916,15.133148522508016,25.926086932896357
calibration,chronos2,vendor_covariate,89,1.742077676601686,0.09482815357590407,2.668346408046322,0.14643603199571492,4421,2430,16.95646597347155,28.658206140062553,15.214388296869862,25.98985973201623
calibration,chronos2,vendor_covariate,90,1.6329267860213925,0.07256340400890149,2.484440070930332,0.11445787776668971,4421,2430,16.956436101265,28.658069278627114,15.323509315243605,26.17362920769678
calibration,chronos2,vendor_covariate,91,1.7191708168948945,0.07922143633971222,2.619139102260762,0.12250985095778989,4421,2430,16.956479923453468,28.65808790441135,15.237309106558573,26.038948802150585
calibration,chronos2,vendor_covariate,92,1.8913736078324455,0.11179147777626906,2.853673175921656,0.1725806129648201,4421,2430,16.95651162596314,28.65810498357693,15.065138018130696,25.804431807655273
calibration,chronos2,vendor_covariate,93,2.035213820482913,0.09465238330063568,3.044698621510478,0.14102375669801093,4421,2430,16.956532035132675,28.658120641347267,14.921318214649762,25.61342201983679
calibration,chronos2,vendor_covariate,94,2.145856160056238,0.12707796727369827,3.204016356114988,0.2039081289032619,4421,2430,16.95654220055755,28.658135038613125,14.810686040501313,25.454118682498137
calibration,chronos2,vendor_covariate,95,1.997088502608012,0.09795974097343882,3.01927706846975,0.15067823801682084,4421,2430,16.956543303377668,28.65814829584472,14.959454800769656,25.638871227374967
calibration,chronos2,vendor_covariate,96,1.696333446874254,0.09942733111044985,2.5531451980518214,0.15342794286369588,4421,2430,16.95653654973202,28.65816040925352,15.260203102857767,26.105015211201696
calibration,moirai2,target_only,1,0.5576856309619913,0.2751798042571626,0.8573231841445828,0.4147878491392781,4421,2453,7.070552526361442,12.21761637544081,6.51286689539945,11.360293191296227
calibration,moirai2,target_only,2,0.4924969951391069,0.2544712929189935,0.7523842477293059,0.3898224064230013,4421,2453,11.375750641084512,19.61212226472781,10.883253645945405,18.859738016998502
calibration,moirai2,target_only,3,0.7061330467913649,0.3249749580138016,1.108382369214556,0.5113582182932298,4421,2453,12.769707679144641,21.851647077876805,12.063574632353276,20.74326470866225
calibration,moirai2,target_only,4,0.5879656797835469,0.2970505835906619,0.9322557773064785,0.4675799047920699,4421,2453,13.783442918220807,23.471694528742564,13.19547723843726,22.539438751436084
calibration,moirai2,target_only,5,0.6030340803996632,0.2679260975407198,0.9280529538639294,0.4188526606408247,4421,2453,14.525938889576702,24.65048831104177,13.922904809177039,23.72243535717784
calibration,moirai2,target_only,6,0.6755151307188535,0.2584815243026185,1.0518698204299497,0.40724501060376156,4421,2453,15.073397295831189,25.512682245020695,14.397882165112335,24.460812424590745
calibration,moirai2,target_only,7,0.6340766890479644,0.2120672599305292,0.9995457933731215,0.33159044372423485,4421,2453,15.479601540071647,26.146358281375875,14.845524851023683,25.14681248800275
calibration,moirai2,target_only,8,0.6835241657695037,0.20357525327086648,1.0881268911239113,0.31955977035712546,4421,2453,15.782806035034234,26.614267386222707,15.09928186926473,25.526140495098797
calibration,moirai2,target_only,9,0.6978340702671599,0.22416700027983832,1.0811376724517656,0.34283129314380933,4421,2453,16.01040348792528,26.961416760340708,15.312569417658121,25.88027908788894
calibration,moirai2,target_only,10,0.5791965967765706,0.20104801009190965,0.8946410501435592,0.3037999703860512,4421,2453,16.182125166985386,27.220258986322634,15.602928570208816,26.325617936179075
calibration,moirai2,target_only,11,0.551310713770334,0.22558431587673367,0.8283104864646195,0.34258195286967785,4421,2453,16.32354643135361,27.433179960781658,15.772235717583275,26.604869474317038
calibration,moirai2,target_only,12,0.6577274477156264,0.2722195319323934,0.9965669271975244,0.40038425827480556,4421,2430,16.58264245575883,28.117785434268125,15.924915008043204,27.1212185070706
calibration,moirai2,target_only,13,0.6166708719992039,0.2702593174926625,0.894833505803935,0.3877451446445035,4421,2430,16.658854363810374,28.2286134835072,16.04218349181117,27.333779977703266
calibration,moirai2,target_only,14,0.6514378592690281,0.2519654605582492,0.9761010857626066,0.3710456083694031,4421,2438,16.814898327660515,28.429717387674014,16.163460468391488,27.453616301911406
calibration,moirai2,target_only,15,0.6654171262759297,0.2488343960237525,1.0269106973567892,0.37390695591136325,4421,2430,16.76356920010082,28.378785443384153,16.09815207382489,27.351874746027363
calibration,moirai2,target_only,16,0.7006150538722089,0.25452969286238825,1.1084548088549695,0.3934167234078856,4421,2430,16.787490765122655,28.408209276472988,16.086875711250446,27.29975446761802
calibration,moirai2,target_only,17,0.6667371291961378,0.21280885527509477,1.0370646251510358,0.3285860808148954,4421,2430,16.81542800963401,28.448163873118965,16.148690880437872,27.41109924796793
calibration,moirai2,target_only,18,0.9689768982618314,0.29296243310651743,1.5177404469349107,0.45240567009508154,4421,2430,16.837328463355895,28.47986679535911,15.868351565094065,26.9621263484242
calibration,moirai2,target_only,19,0.9569662543519183,0.31230381847597033,1.5002134672270477,0.48587861366310636,4421,2430,16.85450965184888,28.505293567031007,15.89754339749696,27.00508009980396
calibration,moirai2,target_only,20,0.9828024988829567,0.29785213027085994,1.5654761455365298,0.48002986686108434,4421,2431,16.870762657110873,28.51924850488429,15.887960158227916,26.95377235934776
calibration,moirai2,target_only,21,0.9828428969044042,0.2967798296908934,1.5460571392853697,0.4732032205976819,4421,2431,16.88137627331911,28.5362002854609,15.898533376414704,26.99014314617553
calibration,moirai2,target_only,22,1.062820832906534,0.3517299833523106,1.6217611573178017,0.5532620804165358,4421,2431,16.889719546335,28.550243451159083,15.826898713428468,26.92848229384128
calibration,moirai2,target_only,23,1.11228564204064,0.34857790146212797,1.646066117393141,0.5432843314087424,4421,2431,16.896286426436998,28.561994628317223,15.784000784396358,26.915928510924083
calibration,moirai2,target_only,24,1.2650442051603417,0.35908947421414583,1.8232053822567187,0.567092308001309,4421,2431,16.90393906442228,28.576393859175923,15.638894859261937,26.753188476919203
calibration,moirai2,target_only,25,1.4998654511191631,0.44515382205565757,2.042131715284891,0.6677366614165797,4421,2577,16.887257509767778,27.160183066988033,15.387392058648615,25.11805135170314
calibration,moirai2,target_only,26,1.8132611957472666,0.4443119114660498,2.2216226557349983,0.554767437606652,4421,3400,17.181246846646445,21.692450097873884,15.367985650899179,19.470827442138887
calibration,moirai2,target_only,27,3.1138830833549673,0.5043599066166008,3.776868800877353,0.6083294161853838,4421,3589,17.669913169870544,21.29954728575087,14.556030086515577,17.522678484873516
calibration,moirai2,target_only,28,5.546590671494826,0.5818071261981596,6.568652105377476,0.6836706227187899,4421,3663,20.888985347960794,24.80817719591855,15.342394676465968,18.239525090541072
calibration,moirai2,target_only,29,11.557059081063713,0.5757778484988918,12.495827927251531,0.620419870495547,4421,4061,25.491065776702936,27.54122764590757,13.934006695639223,15.045399718656038
calibration,moirai2,target_only,30,21.029866087796453,0.7525136957627916,22.062530824304826,0.797085003483319,4421,4188,29.20099733797416,30.676514017553675,8.171131250177709,8.613983193248849
calibration,moirai2,target_only,31,33.95384543765613,1.0878121141206814,34.28620510440935,1.0994753508378172,4421,4368,34.63211351921285,35.03659105087124,0.6782680815567232,0.7503859464618898
calibration,moirai2,target_only,32,49.84170804812309,1.7078874914276336,49.84170804812309,1.7078874914276336,4421,4421,66.80587980491269,66.80587980491269,16.964171756789604,16.964171756789604
calibration,moirai2,target_only,33,67.56146615880017,2.0588005976289665,67.56146615880017,2.0588005976289665,4421,4421,78.45453795118124,78.45453795118124,10.893071792381065,10.893071792381065
calibration,moirai2,target_only,34,89.20179495747645,2.335743561225655,89.20179495747645,2.335743561225655,4421,4421,89.64284663784257,89.64284663784257,0.4410516803661153,0.4410516803661153
calibration,moirai2,target_only,35,107.92818485346615,3.117359558500869,107.92818485346615,3.117359558500869,4421,4421,98.10740144459922,98.10740144459922,-9.82078340886693,-9.82078340886693
calibration,moirai2,target_only,36,129.1054655754531,3.4142340713488224,129.1054655754531,3.4142340713488224,4421,4421,103.94070299847729,103.94070299847729,-25.164762576975818,-25.164762576975818
calibration,moirai2,target_only,37,144.41730712250535,4.0972029874220235,144.41730712250535,4.0972029874220235,4421,4421,109.8088700548145,109.8088700548145,-34.60843706769084,-34.60843706769084
calibration,moirai2,target_only,38,160.37713255987038,4.741133511113168,160.37713255987038,4.741133511113168,4421,4421,115.53857541259052,115.53857541259052,-44.83855714727986,-44.83855714727986
calibration,moirai2,target_only,39,177.87385006654537,4.018889284783196,177.87385006654537,4.018889284783196,4421,4421,125.79071585901269,125.79071585901269,-52.08313420753268,-52.08313420753268
calibration,moirai2,target_only,40,189.33278910814516,3.935185262610378,189.33278910814516,3.935185262610378,4421,4421,123.35216320438272,123.35216320438272,-65.98062590376244,-65.98062590376244
calibration,moirai2,target_only,41,193.86960363599016,4.397122777786607,193.86960363599016,4.397122777786607,4421,4421,140.97391874667065,140.97391874667065,-52.89568488931951,-52.89568488931951
calibration,moirai2,target_only,42,210.4506214855689,5.087288244185915,210.4506214855689,5.087288244185915,4421,4421,166.8081564590035,166.8081564590035,-43.64246502656539,-43.64246502656539
calibration,moirai2,target_only,43,213.6544827101178,5.381821712468498,213.6544827101178,5.381821712468498,4421,4421,185.7610243765363,185.7610243765363,-27.893458333581492,-27.893458333581492
calibration,moirai2,target_only,44,221.7907752584919,5.033895679973239,221.7907752584919,5.033895679973239,4421,4421,168.50296013637893,168.50296013637893,-53.28781512211296,-53.28781512211296
calibration,moirai2,target_only,45,220.97255740350778,4.967145032087236,220.97255740350778,4.967145032087236,4421,4421,177.77538661662766,177.77538661662766,-43.19717078688012,-43.19717078688012
calibration,moirai2,target_only,46,228.74748649526322,4.511113194510795,228.74748649526322,4.511113194510795,4421,4421,180.9411893935423,180.9411893935423,-47.80629710172093,-47.80629710172093
calibration,moirai2,target_only,47,246.3135627707629,4.54111550735252,246.3135627707629,4.54111550735252,4421,4421,192.74011033896278,192.74011033896278,-53.57345243180012,-53.57345243180012
calibration,moirai2,target_only,48,240.40031024139418,5.094975742932894,240.40031024139418,5.094975742932894,4421,4421,193.48266495855177,193.48266495855177,-46.917645282842415,-46.917645282842415
calibration,moirai2,target_only,49,239.72260367988625,5.24194488439631,239.72260367988625,5.24194488439631,4421,4421,189.28935227305703,189.28935227305703,-50.433251406829214,-50.433251406829214
calibration,moirai2,target_only,50,233.68941483316854,5.740668593007522,233.68941483316854,5.740668593007522,4421,4421,210.4888387822058,210.4888387822058,-23.200576050962752,-23.200576050962752
calibration,moirai2,target_only,51,239.69257967121388,6.711070437462818,239.69257967121388,6.711070437462818,4421,4421,214.105955708852,214.105955708852,-25.58662396236187,-25.58662396236187
calibration,moirai2,target_only,52,234.3253134015845,7.243916567490721,234.3253134015845,7.243916567490721,4421,4421,192.64075356112485,192.64075356112485,-41.684559840459656,-41.684559840459656
calibration,moirai2,target_only,53,228.46607905957399,7.396982685803704,228.46607905957399,7.396982685803704,4421,4421,189.11893813371628,189.11893813371628,-39.3471409258577,-39.3471409258577
calibration,moirai2,target_only,54,221.95170232825643,6.294034091394724,221.95170232825643,6.294034091394724,4421,4421,198.23071634282735,198.23071634282735,-23.72098598542908,-23.72098598542908
calibration,moirai2,target_only,55,217.4064679104227,6.174358598210807,217.4064679104227,6.174358598210807,4421,4421,187.5455271424201,187.5455271424201,-29.860940768002592,-29.860940768002592
calibration,moirai2,target_only,56,217.17343408121465,6.893039460284015,217.17343408121465,6.893039460284015,4421,4421,190.38240284251427,190.38240284251427,-26.791031238700384,-26.791031238700384
calibration,moirai2,target_only,57,224.64498083669213,6.062303841172156,224.64498083669213,6.062303841172156,4421,4421,192.35393751460913,192.35393751460913,-32.291043322083,-32.291043322083
calibration,moirai2,target_only,58,219.97499278652327,5.2044750242917575,219.97499278652327,5.2044750242917575,4421,4421,193.5117003812668,193.5117003812668,-26.46329240525648,-26.46329240525648
calibration,moirai2,target_only,59,204.6239331377861,6.4234445422381246,204.6239331377861,6.4234445422381246,4421,4421,189.62855299441256,189.62855299441256,-14.995380143373552,-14.995380143373552
calibration,moirai2,target_only,60,197.29329325896543,4.976761997410333,197.29329325896543,4.976761997410333,4421,4421,202.80569312862843,202.80569312862843,5.512399869663,5.512399869663
calibration,moirai2,target_only,61,187.3541497181012,4.712048754193649,187.3541497181012,4.712048754193649,4421,4421,190.45491967886161,190.45491967886161,3.1007699607604025,3.1007699607604025
calibration,moirai2,target_only,62,180.61246998484984,3.7480660616457673,180.61246998484984,3.7480660616457673,4421,4421,177.89389022557646,177.89389022557646,-2.718579759273382,-2.718579759273382
calibration,moirai2,target_only,63,180.68672720779466,3.8985268717479733,180.68672720779466,3.8985268717479733,4421,4421,168.20520055448998,168.20520055448998,-12.481526653304684,-12.481526653304684
calibration,moirai2,target_only,64,162.4644233115034,4.184454393885001,162.4644233115034,4.184454393885001,4421,4421,168.9520660095516,168.9520660095516,6.487642698048205,6.487642698048205
calibration,moirai2,target_only,65,145.46475834837642,3.9367286702245896,145.46475834837642,3.9367286702245896,4421,4421,145.93593130202143,145.93593130202143,0.47117295364500933,0.47117295364500933
calibration,moirai2,target_only,66,131.33197016933354,4.24084771966589,131.33197016933354,4.24084771966589,4421,4421,124.14743241898967,124.14743241898967,-7.184537750343878,-7.184537750343878
calibration,moirai2,target_only,67,120.99763445018837,3.693667910873569,121.02463808570214,3.694487425648745,4421,4420,114.62394702488889,114.64978185471787,-6.3736874252994795,-6.374856230984264
calibration,moirai2,target_only,68,103.1390863554174,3.0544224738629944,103.30958452543167,3.046976764381926,4421,4405,113.48254706186205,113.88934479785891,10.343460706444645,10.579760272427237
calibration,moirai2,target_only,69,85.93617249235096,2.8955916725411748,86.30933454700816,2.895119595044986,4421,4393,94.16922557935234,94.7516210670602,8.23305308700138,8.442286520052036
calibration,moirai2,target_only,70,67.35223954936455,2.5538118404615466,68.53334501488307,2.58242028551608,4421,4330,85.38093097279284,87.12334302623431,18.028691423428285,18.58999801135124
calibration,moirai2,target_only,71,50.2220630608834,2.382576395086664,51.3922200515653,2.424613183683243,4421,4306,75.89158274564834,77.83365822636902,25.669519684764936,26.44143817480372
calibration,moirai2,target_only,72,42.48486660926381,2.2773243309041424,43.507103968895414,2.322108961263361,4421,4304,58.155860990807994,59.63835871673493,15.670994381544183,16.131254747839513
calibration,moirai2,target_only,73,36.37301962051033,1.8222683685583552,37.27378509958474,1.8549255455132305,4421,4299,37.563816895249204,38.52963926363801,1.1907972747388769,1.255854164053268
calibration,moirai2,target_only,74,25.31085378818974,1.5319059150821548,25.98812593177218,1.5629651112383596,4421,4288,26.324179236145994,27.031760693216086,1.0133254479562552,1.0436347614439043
calibration,moirai2,target_only,75,22.169086957580834,1.5912772961575206,23.03647813348757,1.6419090808071406,4421,4204,25.452399332575467,26.591074761844524,3.283312374994633,3.554596628356954
calibration,moirai2,target_only,76,16.258048468162446,1.5050765290340797,17.22204230590624,1.587654817666061,4421,4021,22.76121085563576,24.717434383080025,6.5031623874733135,7.495392077173786
calibration,moirai2,target_only,77,14.507605945868393,1.4614235877596624,15.509538411653816,1.5540331927767659,4421,3998,19.89507463423583,21.67679330075036,5.387468688367436,6.1672548890965455
calibration,moirai2,target_only,78,12.103314977373461,1.3615480877949944,13.027221236780836,1.4518727463402226,4421,3985,18.271013981564266,19.941762458234788,6.167699004190805,6.914541221453952
calibration,moirai2,target_only,79,10.729722749681697,1.3151984564139612,12.003237923830271,1.4536108103820653,4421,3710,17.471994549441806,20.41670144715295,6.742271799760109,8.413463523322678
calibration,moirai2,target_only,80,11.804542722796663,1.461114169817459,13.59672534852126,1.666709268492253,4421,3548,17.11436548530551,20.775484814242215,5.309822762508846,7.178759465720956
calibration,moirai2,target_only,81,9.804936443996436,1.2573687924328778,11.871450472697084,1.5142511734538293,4421,3245,16.768614052564413,22.02190106094787,6.963677608567977,10.150450588250784
calibration,moirai2,target_only,82,8.613349698363786,1.2742854026121608,11.364680320730312,1.7150788931313359,4421,2746,16.74208499272602,25.7196089886206,8.128735294362235,14.354928667890288
calibration,moirai2,target_only,83,7.345454691728477,1.2438212794294978,10.444593105754558,1.7890601703854196,4421,2476,16.947917850596887,28.34351256506986,9.60246315886841,17.8989194593153
calibration,moirai2,target_only,84,4.7848747640547336,1.0125306160042977,7.075082473510324,1.488143316506281,4421,2430,17.07054923747576,28.86864257450043,12.285674473421025,21.793560100990106
calibration,moirai2,target_only,85,4.000287803096284,0.9764154876034001,5.997686588792743,1.446192882190558,4421,2430,16.95631256179335,28.658469521683937,12.956024758697065,22.660782932891195
calibration,moirai2,target_only,86,5.2770971511972,1.0060607969702327,8.084643632903266,1.5264994610940255,4421,2430,16.956322121376772,28.658321258718523,11.679224970179572,20.573677625815257
calibration,moirai2,target_only,87,4.7185528103298635,0.937862000306157,7.213829606131233,1.4130641324247268,4421,2430,16.95637520467632,28.65827123434532,12.237822394346455,21.444441628214086
calibration,moirai2,target_only,88,6.047888374588587,0.8949412638703791,9.123337579481188,1.3486392525117925,4421,2430,16.956405033916898,28.65819959773916,10.90851665932831,19.53486201825797
calibration,moirai2,target_only,89,3.7787558820312035,0.737476074742047,5.947801828724926,1.1310602410976327,4421,2430,16.95646597347155,28.658206140062553,13.177710091440344,22.710404311337626
calibration,moirai2,target_only,90,5.086385773477671,0.771478074289633,7.721231438760136,1.181109633552401,4421,2430,16.956436101265,28.658069278627114,11.870050327787327,20.93683783986698
calibration,moirai2,target_only,91,7.43143162007716,0.9570053776433077,11.254502594172227,1.4653868091364737,4421,2430,16.956479923453468,28.65808790441135,9.525048303376309,17.403585310239123
calibration,moirai2,target_only,92,7.183533195561243,0.9414712515017154,10.697017625569071,1.4598585319713253,4421,2430,16.95651162596314,28.65810498357693,9.7729784304019,17.96108735800786
calibration,moirai2,target_only,93,7.0510314138434715,0.9831093760968672,10.517448000494896,1.5060212947199447,4421,2430,16.956532035132675,28.658120641347267,9.905500621289203,18.140672640852372
calibration,moirai2,target_only,94,7.082582795298899,1.1081278496525115,10.81628135658241,1.6945409440457968,4421,2430,16.95654220055755,28.658135038613125,9.87395940525865,17.841853682030717
calibration,moirai2,target_only,95,8.260551638895125,1.2015281047984996,12.874022479770598,1.8382073167738455,4421,2430,16.956543303377668,28.65814829584472,8.695991664482543,15.78412581607412
calibration,moirai2,target_only,96,6.918316215899004,1.347116436556743,10.863585098021867,2.071773924075371,4421,2430,16.95653654973202,28.65816040925352,10.038220333833017,17.794575311231654
calibration,moirai2,vendor_covariate,1,0.8715107674455974,0.42937077031308335,1.29549848582155,0.6484866400956275,4421,2453,7.070552526361442,12.21761637544081,6.199041758915844,10.92211788961926
calibration,moirai2,vendor_covariate,2,0.746551773577214,0.40918604427577343,1.1481784897441774,0.6354649371355493,4421,2453,11.375750641084512,19.61212226472781,10.629198867507299,18.463943774983633
calibration,moirai2,vendor_covariate,3,0.7550866984439525,0.34558060212295094,1.1710062030461694,0.5317700388579398,4421,2453,12.769707679144641,21.851647077876805,12.01462098070069,20.680640874830637
calibration,moirai2,vendor_covariate,4,0.941942088560649,0.37654124889279234,1.5102297073828703,0.5905621108964938,4421,2453,13.783442918220807,23.471694528742564,12.841500829660157,21.961464821359694
calibration,moirai2,vendor_covariate,5,0.8347591504032811,0.31120416930545336,1.2871483618544763,0.4702431685955147,4421,2453,14.525938889576702,24.65048831104177,13.691179739173421,23.363339949187292
calibration,moirai2,vendor_covariate,6,0.9341227998173609,0.38262164980000996,1.4725797969084764,0.5891628470983482,4421,2453,15.073397295831189,25.512682245020695,14.139274496013828,24.04010244811222
calibration,moirai2,vendor_covariate,7,0.9485939954753916,0.3622754427021808,1.4878472737529915,0.5526249999855967,4421,2453,15.479601540071647,26.146358281375875,14.531007544596255,24.658511007622884
calibration,moirai2,vendor_covariate,8,0.9617579270130442,0.35679301467546654,1.5087454583122963,0.5466186005026579,4421,2453,15.782806035034234,26.614267386222707,14.82104810802119,25.10552192791041
calibration,moirai2,vendor_covariate,9,0.9920059408095762,0.383865743281278,1.535573682546101,0.5870433417084466,4421,2453,16.01040348792528,26.961416760340708,15.018397547115704,25.425843077794607
calibration,moirai2,vendor_covariate,10,0.855095176533596,0.3407878434779774,1.296281344172505,0.5084445043909197,4421,2453,16.182125166985386,27.220258986322634,15.327029990451791,25.923977642150128
calibration,moirai2,vendor_covariate,11,0.7347607713829436,0.29294814676439096,1.0854662419039933,0.4384063866937838,4421,2453,16.32354643135361,27.433179960781658,15.588785659970666,26.347713718877664
calibration,moirai2,vendor_covariate,12,0.9337551464427623,0.3486479811761661,1.4293228472066433,0.5283071990403572,4421,2430,16.58264245575883,28.117785434268125,15.648887309316068,26.688462587061483
calibration,moirai2,vendor_covariate,13,0.8841326026006178,0.3090697492628284,1.34425308431991,0.46697503974020765,4421,2430,16.658854363810374,28.2286134835072,15.774721761209756,26.88436039918729
calibration,moirai2,vendor_covariate,14,0.9684706480683388,0.27140564168769005,1.5077394727643334,0.40830783973654594,4421,2438,16.814898327660515,28.429717387674014,15.846427679592177,26.921977914909682
calibration,moirai2,vendor_covariate,15,1.1344887389052773,0.39322890327678556,1.741061982665678,0.5862404310799766,4421,2430,16.76356920010082,28.378785443384153,15.629080461195544,26.637723460718476
calibration,moirai2,vendor_covariate,16,1.1874764328550136,0.43226130496825454,1.8343853382016027,0.6716509440801433,4421,2430,16.787490765122655,28.408209276472988,15.60001433226764,26.573823938271385
calibration,moirai2,vendor_covariate,17,1.0678821470266864,0.33943504476300723,1.580728022356458,0.5010931203736049,4421,2430,16.81542800963401,28.448163873118965,15.747545862607325,26.867435850762508
calibration,moirai2,vendor_covariate,18,1.3495454719188094,0.37906050530659147,2.003633430915565,0.5585396998195431,4421,2430,16.837328463355895,28.47986679535911,15.487782991437086,26.476233364443548
calibration,moirai2,vendor_covariate,19,1.3576668597052095,0.42247574604373267,1.9793917255897187,0.6241259702438058,4421,2430,16.85450965184888,28.505293567031007,15.496842792143669,26.52590184144129
calibration,moirai2,vendor_covariate,20,1.3626696305193342,0.4223158714214628,2.0103099019914783,0.6445696480391708,4421,2431,16.870762657110873,28.51924850488429,15.508093026591538,26.508938602892812
calibration,moirai2,vendor_covariate,21,1.3206854140292617,0.4071179799373134,1.8700028907391457,0.6059954206667544,4421,2431,16.88137627331911,28.5362002854609,15.560690859289847,26.666197394721756
calibration,moirai2,vendor_covariate,22,1.5099596858446136,0.43804288503040056,2.0311932174009435,0.6249377439153986,4421,2431,16.889719546335,28.550243451159083,15.379759860490388,26.51905023375814
calibration,moirai2,vendor_covariate,23,1.2925487657505448,0.4176016151396559,1.6120218169837424,0.5821807503253609,4421,2431,16.896286426436998,28.561994628317223,15.603737660686452,26.94997281133348
calibration,moirai2,vendor_covariate,24,1.4952256832029915,0.4390257258789696,1.795898811015109,0.6278746615341219,4421,2431,16.90393906442228,28.576393859175923,15.408713381219286,26.780495048160812
calibration,moirai2,vendor_covariate,25,1.616189820850171,0.46663194760223015,1.8471448796929881,0.6374970238943577,4421,2577,16.887257509767778,27.160183066988033,15.271067688917608,25.313038187295046
calibration,moirai2,vendor_covariate,26,1.654780802367359,0.4076244806263092,1.9293196565937443,0.4890225877642701,4421,3400,17.181246846646445,21.692450097873884,15.526466044279086,19.76313044128014
calibration,moirai2,vendor_covariate,27,2.5681254749394453,0.37793393508406137,3.041221480912662,0.43566067651707124,4421,3589,17.669913169870544,21.29954728575087,15.101787694931097,18.258325804838208
calibration,moirai2,vendor_covariate,28,5.018280231505482,0.35397101689803073,5.924098332812873,0.39409583443588514,4421,3663,20.888985347960794,24.80817719591855,15.870705116455312,18.884078863105678
calibration,moirai2,vendor_covariate,29,12.017006849292422,0.4396485228620623,12.958744773621408,0.45293584928859737,4421,4061,25.491065776702936,27.54122764590757,13.474058927410514,14.58248287228616
calibration,moirai2,vendor_covariate,30,23.019083113738684,0.5285567395571916,24.101674734277946,0.5435834835028037,4421,4188,29.20099733797416,30.676514017553675,6.181914224235477,6.574839283275729
calibration,moirai2,vendor_covariate,31,36.83068903344453,0.6943365481267606,37.183542766396364,0.7101670655593546,4421,4368,34.63211351921285,35.03659105087124,-2.1985755142316776,-2.1469517155251268
calibration,moirai2,vendor_covariate,32,53.87636027071867,1.1427827453073374,53.87636027071867,1.1427827453073374,4421,4421,66.80587980491269,66.80587980491269,12.929519534194021,12.929519534194021
calibration,moirai2,vendor_covariate,33,74.37680828303317,1.2306257289368288,74.37680828303317,1.2306257289368288,4421,4421,78.45453795118124,78.45453795118124,4.077729668148066,4.077729668148066
calibration,moirai2,vendor_covariate,34,94.7093180641171,1.6473678207285158,94.7093180641171,1.6473678207285158,4421,4421,89.64284663784257,89.64284663784257,-5.066471426274532,-5.066471426274532
calibration,moirai2,vendor_covariate,35,112.41839345266281,2.20356401785668,112.41839345266281,2.20356401785668,4421,4421,98.10740144459922,98.10740144459922,-14.310992008063593,-14.310992008063593
calibration,moirai2,vendor_covariate,36,134.46659310770937,2.569536571851711,134.46659310770937,2.569536571851711,4421,4421,103.94070299847729,103.94070299847729,-30.52589010923208,-30.52589010923208
calibration,moirai2,vendor_covariate,37,149.24407014371587,3.79574182840161,149.24407014371587,3.79574182840161,4421,4421,109.8088700548145,109.8088700548145,-39.43520008890137,-39.43520008890137
calibration,moirai2,vendor_covariate,38,163.2122120308247,3.8254671899611017,163.2122120308247,3.8254671899611017,4421,4421,115.53857541259052,115.53857541259052,-47.673636618234184,-47.673636618234184
calibration,moirai2,vendor_covariate,39,177.69029501518278,4.7902928028187715,177.69029501518278,4.7902928028187715,4421,4421,125.79071585901269,125.79071585901269,-51.89957915617009,-51.89957915617009
calibration,moirai2,vendor_covariate,40,189.4376514904546,4.341629650772666,189.4376514904546,4.341629650772666,4421,4421,123.35216320438272,123.35216320438272,-66.0854882860719,-66.0854882860719
calibration,moirai2,vendor_covariate,41,194.05540674925834,4.5321730564333675,194.05540674925834,4.5321730564333675,4421,4421,140.97391874667065,140.97391874667065,-53.08148800258769,-53.08148800258769
calibration,moirai2,vendor_covariate,42,206.68277855341486,5.471281207203497,206.68277855341486,5.471281207203497,4421,4421,166.8081564590035,166.8081564590035,-39.874622094411365,-39.874622094411365
calibration,moirai2,vendor_covariate,43,212.62597929245368,5.934676919534588,212.62597929245368,5.934676919534588,4421,4421,185.7610243765363,185.7610243765363,-26.864954915917366,-26.864954915917366
calibration,moirai2,vendor_covariate,44,218.73791500961877,5.592467290893409,218.73791500961877,5.592467290893409,4421,4421,168.50296013637893,168.50296013637893,-50.23495487323984,-50.23495487323984
calibration,moirai2,vendor_covariate,45,222.78046065410047,5.358049105599198,222.78046065410047,5.358049105599198,4421,4421,177.77538661662766,177.77538661662766,-45.00507403747281,-45.00507403747281
calibration,moirai2,vendor_covariate,46,229.1126683861373,5.724565170631555,229.1126683861373,5.724565170631555,4421,4421,180.9411893935423,180.9411893935423,-48.17147899259501,-48.17147899259501
calibration,moirai2,vendor_covariate,47,245.79468983087162,5.641794003450185,245.79468983087162,5.641794003450185,4421,4421,192.74011033896278,192.74011033896278,-53.05457949190884,-53.05457949190884
calibration,moirai2,vendor_covariate,48,235.83495396468993,6.744801375555678,235.83495396468993,6.744801375555678,4421,4421,193.48266495855177,193.48266495855177,-42.352289006138164,-42.352289006138164
calibration,moirai2,vendor_covariate,49,234.490172608148,6.944819823512744,234.490172608148,6.944819823512744,4421,4421,189.28935227305703,189.28935227305703,-45.20082033509095,-45.20082033509095
calibration,moirai2,vendor_covariate,50,230.62460287609628,7.069180152850391,230.62460287609628,7.069180152850391,4421,4421,210.4888387822058,210.4888387822058,-20.135764093890486,-20.135764093890486
calibration,moirai2,vendor_covariate,51,239.3847575889244,7.569465005630471,239.3847575889244,7.569465005630471,4421,4421,214.105955708852,214.105955708852,-25.278801880072393,-25.278801880072393
calibration,moirai2,vendor_covariate,52,236.57581367994422,7.874979699421663,236.57581367994422,7.874979699421663,4421,4421,192.64075356112485,192.64075356112485,-43.935060118819365,-43.935060118819365
calibration,moirai2,vendor_covariate,53,232.4196920903584,8.302414608501532,232.4196920903584,8.302414608501532,4421,4421,189.11893813371628,189.11893813371628,-43.300753956642126,-43.300753956642126
calibration,moirai2,vendor_covariate,54,225.03272321340532,8.730158896686769,225.03272321340532,8.730158896686769,4421,4421,198.23071634282735,198.23071634282735,-26.80200687057797,-26.80200687057797
calibration,moirai2,vendor_covariate,55,220.90420869388436,7.807597574394868,220.90420869388436,7.807597574394868,4421,4421,187.5455271424201,187.5455271424201,-33.35868155146426,-33.35868155146426
calibration,moirai2,vendor_covariate,56,218.33396455937122,8.660538449704147,218.33396455937122,8.660538449704147,4421,4421,190.38240284251427,190.38240284251427,-27.951561716856958,-27.951561716856958
calibration,moirai2,vendor_covariate,57,228.70940498634585,7.691026798899418,228.70940498634585,7.691026798899418,4421,4421,192.35393751460913,192.35393751460913,-36.355467471736716,-36.355467471736716
calibration,moirai2,vendor_covariate,58,221.3064202119967,6.469392807854634,221.3064202119967,6.469392807854634,4421,4421,193.5117003812668,193.5117003812668,-27.794719830729917,-27.794719830729917
calibration,moirai2,vendor_covariate,59,208.17400801754354,7.059746491097334,208.17400801754354,7.059746491097334,4421,4421,189.62855299441256,189.62855299441256,-18.545455023130984,-18.545455023130984
calibration,moirai2,vendor_covariate,60,204.68853351291682,5.993978252022436,204.68853351291682,5.993978252022436,4421,4421,202.80569312862843,202.80569312862843,-1.8828403842883858,-1.8828403842883858
calibration,moirai2,vendor_covariate,61,202.74904299823362,6.046792364999731,202.74904299823362,6.046792364999731,4421,4421,190.45491967886161,190.45491967886161,-12.294123319372005,-12.294123319372005
calibration,moirai2,vendor_covariate,62,187.54451696649195,5.542713266575439,187.54451696649195,5.542713266575439,4421,4421,177.89389022557646,177.89389022557646,-9.650626740915499,-9.650626740915499
calibration,moirai2,vendor_covariate,63,179.887088796689,4.155563444356316,179.887088796689,4.155563444356316,4421,4421,168.20520055448998,168.20520055448998,-11.681888242199022,-11.681888242199022
calibration,moirai2,vendor_covariate,64,158.01623067621034,4.881154457321506,158.01623067621034,4.881154457321506,4421,4421,168.9520660095516,168.9520660095516,10.93583533334126,10.93583533334126
calibration,moirai2,vendor_covariate,65,143.35550276877885,5.26011422832746,143.35550276877885,5.26011422832746,4421,4421,145.93593130202143,145.93593130202143,2.580428533242582,2.580428533242582
calibration,moirai2,vendor_covariate,66,133.6305188813179,6.085223275821072,133.6305188813179,6.085223275821072,4421,4421,124.14743241898967,124.14743241898967,-9.483086462328231,-9.483086462328231
calibration,moirai2,vendor_covariate,67,127.22686359572552,5.414533346390678,127.25505485997127,5.415669854712782,4421,4420,114.62394702488889,114.64978185471787,-12.602916570836626,-12.605273005253395
calibration,moirai2,vendor_covariate,68,108.26011346054233,4.549467112223265,108.42036156713208,4.545044296604789,4421,4405,113.48254706186205,113.88934479785891,5.222433601319722,5.468983230726835
calibration,moirai2,vendor_covariate,69,94.86552591012281,4.966266889788836,95.24369378212529,4.973523240620556,4421,4393,94.16922557935234,94.7516210670602,-0.6963003307704696,-0.49207271506509187
calibration,moirai2,vendor_covariate,70,78.43325891186018,4.365824049577454,79.71170398526401,4.416575221034218,4421,4330,85.38093097279284,87.12334302623431,6.9476720609326605,7.4116390409703
calibration,moirai2,vendor_covariate,71,61.227792327498285,3.523763935835836,62.51176710758459,3.578621920121979,4421,4306,75.89158274564834,77.83365822636902,14.66379041815005,15.321891118784436
calibration,moirai2,vendor_covariate,72,52.889160003308234,2.826317279820069,54.03928318442844,2.8719012854818695,4421,4304,58.155860990807994,59.63835871673493,5.26670098749976,5.599075532306486
calibration,moirai2,vendor_covariate,73,46.38640422705608,2.289874908324704,47.43656258613684,2.3273018787481767,4421,4299,37.563816895249204,38.52963926363801,-8.82258733180688,-8.906923322498827
calibration,moirai2,vendor_covariate,74,32.80144290220299,1.8658877133716276,33.57230741040931,1.897873390204843,4421,4288,26.324179236145994,27.031760693216086,-6.477263666056999,-6.540546717193223
calibration,moirai2,vendor_covariate,75,28.86491292752507,2.2738561147058336,29.89656048339967,2.3547414120296386,4421,4204,25.452399332575467,26.591074761844524,-3.4125135949496013,-3.305485721555147
calibration,moirai2,vendor_covariate,76,23.77032250682538,2.1546150987378034,25.172654005393824,2.302021725874792,4421,4021,22.76121085563576,24.717434383080025,-1.0091116511896203,-0.4552196223137983
calibration,moirai2,vendor_covariate,77,22.701545577460532,2.078299838929254,24.23028775909828,2.230282249125515,4421,3998,19.89507463423583,21.67679330075036,-2.806470943224703,-2.55349445834792
calibration,moirai2,vendor_covariate,78,19.878553524543126,2.1320563202037257,21.347253873488203,2.2941742805459326,4421,3985,18.271013981564266,19.941762458234788,-1.6075395429788593,-1.4054914152534153
calibration,moirai2,vendor_covariate,79,19.686451741848277,2.013591259453737,22.06385242319393,2.2722443074404253,4421,3710,17.471994549441806,20.41670144715295,-2.2144571924064707,-1.6471509760409795
calibration,moirai2,vendor_covariate,80,22.129247166925925,2.06048989019006,25.575089366416005,2.3974726504994175,4421,3548,17.11436548530551,20.775484814242215,-5.014881681620416,-4.79960455217379
calibration,moirai2,vendor_covariate,81,20.76921805160022,2.084919708737214,25.508503885174775,2.593223880736239,4421,3245,16.768614052564413,22.02190106094787,-4.000603999035807,-3.4866028242269067
calibration,moirai2,vendor_covariate,82,20.92756002769982,2.0650915450440057,28.983968061517626,2.9558858344147976,4421,2746,16.74208499272602,25.7196089886206,-4.185475034973798,-3.264359072897026
calibration,moirai2,vendor_covariate,83,20.532249630810117,2.132537657782218,30.91068250275632,3.312048485854037,4421,2476,16.947917850596887,28.34351256506986,-3.5843317802132297,-2.567169937686458
calibration,moirai2,vendor_covariate,84,19.10422303613437,1.986348126817281,29.51087495684547,3.1416369973306773,4421,2430,17.07054923747576,28.86864257450043,-2.0336737986586115,-0.6422323823450391
calibration,moirai2,vendor_covariate,85,18.30681030260594,2.0828012473742703,28.397781528686767,3.283191052177121,4421,2430,16.95631256179335,28.658469521683937,-1.3504977408125889,0.2606879929971697
calibration,moirai2,vendor_covariate,86,18.956968663399167,2.1847052334926635,29.494057537094065,3.4572772040851056,4421,2430,16.956322121376772,28.658321258718523,-2.0006465420223947,-0.835736278375542
calibration,moirai2,vendor_covariate,87,18.900063204879665,2.191149488832,29.346400747674714,3.46605795962456,4421,2430,16.95637520467632,28.65827123434532,-1.9436880002033448,-0.6881295133293932
calibration,moirai2,vendor_covariate,88,20.820336931935024,2.2688808198580537,32.051864133538764,3.57267189753323,4421,2430,16.956405033916898,28.65819959773916,-3.8639318980181265,-3.393664535799605
calibration,moirai2,vendor_covariate,89,19.282723844491006,2.3089688146945115,29.81286572085755,3.641248351757911,4421,2430,16.95646597347155,28.658206140062553,-2.3262578710194575,-1.1546595807949949
calibration,moirai2,vendor_covariate,90,19.745388245071332,2.2070226013566545,30.226491684119175,3.4421171619953186,4421,2430,16.956436101265,28.658069278627114,-2.788952143806334,-1.5684224054920612
calibration,moirai2,vendor_covariate,91,21.938600032003855,2.202782353915243,33.53380660836512,3.442962990476947,4421,2430,16.956479923453468,28.65808790441135,-4.982120108550387,-4.875718703953769
calibration,moirai2,vendor_covariate,92,20.011787112016403,2.3311317122784576,30.455569063400304,3.621814315840916,4421,2430,16.95651162596314,28.65810498357693,-3.0552754860532616,-1.7974640798233743
calibration,moirai2,vendor_covariate,93,20.236628741551623,2.390508339054222,30.838037882229013,3.699185298052436,4421,2430,16.956532035132675,28.658120641347267,-3.2800967064189486,-2.179917240881746
calibration,moirai2,vendor_covariate,94,20.157515911809472,2.3975356301783948,30.890217229075645,3.7077786444490015,4421,2430,16.95654220055755,28.658135038613125,-3.2009737112519225,-2.2320821904625205
calibration,moirai2,vendor_covariate,95,20.377671931684798,2.2855306030755984,31.524766864715367,3.5363864551147084,4421,2430,16.956543303377668,28.65814829584472,-3.4211286283071303,-2.866618568870649
calibration,moirai2,vendor_covariate,96,20.530305508149628,2.2873903540038616,32.01320396557531,3.5587658943335962,4421,2430,16.95653654973202,28.65816040925352,-3.573768958417606,-3.355043556321789
test,chronos2,target_only,1,2.0445786315347405,0.0835095544700454,2.5645500494642266,0.11481948939339696,8898,3866,3.2331846630808516,5.326911839021999,1.188606031546111,2.762361789557773
test,chronos2,target_only,2,1.791866504254603,0.09145349757108873,2.268253915855999,0.12747867867251114,8898,3866,5.335382997372227,8.693251323549918,3.5435164931176235,6.424997407693919
test,chronos2,target_only,3,1.6905289057095443,0.09067139638585404,2.131137649667923,0.10464651263742532,8898,3866,6.389384316039267,10.036990573669245,4.698855410329723,7.905852924001322
test,chronos2,target_only,4,1.8911722770790138,0.08318353380661744,2.3780318296948555,0.11705497694253152,8898,3866,7.170218322972073,11.03118349312464,5.279046045893059,8.653151663429785
test,chronos2,target_only,5,1.8242072537893068,0.0819224358499873,2.2566842405685352,0.09661579715761956,8898,3866,7.753050696535625,11.77115161070842,5.928843442746318,9.514467370139885
test,chronos2,target_only,6,1.7609065253899643,0.09996022248153667,2.2341922603690185,0.11786937860018605,8898,3866,8.191033700755833,12.324662990235968,6.430127175365868,10.090470729866949
test,chronos2,target_only,7,1.7527611612717633,0.0864738406795953,2.2421571012033246,0.12725057253357544,8898,3866,8.522050235133365,12.740499578175447,6.769289073861602,10.498342476972123
test,chronos2,target_only,8,1.823427866994464,0.08254377562775424,2.3129909827888966,0.10133284504202203,8898,3866,8.773290148564541,13.054125463876217,6.949862281570077,10.74113448108732
test,chronos2,target_only,9,1.515324330806002,0.07809719063834943,1.9684768715633423,0.09292885859020425,8898,3866,8.96439927130752,13.291527282205722,7.449074940501519,11.32305041064238
test,chronos2,target_only,10,1.662652975899915,0.09733144504732937,2.099225365219034,0.1308735352516444,8898,3866,9.109668378476261,13.471865811463749,7.447015402576346,11.372640446244715
test,chronos2,target_only,11,1.7096976168122109,0.08635835450665419,2.1783934872707307,0.12080930207233168,8898,3866,9.22287226700721,13.616126434675158,7.513174650194999,11.437732947404427
test,chronos2,target_only,12,2.0619360698358977,0.0801923374330204,2.6113984783670556,0.11086612794391511,8898,3862,9.201362338028533,13.472805164478515,7.139426268192635,10.86140668611146
test,chronos2,target_only,13,2.4484855012177325,0.10225922631466816,3.1384827352361873,0.13228594828589418,8898,3862,9.264760718698161,13.553911412093772,6.816275217480429,10.415428676857584
test,chronos2,target_only,14,2.6449784547581205,0.09419767625345496,3.6657040477600313,0.11914846473559117,8898,3868,9.610838343447528,14.289306950355247,6.9658598886894065,10.623602902595216
test,chronos2,target_only,15,1.9456148871624033,0.0887878585329608,2.4758810245276175,0.12499704607840476,8898,3862,9.348331669426535,13.664786287900764,7.402716782264132,11.188905263373147
test,chronos2,target_only,16,1.8065101145060176,0.09323071608217205,2.314686717902484,0.11157449564690311,8898,3862,9.373156705186654,13.697979990416075,7.566646590680636,11.38329327251359
test,chronos2,target_only,17,3.8275617412832594,0.11128344145330522,4.876769185529231,0.14789236187896898,8898,3862,9.393043143208468,13.727336135946826,5.565481401925208,8.850566950417594
test,chronos2,target_only,18,3.5594552474100185,0.10684605055796301,4.526580353086628,0.15173318332588678,8898,3862,9.40781690264328,13.750371573611531,5.848361655233261,9.223791220524902
test,chronos2,target_only,19,2.994198764254234,0.12148258565206378,3.8107684128978043,0.16357255965473042,8898,3862,9.41882395657898,13.768541229859135,6.424625192324745,9.95777281696133
test,chronos2,target_only,20,2.6172007322721695,0.12621280122347983,3.305477314177337,0.16180480881901513,8898,3865,9.427302000498736,13.777560426170467,6.810101268226567,10.47208311199313
test,chronos2,target_only,21,2.7850725977556188,0.12951117700280967,3.434806609140254,0.17476784540567425,8898,3865,9.433779484390502,13.789470012163331,6.6487068866348835,10.354663403023078
test,chronos2,target_only,22,3.100108526204561,0.11952403955947014,3.906673022611175,0.15097986608837655,8898,3865,9.439010801335783,13.799091145707315,6.338902275131222,9.89241812309614
test,chronos2,target_only,23,2.956607575073443,0.1304957128709212,3.761778210313632,0.2007365301238076,8898,3865,9.442642803732586,13.806920377611101,6.4860352286591425,10.04514216729747
test,chronos2,target_only,24,3.012229952471786,0.12322562380817437,3.7323514310346693,0.17212556646032862,8898,3865,9.448693553124523,13.816877288804335,6.436463600652736,10.084525857769666
test,chronos2,target_only,25,2.7528781294752567,0.13059791174069763,3.3140449555693245,0.18141157649689593,8898,4107,9.633287543053497,14.350009042194822,6.88040941357824,11.035964086625498
test,chronos2,target_only,26,3.358497540527822,0.10390465363830573,4.9353379792489855,0.14168804682791258,8898,5233,10.764630085674018,15.894873209440991,7.406132545146196,10.959535230192007
test,chronos2,target_only,27,5.46274823881309,0.06697475498758652,8.339836502241294,0.10133726640202713,8898,5459,11.773377705856646,17.490328379734915,6.310629467043556,9.150491877493621
test,chronos2,target_only,28,9.787744393425639,0.1114799390262906,14.567146612082388,0.17010643040427376,8898,5794,16.722186347595287,24.382892494565407,6.934441954169648,9.81574588248302
test,chronos2,target_only,29,16.62689805172043,0.19053547396695492,21.20296734084388,0.24917313402780095,8898,6898,21.589638262012798,27.157170455243374,4.962740210292367,5.954203114399494
test,chronos2,target_only,30,26.31899356047171,0.290337290209203,28.712254638756,0.32101027448614183,8898,8126,26.510890954341367,28.77476806343398,0.19189739386965599,0.06251342467798082
test,chronos2,target_only,31,38.35584398890579,0.3607750761765231,38.7257759244953,0.364603154149473,8898,8809,38.9130769121761,39.280933561917074,0.5572329232703126,0.5551576374217717
test,chronos2,target_only,32,54.22866812913616,0.4345838979056929,54.22866812913616,0.4345838979056929,8898,8898,59.83500356850653,59.83500356850653,5.606335439370369,5.606335439370369
test,chronos2,target_only,33,70.73129321844029,0.4482977442077461,70.73129321844029,0.4482977442077461,8898,8898,65.82316383571425,65.82316383571425,-4.908129382726031,-4.908129382726031
test,chronos2,target_only,34,86.3071575670117,0.4958871261161739,86.3071575670117,0.4958871261161739,8898,8898,74.69662904792142,74.69662904792142,-11.61052851909028,-11.61052851909028
test,chronos2,target_only,35,100.0512021487848,0.45437692756508674,100.0512021487848,0.45437692756508674,8898,8898,85.56540494540944,85.56540494540944,-14.485797203375355,-14.485797203375355
test,chronos2,target_only,36,115.39013728961967,0.5551382979454799,115.39013728961967,0.5551382979454799,8898,8898,97.02888402833078,97.02888402833078,-18.361253261288894,-18.361253261288894
test,chronos2,target_only,37,127.24244299113835,0.3811496449587465,127.24244299113835,0.3811496449587465,8898,8898,99.53214909610152,99.53214909610152,-27.710293895036827,-27.710293895036827
test,chronos2,target_only,38,148.75432462676264,0.430289376760745,148.75432462676264,0.430289376760745,8898,8898,111.58091326574566,111.58091326574566,-37.173411361016974,-37.173411361016974
test,chronos2,target_only,39,168.5693317323822,0.536352955003326,168.5693317323822,0.536352955003326,8898,8898,130.29482178637667,130.29482178637667,-38.27450994600554,-38.27450994600554
test,chronos2,target_only,40,184.2722504202163,0.656425407643529,184.2722504202163,0.656425407643529,8898,8898,143.09803366771098,143.09803366771098,-41.174216752505316,-41.174216752505316
test,chronos2,target_only,41,186.4845934269299,0.6801275041582393,186.4845934269299,0.6801275041582393,8898,8898,146.16869428033831,146.16869428033831,-40.31589914659159,-40.31589914659159
test,chronos2,target_only,42,195.2131803611472,0.657418571109396,195.2131803611472,0.657418571109396,8898,8898,154.96464105786987,154.96464105786987,-40.24853930327734,-40.24853930327734
test,chronos2,target_only,43,201.51146512705822,0.9322389753344898,201.51146512705822,0.9322389753344898,8898,8898,163.94512630041265,163.94512630041265,-37.56633882664556,-37.56633882664556
test,chronos2,target_only,44,201.40237806417164,0.9043170958808598,201.40237806417164,0.9043170958808598,8898,8898,154.52596636043992,154.52596636043992,-46.87641170373172,-46.87641170373172
test,chronos2,target_only,45,204.61008742836046,0.9949426520002864,204.61008742836046,0.9949426520002864,8898,8898,169.6598268917375,169.6598268917375,-34.95026053662295,-34.95026053662295
test,chronos2,target_only,46,214.383745362633,0.793699461187823,214.383745362633,0.793699461187823,8898,8898,183.43642383737995,183.43642383737995,-30.947321525253045,-30.947321525253045
test,chronos2,target_only,47,227.17777267022817,1.157948534054492,227.17777267022817,1.157948534054492,8898,8898,191.9884876861656,191.9884876861656,-35.18928498406257,-35.18928498406257
test,chronos2,target_only,48,217.20283007037014,0.8500884782546577,217.20283007037014,0.8500884782546577,8898,8898,189.2607186672513,189.2607186672513,-27.942111403118844,-27.942111403118844
test,chronos2,target_only,49,224.51554872805474,1.583299047890361,224.51554872805474,1.583299047890361,8898,8898,206.14812118167785,206.14812118167785,-18.367427546376888,-18.367427546376888
test,chronos2,target_only,50,227.04394516517897,1.6998840909051838,227.04394516517897,1.6998840909051838,8898,8898,204.5234479762833,204.5234479762833,-22.52049718889566,-22.52049718889566
test,chronos2,target_only,51,224.49064136053602,1.5612972712816071,224.49064136053602,1.5612972712816071,8898,8898,196.75097435152975,196.75097435152975,-27.73966700900627,-27.73966700900627
test,chronos2,target_only,52,216.75150093176418,1.2324370043613326,216.75150093176418,1.2324370043613326,8898,8898,173.05720070810312,173.05720070810312,-43.69430022366106,-43.69430022366106
test,chronos2,target_only,53,234.60465788684292,1.2353360804138793,234.60465788684292,1.2353360804138793,8898,8898,189.74583592411958,189.74583592411958,-44.85882196272334,-44.85882196272334
test,chronos2,target_only,54,223.35334445555017,1.251715354510862,223.35334445555017,1.251715354510862,8898,8898,186.98641003235784,186.98641003235784,-36.36693442319233,-36.36693442319233
test,chronos2,target_only,55,225.21685627244926,0.9047201095146578,225.21685627244926,0.9047201095146578,8898,8898,181.71994169409768,181.71994169409768,-43.49691457835158,-43.49691457835158
test,chronos2,target_only,56,221.84849296200866,1.1256133306429998,221.84849296200866,1.1256133306429998,8898,8898,179.91544184159713,179.91544184159713,-41.933051120411534,-41.933051120411534
test,chronos2,target_only,57,214.35988025026506,1.3223913753743641,214.35988025026506,1.3223913753743641,8898,8898,167.0977996143448,167.0977996143448,-47.262080635920256,-47.262080635920256
test,chronos2,target_only,58,218.1551232174538,1.036792466988095,218.1551232174538,1.036792466988095,8898,8898,184.52447232937703,184.52447232937703,-33.63065088807676,-33.63065088807676
test,chronos2,target_only,59,213.29808161173747,0.7371387729389194,213.29808161173747,0.7371387729389194,8898,8898,170.63504895522343,170.63504895522343,-42.66303265651405,-42.66303265651405
test,chronos2,target_only,60,208.17163196765557,0.7475955220054685,208.17163196765557,0.7475955220054685,8898,8898,190.19725955495807,190.19725955495807,-17.974372412697505,-17.974372412697505
test,chronos2,target_only,61,208.47914436212253,0.7017339616632108,208.47914436212253,0.7017339616632108,8898,8898,171.64613111734002,171.64613111734002,-36.83301324478251,-36.83301324478251
test,chronos2,target_only,62,195.1836696712599,0.7320322997707912,195.1836696712599,0.7320322997707912,8898,8898,167.35807426560274,167.35807426560274,-27.825595405657168,-27.825595405657168
test,chronos2,target_only,63,190.72251789229625,0.7549357966884805,190.72251789229625,0.7549357966884805,8898,8898,169.48290185742272,169.48290185742272,-21.239616034873535,-21.239616034873535
test,chronos2,target_only,64,177.68510333642115,0.7747575941093264,177.68510333642115,0.7747575941093264,8898,8898,157.25636231099446,157.25636231099446,-20.42874102542669,-20.42874102542669
test,chronos2,target_only,65,164.63080133187546,1.4195673339821988,164.63080133187546,1.4195673339821988,8898,8898,149.51800744851442,149.51800744851442,-15.112793883361036,-15.112793883361036
test,chronos2,target_only,66,152.64025173476563,1.002988708581175,152.64025173476563,1.002988708581175,8898,8898,144.73746110643157,144.73746110643157,-7.90279062833406,-7.90279062833406
test,chronos2,target_only,67,147.18608164823652,0.569865761844191,147.18608164823652,0.569865761844191,8898,8898,144.58672030861868,144.58672030861868,-2.599361339617843,-2.599361339617843
test,chronos2,target_only,68,136.6133962794128,0.5084656024626927,137.20855786092883,0.5086160181178524,8898,8847,138.73108130482618,139.51690828064767,2.1176850254133797,2.3083504197188347
test,chronos2,target_only,69,123.46404677736182,0.7976899033231468,127.70332934417395,0.8281949597769277,8898,8590,117.97891266723856,122.10841358039849,-5.485134110123255,-5.594915763775461
test,chronos2,target_only,70,105.9286391585868,0.9678478289965139,118.44714166451459,1.086834933358728,8898,7935,112.46298922206189,125.78816115842855,6.534350063475088,7.3410194939139615
test,chronos2,target_only,71,85.34417325718468,0.9952690712674622,97.92583995147372,1.1461683957201638,8898,7735,97.59620836127993,111.75148886094149,12.252035104095256,13.825648909467773
test,chronos2,target_only,72,71.41282944693603,0.9105705912486977,81.97312600886052,1.0490622281549502,8898,7735,80.92318912674513,92.53218598510075,9.510359679809099,10.559059976240235
test,chronos2,target_only,73,61.38196391223547,0.7605497874771725,70.60306701503264,0.8764952315618464,8898,7720,63.845866324152,73.02532693194047,2.4639024119165285,2.4222599169078336
test,chronos2,target_only,74,46.38089769893177,0.6341166755771287,53.62921801254763,0.7353502182097066,8898,7676,49.78130686344101,57.11787265869391,3.4004091645092416,3.48865464614628
test,chronos2,target_only,75,36.31563740560039,0.41295289142088726,43.742018625699146,0.498887989340082,8898,7337,44.889866618460594,53.68896354580265,8.574229212860203,9.946944920103505
test,chronos2,target_only,76,25.676503240749604,0.31475558998714853,32.698237810367246,0.4036569908131486,8898,6903,30.531713108399845,38.3444994534123,4.855209867650242,5.646261643045051
test,chronos2,target_only,77,18.16565687422453,0.21912788959407573,23.937056426890965,0.29357066333342013,8898,6637,23.246321034850556,29.97384479715581,5.080664160626025,6.036788370264844
test,chronos2,target_only,78,11.537100206912008,0.19045720063883362,15.448957579400465,0.253666522531646,8898,6510,16.63546209314948,21.500868023075594,5.098361886237473,6.051910443675128
test,chronos2,target_only,79,8.521028034357544,0.2677486696305144,12.874255684418516,0.403338518079666,8898,5473,12.365506822228829,18.405917890161902,3.844478787871285,5.531662205743386
test,chronos2,target_only,80,5.250118434086438,0.26571970045068805,7.614469037811384,0.39297564103222227,8898,5401,10.821612245373132,15.835897075155868,5.571493811286693,8.221428037344484
test,chronos2,target_only,81,2.289435504604962,0.07848598024237234,3.151660645956618,0.10430385071324075,8898,5155,9.059502897624471,12.673291978575552,6.770067393019509,9.521631332618934
test,chronos2,target_only,82,2.1181358580177627,0.08252960527698566,2.690626139914032,0.1259070075161751,8898,4384,8.644979957934108,12.972333477018804,6.526844099916346,10.281707337104772
test,chronos2,target_only,83,1.7360581492290912,0.08235783952886028,2.164761765910569,0.10301866580423176,8898,3906,9.409973943540445,14.387461826605346,7.673915794311354,12.222700060694777
test,chronos2,target_only,84,1.852603813245638,0.08290093468991915,2.3759038021748453,0.0894787637223036,8898,3862,9.50578121426417,13.893275449358955,7.653177401018532,11.51737164718411
test,chronos2,target_only,85,1.7075528353431748,0.07590245896885812,2.1671356741418064,0.10310497312729408,8898,3862,9.49076769150652,13.850203325145298,7.783214856163345,11.68306765100349
test,chronos2,target_only,86,1.5875128873323097,0.09039303722670995,1.9742570412453748,0.11687312737986845,8898,3862,9.49079027531489,13.850172934387407,7.90327738798258,11.875915893142032
test,chronos2,target_only,87,1.5547645017948477,0.09575069319761823,1.9405219777531109,0.1236688340866693,8898,3862,9.490817848281248,13.850162743972755,7.9360533464864,11.909640766219644
test,chronos2,target_only,88,1.7730295698713803,0.07598756086267537,2.1989448480095843,0.09531903882585421,8898,3862,9.49083930078933,13.85014811493958,7.71780973091795,11.651203266929997
test,chronos2,target_only,89,1.32432181912184,0.07836221872840399,1.6213456282709497,0.10387273335904676,8898,3862,9.490863262396871,13.850149461715702,8.166541443275031,12.228803833444752
test,chronos2,target_only,90,1.4951859246206756,0.09835797634689843,1.9186135377871874,0.12894957729410259,8898,3862,9.49086995949187,13.850121417722136,7.9956840348711955,11.931507879934948
test,chronos2,target_only,91,1.6186192950611036,0.08854770544737316,2.021572018564056,0.10353351398930027,8898,3862,9.490886026697973,13.850125291511361,7.87226673163687,11.828553272947305
test,chronos2,target_only,92,1.958421886147281,0.07391356763634829,2.4591567917446717,0.11013024653797611,8898,3862,9.49089761743147,13.850128795956428,7.532475731284189,11.390972004211756
test,chronos2,target_only,93,2.175501980148733,0.08152844896089044,2.7228213624207855,0.11092808907537141,8898,3862,9.490904986749358,13.850132011336042,7.315403006600626,11.127310648915255
test,chronos2,target_only,94,2.22010165571021,0.1119388762760802,2.828162025693073,0.17065512764257132,8898,3862,9.490908525751015,13.850134963395169,7.270806870040806,11.021972937702095
test,chronos2,target_only,95,1.8881005498650343,0.10928928876977394,2.3831255503658615,0.14669247463491575,8898,3862,9.490908637722145,13.850137737368396,7.6028080878571105,11.467012187002535
test,chronos2,target_only,96,1.651732485449148,0.11022502625964097,2.066750256131499,0.159207601637927,8898,3862,9.49090573744528,13.85014022803098,7.839173251996131,11.783389971899481
test,chronos2,vendor_covariate,1,2.1295463701990194,0.11432042485561224,2.634760205321249,0.16222551522548245,8898,3866,3.2331846630808516,5.326911839021999,1.1036382928818322,2.6921516337007505
test,chronos2,vendor_covariate,2,1.8909624512567966,0.11600137064760235,2.3255897231758476,0.15558146310416132,8898,3866,5.335382997372227,8.693251323549918,3.4444205461154302,6.3676616003740705
test,chronos2,vendor_covariate,3,1.7716484506492884,0.10487493885789324,2.227643607135147,0.13241430755938846,8898,3866,6.389384316039267,10.036990573669245,4.617735865389979,7.809346966534098
test,chronos2,vendor_covariate,4,1.8669346414873187,0.0991550008425979,2.3299250477299562,0.11127121482081193,8898,3866,7.170218322972073,11.03118349312464,5.303283681484754,8.701258445394684
test,chronos2,vendor_covariate,5,2.080190535061184,0.12236467716981012,2.5910767363071194,0.15159362171280713,8898,3866,7.753050696535625,11.77115161070842,5.672860161474441,9.180074874401301
test,chronos2,vendor_covariate,6,1.9343332680171261,0.09732134644670774,2.462404247367561,0.11565854943321917,8898,3866,8.191033700755833,12.324662990235968,6.256700432738707,9.862258742868407
test,chronos2,vendor_covariate,7,2.0017971487372117,0.11748389544073348,2.573586347023872,0.15933824449239153,8898,3866,8.522050235133365,12.740499578175447,6.520253086396154,10.166913231151575
test,chronos2,vendor_covariate,8,2.003633321169743,0.10175261784513807,2.5404037277908507,0.12556588663433757,8898,3866,8.773290148564541,13.054125463876217,6.769656827394798,10.513721736085365
test,chronos2,vendor_covariate,9,1.8211627716697194,0.11821986932415826,2.309067378767833,0.15459035069126645,8898,3866,8.96439927130752,13.291527282205722,7.143236499637801,10.982459903437888
test,chronos2,vendor_covariate,10,1.9568410808826315,0.11426612161617417,2.424555662342969,0.168800751090573,8898,3866,9.109668378476261,13.471865811463749,7.15282729759363,11.04731014912078
test,chronos2,vendor_covariate,11,1.8201292303873733,0.11048119094824077,2.2937801065327155,0.13480637838765197,8898,3866,9.22287226700721,13.616126434675158,7.402743036619837,11.322346328142443
test,chronos2,vendor_covariate,12,2.2079903973648722,0.11952678216393463,2.7739840546021926,0.15407314655608764,8898,3862,9.201362338028533,13.472805164478515,6.9933719406636605,10.698821109876324
test,chronos2,vendor_covariate,13,2.4169929730706965,0.12391781378576683,3.056676167464207,0.14660330630230245,8898,3862,9.264760718698161,13.553911412093772,6.847767745627465,10.497235244629564
test,chronos2,vendor_covariate,14,2.74011758089511,0.12684572760140728,3.7497625178787493,0.16704501245816522,8898,3868,9.610838343447528,14.289306950355247,6.870720762552418,10.539544432476497
test,chronos2,vendor_covariate,15,2.315436590487206,0.12983854079447507,2.9169211089726805,0.16539543819068842,8898,3862,9.348331669426535,13.664786287900764,7.03289507893933,10.747865178928084
test,chronos2,vendor_covariate,16,2.187690358921286,0.1498116119306261,2.762900869076052,0.19969558620825945,8898,3862,9.373156705186654,13.697979990416075,7.185466346265368,10.935079121340022
test,chronos2,vendor_covariate,17,4.46264537416648,0.14859869866890443,5.4113316015528,0.19678017349303517,8898,3862,9.393043143208468,13.727336135946826,4.930397769041988,8.316004534394025
test,chronos2,vendor_covariate,18,4.020732846273502,0.13029192588689123,4.8594346005702995,0.1676878710919982,8898,3862,9.40781690264328,13.750371573611531,5.387084056369778,8.890936973041232
test,chronos2,vendor_covariate,19,3.676127365427952,0.13306114455038295,4.4338006461487725,0.17453894403658424,8898,3862,9.41882395657898,13.768541229859135,5.742696591151027,9.334740583710364
test,chronos2,vendor_covariate,20,3.0949180811747428,0.1218675299082051,3.603122993316718,0.16194008730272766,8898,3865,9.427302000498736,13.777560426170467,6.332383919323993,10.174437432853749
test,chronos2,vendor_covariate,21,3.1960526824082907,0.16740402021156892,3.7836633265134125,0.23869067685781922,8898,3865,9.433779484390502,13.789470012163331,6.237726801982212,10.005806685649919
test,chronos2,vendor_covariate,22,3.527240080040917,0.12282326352902742,4.294415014727766,0.1576041139649658,8898,3865,9.439010801335783,13.799091145707315,5.911770721294866,9.504676130979549
test,chronos2,vendor_covariate,23,3.5177602037782414,0.150334443402508,4.311912274352946,0.19490873626419217,8898,3865,9.442642803732586,13.806920377611101,5.924882599954344,9.495008103258154
test,chronos2,vendor_covariate,24,3.5289720696124784,0.14056348241226993,4.126622704176514,0.1822151197481926,8898,3865,9.448693553124523,13.816877288804335,5.919721483512044,9.690254584627821
test,chronos2,vendor_covariate,25,3.1475523453710106,0.12021317819470304,3.759014589385256,0.15720709467817653,8898,4107,9.633287543053497,14.350009042194822,6.4857351976824855,10.590994452809566
test,chronos2,vendor_covariate,26,3.4829832968953305,0.11042616127537275,5.056830284444655,0.14811741704975215,8898,5233,10.764630085674018,15.894873209440991,7.281646788778687,10.838042924996337
test,chronos2,vendor_covariate,27,5.555915715238617,0.057235312833589826,8.416707945809813,0.08470170850633209,8898,5459,11.773377705856646,17.490328379734915,6.217461990618029,9.073620433925102
test,chronos2,vendor_covariate,28,9.74554129189921,0.11308683475734728,14.410939683340466,0.1804862346774846,8898,5794,16.722186347595287,24.382892494565407,6.976645055696077,9.971952811224941
test,chronos2,vendor_covariate,29,15.69197879064686,0.19223658478928657,19.97252626316867,0.25140903295716577,8898,6898,21.589638262012798,27.157170455243374,5.897659471365937,7.184644192074703
test,chronos2,vendor_covariate,30,22.793039914358296,0.225491902338616,24.85411484972963,0.2485925096401258,8898,8126,26.510890954341367,28.77476806343398,3.7178510399830706,3.9206532137043517
test,chronos2,vendor_covariate,31,31.728184323617477,0.2667140721746016,32.03374361249219,0.27027501925294656,8898,8809,38.9130769121761,39.280933561917074,7.1848925885586254,7.247189949424886
test,chronos2,vendor_covariate,32,42.94484400256969,0.20989207497084653,42.94484400256969,0.20989207497084653,8898,8898,59.83500356850653,59.83500356850653,16.89015956593684,16.89015956593684
test,chronos2,vendor_covariate,33,58.889117172741834,0.1764768366961401,58.889117172741834,0.1764768366961401,8898,8898,65.82316383571425,65.82316383571425,6.9340466629724204,6.9340466629724204
test,chronos2,vendor_covariate,34,70.10593758521082,0.16215938979356345,70.10593758521082,0.16215938979356345,8898,8898,74.69662904792142,74.69662904792142,4.590691462710595,4.590691462710595
test,chronos2,vendor_covariate,35,79.0309638008545,0.1685410931085811,79.0309638008545,0.1685410931085811,8898,8898,85.56540494540944,85.56540494540944,6.534441144554947,6.534441144554947
test,chronos2,vendor_covariate,36,84.68004950701807,0.1940398412223525,84.68004950701807,0.1940398412223525,8898,8898,97.02888402833078,97.02888402833078,12.34883452131271,12.34883452131271
test,chronos2,vendor_covariate,37,90.71882882493875,0.2839600456042689,90.71882882493875,0.2839600456042689,8898,8898,99.53214909610152,99.53214909610152,8.813320271162766,8.813320271162766
test,chronos2,vendor_covariate,38,104.93562762355643,0.2765918443463692,104.93562762355643,0.2765918443463692,8898,8898,111.58091326574566,111.58091326574566,6.645285642189236,6.645285642189236
test,chronos2,vendor_covariate,39,119.1111012245117,0.3194236517573272,119.1111012245117,0.3194236517573272,8898,8898,130.29482178637667,130.29482178637667,11.183720561864973,11.183720561864973
test,chronos2,vendor_covariate,40,131.1020295151505,0.34844895455655545,131.1020295151505,0.34844895455655545,8898,8898,143.09803366771098,143.09803366771098,11.996004152560488,11.996004152560488
test,chronos2,vendor_covariate,41,138.23807451343328,0.4867995149280491,138.23807451343328,0.4867995149280491,8898,8898,146.16869428033831,146.16869428033831,7.930619766905039,7.930619766905039
test,chronos2,vendor_covariate,42,144.47849813914465,0.5831592687343609,144.47849813914465,0.5831592687343609,8898,8898,154.96464105786987,154.96464105786987,10.486142918725221,10.486142918725221
test,chronos2,vendor_covariate,43,155.2782863530173,0.6013018673206937,155.2782863530173,0.6013018673206937,8898,8898,163.94512630041265,163.94512630041265,8.666839947395346,8.666839947395346
test,chronos2,vendor_covariate,44,143.68338020605066,0.5634802032477189,143.68338020605066,0.5634802032477189,8898,8898,154.52596636043992,154.52596636043992,10.842586154389267,10.842586154389267
test,chronos2,vendor_covariate,45,152.07700820464476,0.4076935756100852,152.07700820464476,0.4076935756100852,8898,8898,169.6598268917375,169.6598268917375,17.582818687092754,17.582818687092754
test,chronos2,vendor_covariate,46,160.53289593589486,0.3500912050108857,160.53289593589486,0.3500912050108857,8898,8898,183.43642383737995,183.43642383737995,22.90352790148509,22.90352790148509
test,chronos2,vendor_covariate,47,170.61989467567142,0.32899668701117396,170.61989467567142,0.32899668701117396,8898,8898,191.9884876861656,191.9884876861656,21.36859301049418,21.36859301049418
test,chronos2,vendor_covariate,48,164.54441872984674,0.498944773785026,164.54441872984674,0.498944773785026,8898,8898,189.2607186672513,189.2607186672513,24.716299937404557,24.716299937404557
test,chronos2,vendor_covariate,49,177.02282192830174,0.4202656754545201,177.02282192830174,0.4202656754545201,8898,8898,206.14812118167785,206.14812118167785,29.125299253376113,29.125299253376113
test,chronos2,vendor_covariate,50,181.95796708028536,0.5400257392023654,181.95796708028536,0.5400257392023654,8898,8898,204.5234479762833,204.5234479762833,22.56548089599795,22.56548089599795
test,chronos2,vendor_covariate,51,178.74742696281112,0.5575637940789626,178.74742696281112,0.5575637940789626,8898,8898,196.75097435152975,196.75097435152975,18.00354738871863,18.00354738871863
test,chronos2,vendor_covariate,52,158.60387343950273,0.4551001636989909,158.60387343950273,0.4551001636989909,8898,8898,173.05720070810312,173.05720070810312,14.45332726860039,14.45332726860039
test,chronos2,vendor_covariate,53,179.09063981699043,0.5102561815165864,179.09063981699043,0.5102561815165864,8898,8898,189.74583592411958,189.74583592411958,10.655196107129143,10.655196107129143
test,chronos2,vendor_covariate,54,166.6746713716379,0.45796621847591534,166.6746713716379,0.45796621847591534,8898,8898,186.98641003235784,186.98641003235784,20.311738660719925,20.311738660719925
test,chronos2,vendor_covariate,55,167.5355385742076,0.5272997306835403,167.5355385742076,0.5272997306835403,8898,8898,181.71994169409768,181.71994169409768,14.184403119890078,14.184403119890078
test,chronos2,vendor_covariate,56,162.99771373136863,0.364860175559264,162.99771373136863,0.364860175559264,8898,8898,179.91544184159713,179.91544184159713,16.917728110228495,16.917728110228495
test,chronos2,vendor_covariate,57,156.25056625498922,0.44188790792645477,156.25056625498922,0.44188790792645477,8898,8898,167.0977996143448,167.0977996143448,10.847233359355585,10.847233359355585
test,chronos2,vendor_covariate,58,171.17936664593344,0.4185851623614912,171.17936664593344,0.4185851623614912,8898,8898,184.52447232937703,184.52447232937703,13.345105683443592,13.345105683443592
test,chronos2,vendor_covariate,59,162.73396208211105,0.5657911165844378,162.73396208211105,0.5657911165844378,8898,8898,170.63504895522343,170.63504895522343,7.9010868731123765,7.9010868731123765
test,chronos2,vendor_covariate,60,172.28776740608726,0.49687837332178203,172.28776740608726,0.49687837332178203,8898,8898,190.19725955495807,190.19725955495807,17.90949214887081,17.90949214887081
test,chronos2,vendor_covariate,61,153.6888413633092,0.6937386563017377,153.6888413633092,0.6937386563017377,8898,8898,171.64613111734002,171.64613111734002,17.957289754030825,17.957289754030825
test,chronos2,vendor_covariate,62,149.99738847628953,0.48469304354908566,149.99738847628953,0.48469304354908566,8898,8898,167.35807426560274,167.35807426560274,17.36068578931321,17.36068578931321
test,chronos2,vendor_covariate,63,156.4412318297159,0.5249534803325598,156.4412318297159,0.5249534803325598,8898,8898,169.48290185742272,169.48290185742272,13.041670027706829,13.041670027706829
test,chronos2,vendor_covariate,64,147.60724440565835,0.7941895843788209,147.60724440565835,0.7941895843788209,8898,8898,157.25636231099446,157.25636231099446,9.649117905336112,9.649117905336112
test,chronos2,vendor_covariate,65,139.9825233839441,0.40659371338238226,139.9825233839441,0.40659371338238226,8898,8898,149.51800744851442,149.51800744851442,9.535484064570312,9.535484064570312
test,chronos2,vendor_covariate,66,132.49544427146088,0.39472806487519885,132.49544427146088,0.39472806487519885,8898,8898,144.73746110643157,144.73746110643157,12.242016834970684,12.242016834970684
test,chronos2,vendor_covariate,67,125.23707093558653,0.4942759145849825,125.23707093558653,0.4942759145849825,8898,8898,144.58672030861868,144.58672030861868,19.34964937303215,19.34964937303215
test,chronos2,vendor_covariate,68,119.17376143142155,0.34810653769789623,119.8358273769321,0.3502731185946411,8898,8847,138.73108130482618,139.51690828064767,19.557319873404623,19.681080903715568
test,chronos2,vendor_covariate,69,104.46481337193597,0.42145356902857867,108.15791563157276,0.4359770766904008,8898,8590,117.97891266723856,122.10841358039849,13.514099295302586,13.950497948825728
test,chronos2,vendor_covariate,70,95.86708194915289,0.4063338576227538,107.308512776308,0.4537530844530061,8898,7935,112.46298922206189,125.78816115842855,16.595907272909002,18.479648382120544
test,chronos2,vendor_covariate,71,76.40084176992539,0.3530469501678365,87.72963689432346,0.40532144469744763,8898,7735,97.59620836127993,111.75148886094149,21.195366591354542,24.02185196661803
test,chronos2,vendor_covariate,72,62.748013311460866,0.2262775855470973,72.0563766619104,0.26169762915641637,8898,7735,80.92318912674513,92.53218598510075,18.175175815284263,20.475809323190347
test,chronos2,vendor_covariate,73,54.15621977709841,0.18332596666305176,62.28957157598852,0.21124958935851718,8898,7720,63.845866324152,73.02532693194047,9.689646547053592,10.735755355951952
test,chronos2,vendor_covariate,74,40.73443460656614,0.18925157696374373,47.091210368954336,0.21936606092607558,8898,7676,49.78130686344101,57.11787265869391,9.04687225687487,10.026662289739576
test,chronos2,vendor_covariate,75,32.11187352197018,0.16299046974212622,38.6996922844811,0.19713263888497531,8898,7337,44.889866618460594,53.68896354580265,12.777993096490412,14.989271261321548
test,chronos2,vendor_covariate,76,24.251963438717024,0.14702305090161816,30.899486635178803,0.18751899595223667,8898,6903,30.531713108399845,38.3444994534123,6.279749669682822,7.445012818233494
test,chronos2,vendor_covariate,77,17.072542793429214,0.08297604952529192,22.551762269994857,0.10738804062818443,8898,6637,23.246321034850556,29.97384479715581,6.173778241421342,7.422082527160953
test,chronos2,vendor_covariate,78,10.838375831356057,0.08530545714664767,14.475811179458855,0.1025654827067738,8898,6510,16.63546209314948,21.500868023075594,5.7970862617934245,7.025056843616738
test,chronos2,vendor_covariate,79,7.073355932872577,0.16138222037534733,10.656283214216545,0.212331624549825,8898,5473,12.365506822228829,18.405917890161902,5.292150889356252,7.749634675945357
test,chronos2,vendor_covariate,80,4.651241743740102,0.24531452688963976,6.785001353752574,0.35229870608436764,8898,5401,10.821612245373132,15.835897075155868,6.1703705016330295,9.050895721403293
test,chronos2,vendor_covariate,81,2.3918825664011836,0.09789765742170951,3.225732542216917,0.131771066648053,8898,5155,9.059502897624471,12.673291978575552,6.667620331223287,9.447559436358635
test,chronos2,vendor_covariate,82,2.2931872706486227,0.11635639250214816,2.855888258357554,0.16057512017760037,8898,4384,8.644979957934108,12.972333477018804,6.351792687285485,10.11644521866125
test,chronos2,vendor_covariate,83,1.9349506670654333,0.09831547841716784,2.42991857294802,0.13301584033851782,8898,3906,9.409973943540445,14.387461826605346,7.475023276475012,11.957543253657326
test,chronos2,vendor_covariate,84,1.975501332405237,0.11570602189734298,2.454695552834447,0.1416818246100839,8898,3862,9.50578121426417,13.893275449358955,7.530279881858933,11.438579896524507
test,chronos2,vendor_covariate,85,2.04457995086694,0.12500089612788573,2.540487740904571,0.1490492242538053,8898,3862,9.49076769150652,13.850203325145298,7.44618774063958,11.309715584240728
test,chronos2,vendor_covariate,86,1.9175548599026033,0.1113368708357211,2.366801058575472,0.13234602607371648,8898,3862,9.49079027531489,13.850172934387407,7.573235415412286,11.483371875811935
test,chronos2,vendor_covariate,87,2.0563740060403255,0.1119936685413889,2.563033742308308,0.15172181160554107,8898,3862,9.490817848281248,13.850162743972755,7.434443842240922,11.287129001664447
test,chronos2,vendor_covariate,88,2.069790897373873,0.10330773702787892,2.553073587892495,0.12714417613019907,8898,3862,9.49083930078933,13.85014811493958,7.421048403415458,11.297074527047085
test,chronos2,vendor_covariate,89,1.7909678066964496,0.11250711298478082,2.256754479303007,0.15507689541830555,8898,3862,9.490863262396871,13.850149461715702,7.699895455700422,11.593394982412695
test,chronos2,vendor_covariate,90,1.8023492987427812,0.09889911610623696,2.2858572555122323,0.13096472108186946,8898,3862,9.49086995949187,13.850121417722136,7.68852066074909,11.564264162209904
test,chronos2,vendor_covariate,91,1.8603725016550834,0.1119349381112822,2.326966883465146,0.14918720767087856,8898,3862,9.490886026697973,13.850125291511361,7.63051352504289,11.523158408046214
test,chronos2,vendor_covariate,92,2.118941671914379,0.11351359280858984,2.6569941044471106,0.1451238676197954,8898,3862,9.49089761743147,13.850128795956428,7.37195594551709,11.193134691509318
test,chronos2,vendor_covariate,93,2.3680197579217213,0.11220214297458223,2.9615047961735836,0.1335772791585653,8898,3862,9.490904986749358,13.850132011336042,7.122885228827637,10.888627215162458
test,chronos2,vendor_covariate,94,2.488531871611086,0.11191693720662584,3.031569031885657,0.15464195853419344,8898,3862,9.490908525751015,13.850134963395169,7.00237665413993,10.81856593150951
test,chronos2,vendor_covariate,95,2.2561855576999417,0.11573402441722555,2.8456439458292917,0.14741130703544886,8898,3862,9.490908637722145,13.850137737368396,7.234723080022203,11.004493791539105
test,chronos2,vendor_covariate,96,1.9698664256111775,0.12437499654882536,2.495329351267131,0.16137252691051354,8898,3862,9.49090573744528,13.85014022803098,7.521039311834102,11.35481087676385
test,moirai2,target_only,1,0.5544968527945562,0.2907346673051422,0.7197971604329676,0.40010480321257946,8898,3866,3.2331846630808516,5.326911839021999,2.6786878102862954,4.607114678589031
test,moirai2,target_only,2,0.4029105464866579,0.22449015644221748,0.4809841432898883,0.3061711366802061,8898,3866,5.335382997372227,8.693251323549918,4.932472450885569,8.21226718026003
test,moirai2,target_only,3,0.43462838762508094,0.23826675135011693,0.4698591771018312,0.3292187071189552,8898,3866,6.389384316039267,10.036990573669245,5.954755928414187,9.567131396567413
test,moirai2,target_only,4,0.36675138695814513,0.21769821416544163,0.34762049837330783,0.2742088390127993,8898,3866,7.170218322972073,11.03118349312464,6.803466936013928,10.683562994751332
test,moirai2,target_only,5,0.4611397977343972,0.22283749742901293,0.45879577769213453,0.28812993131597137,8898,3866,7.753050696535625,11.77115161070842,7.291910898801228,11.312355833016285
test,moirai2,target_only,6,0.4501686438891004,0.1909970201505139,0.4395887981873157,0.2440950813082231,8898,3866,8.191033700755833,12.324662990235968,7.740865056866733,11.885074192048652
test,moirai2,target_only,7,0.4782674232306252,0.18501813694301317,0.4744876181081761,0.22125591494800875,8898,3866,8.522050235133365,12.740499578175447,8.04378281190274,12.26601196006727
test,moirai2,target_only,8,0.48751874140780915,0.1794060019097835,0.5155465411688805,0.2232738715545166,8898,3866,8.773290148564541,13.054125463876217,8.285771407156732,12.538578922707336
test,moirai2,target_only,9,0.5402362859355789,0.2126740771655212,0.5524171293268944,0.2600725604465803,8898,3866,8.96439927130752,13.291527282205722,8.424162985371941,12.739110152878828
test,moirai2,target_only,10,0.4370253299687499,0.19220050754287799,0.34023260504513486,0.20245835178676871,8898,3866,9.109668378476261,13.471865811463749,8.672643048507512,13.131633206418615
test,moirai2,target_only,11,0.49460015611655284,0.23459059366028445,0.4450329133136732,0.28700114887607964,8898,3866,9.22287226700721,13.616126434675158,8.728272110890657,13.171093521361485
test,moirai2,target_only,12,0.6738250606228754,0.3403135741373258,0.8100806280468039,0.4452310022425389,8898,3862,9.201362338028533,13.472805164478515,8.527537277405658,12.662724536431712
test,moirai2,target_only,13,0.8807795284796118,0.40350963268467505,1.099578631314041,0.5175356769248997,8898,3862,9.264760718698161,13.553911412093772,8.383981190218549,12.454332780779731
test,moirai2,target_only,14,1.0674469975419565,0.3420125009539457,1.5685379964193733,0.43608079323028137,8898,3868,9.610838343447528,14.289306950355247,8.54339134590557,12.720768953935874
test,moirai2,target_only,15,0.6290848507702186,0.3025367210900742,0.6783535059493624,0.3651057236439923,8898,3862,9.348331669426535,13.664786287900764,8.719246818656316,12.986432781951402
test,moirai2,target_only,16,0.512511986082286,0.27645265102730465,0.47480462687160385,0.33517458159686586,8898,3862,9.373156705186654,13.697979990416075,8.860644719104368,13.22317536354447
test,moirai2,target_only,17,0.5378552029608489,0.22855013760722823,0.4913469634966015,0.2714156046109255,8898,3862,9.393043143208468,13.727336135946826,8.85518794024762,13.235989172450225
test,moirai2,target_only,18,0.7581768318287763,0.323547430552118,0.8207877086953556,0.42677634083758453,8898,3862,9.40781690264328,13.750371573611531,8.649640070814502,12.929583864916175
test,moirai2,target_only,19,0.913448641083629,0.3492940101602769,1.0297313676235276,0.4513579884115475,8898,3862,9.41882395657898,13.768541229859135,8.50537531549535,12.738809862235607
test,moirai2,target_only,20,0.7444177165964991,0.2843895163208115,0.7381422084171714,0.36315266212694713,8898,3865,9.427302000498736,13.777560426170467,8.682884283902236,13.039418217753296
test,moirai2,target_only,21,0.9162744439463752,0.33175208681931,1.0173974953684726,0.428718969172146,8898,3865,9.433779484390502,13.789470012163331,8.517505040444128,12.772072516794859
test,moirai2,target_only,22,0.9897480846699555,0.3758321306687629,0.954226400328448,0.4646007437239437,8898,3865,9.439010801335783,13.799091145707315,8.449262716665828,12.844864745378867
test,moirai2,target_only,23,1.2054997862495211,0.4161434101946525,1.0893911764200692,0.4965665430216096,8898,3865,9.442642803732586,13.806920377611101,8.237143017483064,12.717529201191033
test,moirai2,target_only,24,1.484161828342587,0.4266607918199189,1.1835507356265806,0.48056510652945644,8898,3865,9.448693553124523,13.816877288804335,7.964531724781936,12.633326553177755
test,moirai2,target_only,25,1.9381141878421952,0.5394461508407613,1.8450027553203592,0.6615218254956733,8898,4107,9.633287543053497,14.350009042194822,7.695173355211301,12.505006286874462
test,moirai2,target_only,26,2.9676508183765176,0.4455841030339559,4.455187649943635,0.6374771770693347,8898,5233,10.764630085674018,15.894873209440991,7.7969792672975,11.439685559497356
test,moirai2,target_only,27,5.715337514315074,0.19653213387713825,9.067914771418849,0.24944466987515002,8898,5459,11.773377705856646,17.490328379734915,6.058040191541572,8.422413608316067
test,moirai2,target_only,28,11.689151548172786,0.2845851811714965,17.47798627970123,0.518599434141159,8898,5794,16.722186347595287,24.382892494565407,5.0330347994225,6.904906214864177
test,moirai2,target_only,29,20.828698395313573,0.7787751495720067,26.43124048251425,1.0773744794637987,8898,6898,21.589638262012798,27.157170455243374,0.7609398666992249,0.7259299727291229
test,moirai2,target_only,30,34.399216378203356,1.638266277125598,37.464181989331436,1.8309716881449676,8898,8126,26.510890954341367,28.77476806343398,-7.888325423861989,-8.689413925897455
test,moirai2,target_only,31,48.840890773594246,1.9609762220862932,49.2335753250718,1.9897160500748012,8898,8809,38.9130769121761,39.280933561917074,-9.927813861418144,-9.952641763154723
test,moirai2,target_only,32,65.08161465443605,2.695650740256329,65.08161465443605,2.695650740256329,8898,8898,59.83500356850653,59.83500356850653,-5.246611085929523,-5.246611085929523
test,moirai2,target_only,33,82.85153135819321,2.859442702878746,82.85153135819321,2.859442702878746,8898,8898,65.82316383571425,65.82316383571425,-17.02836752247896,-17.02836752247896
test,moirai2,target_only,34,102.68923518674922,3.461733429855651,102.68923518674922,3.461733429855651,8898,8898,74.69662904792142,74.69662904792142,-27.992606138827796,-27.992606138827796
test,moirai2,target_only,35,117.07372693458527,4.823739622136468,117.07372693458527,4.823739622136468,8898,8898,85.56540494540944,85.56540494540944,-31.508321989175826,-31.508321989175826
test,moirai2,target_only,36,135.15296762446246,5.468657427892982,135.15296762446246,5.468657427892982,8898,8898,97.02888402833078,97.02888402833078,-38.12408359613168,-38.12408359613168
test,moirai2,target_only,37,147.74828027547497,6.720578852392145,147.74828027547497,6.720578852392145,8898,8898,99.53214909610152,99.53214909610152,-48.21613117937345,-48.21613117937345
test,moirai2,target_only,38,165.60345972578966,6.383529739578949,165.60345972578966,6.383529739578949,8898,8898,111.58091326574566,111.58091326574566,-54.022546460044,-54.022546460044
test,moirai2,target_only,39,185.89335802228103,5.958062846740146,185.89335802228103,5.958062846740146,8898,8898,130.29482178637667,130.29482178637667,-55.59853623590436,-55.59853623590436
test,moirai2,target_only,40,199.9237153499215,6.386401754431126,199.9237153499215,6.386401754431126,8898,8898,143.09803366771098,143.09803366771098,-56.82568168221053,-56.82568168221053
test,moirai2,target_only,41,205.39762826368883,6.779228889246682,205.39762826368883,6.779228889246682,8898,8898,146.16869428033831,146.16869428033831,-59.228933983350515,-59.228933983350515
test,moirai2,target_only,42,215.93071958823563,7.366992421883368,215.93071958823563,7.366992421883368,8898,8898,154.96464105786987,154.96464105786987,-60.96607853036576,-60.96607853036576
test,moirai2,target_only,43,226.39941064391246,8.994897172770761,226.39941064391246,8.994897172770761,8898,8898,163.94512630041265,163.94512630041265,-62.45428434349981,-62.45428434349981
test,moirai2,target_only,44,229.73793572905475,9.413252788277626,229.73793572905475,9.413252788277626,8898,8898,154.52596636043992,154.52596636043992,-75.21196936861483,-75.21196936861483
test,moirai2,target_only,45,224.42849038536576,8.477518581786821,224.42849038536576,8.477518581786821,8898,8898,169.6598268917375,169.6598268917375,-54.76866349362825,-54.76866349362825
test,moirai2,target_only,46,245.29336570879187,8.080420997820344,245.29336570879187,8.080420997820344,8898,8898,183.43642383737995,183.43642383737995,-61.85694187141192,-61.85694187141192
test,moirai2,target_only,47,257.9022197151551,7.888947860797452,257.9022197151551,7.888947860797452,8898,8898,191.9884876861656,191.9884876861656,-65.91373202898953,-65.91373202898953
test,moirai2,target_only,48,244.0937002281429,8.976278267248254,244.0937002281429,8.976278267248254,8898,8898,189.2607186672513,189.2607186672513,-54.8329815608916,-54.8329815608916
test,moirai2,target_only,49,257.10854193021265,10.185546452995764,257.10854193021265,10.185546452995764,8898,8898,206.14812118167785,206.14812118167785,-50.9604207485348,-50.9604207485348
test,moirai2,target_only,50,259.57233122304757,10.381785239746726,259.57233122304757,10.381785239746726,8898,8898,204.5234479762833,204.5234479762833,-55.04888324676426,-55.04888324676426
test,moirai2,target_only,51,255.05855975757726,10.252956871286925,255.05855975757726,10.252956871286925,8898,8898,196.75097435152975,196.75097435152975,-58.30758540604751,-58.30758540604751
test,moirai2,target_only,52,243.9377050941936,9.82983535334239,243.9377050941936,9.82983535334239,8898,8898,173.05720070810312,173.05720070810312,-70.88050438609048,-70.88050438609048
test,moirai2,target_only,53,259.7804550829298,9.93111970060773,259.7804550829298,9.93111970060773,8898,8898,189.74583592411958,189.74583592411958,-70.03461915881022,-70.03461915881022
test,moirai2,target_only,54,257.3968127867901,10.580927174735333,257.3968127867901,10.580927174735333,8898,8898,186.98641003235784,186.98641003235784,-70.41040275443228,-70.41040275443228
test,moirai2,target_only,55,251.84704621849409,9.095765638313116,251.84704621849409,9.095765638313116,8898,8898,181.71994169409768,181.71994169409768,-70.1271045243964,-70.1271045243964
test,moirai2,target_only,56,246.56984433730807,7.786708291167253,246.56984433730807,7.786708291167253,8898,8898,179.91544184159713,179.91544184159713,-66.65440249571094,-66.65440249571094
test,moirai2,target_only,57,237.1986145018861,8.482518130182278,237.1986145018861,8.482518130182278,8898,8898,167.0977996143448,167.0977996143448,-70.1008148875413,-70.1008148875413
test,moirai2,target_only,58,239.29894902598008,6.430749942526853,239.29894902598008,6.430749942526853,8898,8898,184.52447232937703,184.52447232937703,-54.774476696603045,-54.774476696603045
test,moirai2,target_only,59,229.30955030153876,5.338672556276746,229.30955030153876,5.338672556276746,8898,8898,170.63504895522343,170.63504895522343,-58.67450134631534,-58.67450134631534
test,moirai2,target_only,60,226.2671144209273,6.154385237963054,226.2671144209273,6.154385237963054,8898,8898,190.19725955495807,190.19725955495807,-36.06985486596923,-36.06985486596923
test,moirai2,target_only,61,228.66924054818418,5.890905152791782,228.66924054818418,5.890905152791782,8898,8898,171.64613111734002,171.64613111734002,-57.02310943084416,-57.02310943084416
test,moirai2,target_only,62,212.54216466671986,4.976389684459135,212.54216466671986,4.976389684459135,8898,8898,167.35807426560274,167.35807426560274,-45.18409040111712,-45.18409040111712
test,moirai2,target_only,63,211.1183675828829,5.307821684051616,211.1183675828829,5.307821684051616,8898,8898,169.48290185742272,169.48290185742272,-41.63546572546019,-41.63546572546019
test,moirai2,target_only,64,200.3151167258181,5.395428238495339,200.3151167258181,5.395428238495339,8898,8898,157.25636231099446,157.25636231099446,-43.058754414823625,-43.058754414823625
test,moirai2,target_only,65,185.2678225328352,4.898600557679844,185.2678225328352,4.898600557679844,8898,8898,149.51800744851442,149.51800744851442,-35.74981508432077,-35.74981508432077
test,moirai2,target_only,66,174.53691298744693,4.580749162961798,174.53691298744693,4.580749162961798,8898,8898,144.73746110643157,144.73746110643157,-29.799451881015358,-29.799451881015358
test,moirai2,target_only,67,168.34998240022747,3.4896109586984103,168.34998240022747,3.4896109586984103,8898,8898,144.58672030861868,144.58672030861868,-23.763262091608794,-23.763262091608794
test,moirai2,target_only,68,158.2213942301841,3.3622427985324377,158.73375403585825,3.3525600594690608,8898,8847,138.73108130482618,139.51690828064767,-19.490312925357927,-19.216845755210585
test,moirai2,target_only,69,140.9603467343731,3.378604465241024,145.5728826154651,3.4591865144640828,8898,8590,117.97891266723856,122.10841358039849,-22.981434067134543,-23.4644690350666
test,moirai2,target_only,70,124.18269373553208,3.0410371324369474,138.44111828036068,3.341957870584437,8898,7935,112.46298922206189,125.78816115842855,-11.719704513470191,-12.652957121932133
test,moirai2,target_only,71,95.79902805200737,2.52751978184509,109.54457527369975,2.8501291239602056,8898,7735,97.59620836127993,111.75148886094149,1.7971803092725622,2.2069135872417434
test,moirai2,target_only,72,85.05379805133207,2.4684977344850725,97.30498514126494,2.7958073088548385,8898,7735,80.92318912674513,92.53218598510075,-4.130608924586937,-4.772799156164183
test,moirai2,target_only,73,73.162480923799,2.0571600874810954,83.86418126179572,2.3225970243461087,8898,7720,63.845866324152,73.02532693194047,-9.316614599646996,-10.838854329855252
test,moirai2,target_only,74,55.06140062624519,1.8060055669496122,63.4912633446305,2.059838674027039,8898,7676,49.78130686344101,57.11787265869391,-5.280093762804178,-6.3733906859365845
test,moirai2,target_only,75,45.49655857584739,1.6726165196406946,54.34608681843238,1.952590041762155,8898,7337,44.889866618460594,53.68896354580265,-0.6066919573867935,-0.6571232726297325
test,moirai2,target_only,76,31.717491107708554,1.480320543779943,39.65589862032728,1.7837636085810948,8898,6903,30.531713108399845,38.3444994534123,-1.1857779993087085,-1.3113991669149812
test,moirai2,target_only,77,23.05345580104494,1.2386309626675227,29.631113337135407,1.5183339714784128,8898,6637,23.246321034850556,29.97384479715581,0.19286523380561604,0.3427314600204028
test,moirai2,target_only,78,17.377391966771622,1.409062315998111,22.731482261878313,1.7719538387380718,8898,6510,16.63546209314948,21.500868023075594,-0.7419298736221407,-1.230614238802719
test,moirai2,target_only,79,15.591406553449131,1.6432441328916247,23.236980007070144,2.357273804122878,8898,5473,12.365506822228829,18.405917890161902,-3.225899731220302,-4.831062116908242
test,moirai2,target_only,80,17.040230480382068,1.8432097780752073,25.337924219332557,2.6571988402591455,8898,5401,10.821612245373132,15.835897075155868,-6.218618235008936,-9.502027144176688
test,moirai2,target_only,81,14.235687846502628,1.6043386696611437,20.363481660821336,2.2098919976927274,8898,5155,9.059502897624471,12.673291978575552,-5.1761849488781575,-7.690189682245784
test,moirai2,target_only,82,11.595114749910694,1.5235243492802386,14.551219075111575,1.9124879962422314,8898,4384,8.644979957934108,12.972333477018804,-2.950134791976586,-1.5788855980927714
test,moirai2,target_only,83,8.972909310565106,1.571662763636102,10.603061050081754,1.9586191100223633,8898,3906,9.409973943540445,14.387461826605346,0.43706463297533915,3.784400776523592
test,moirai2,target_only,84,5.254103748025245,1.231411047220969,5.990445604026612,1.5092151681599086,8898,3862,9.50578121426417,13.893275449358955,4.251677466238925,7.9028298453323425
test,moirai2,target_only,85,4.113305608668071,1.1557808443990982,4.762753915622978,1.4057829568492564,8898,3862,9.49076769150652,13.850203325145298,5.3774620828384485,9.08744940952232
test,moirai2,target_only,86,4.623810646598847,1.0754538472328599,5.409403651584266,1.330746479906227,8898,3862,9.49079027531489,13.850172934387407,4.8669796287160425,8.440769282803142
test,moirai2,target_only,87,4.1919315146494736,1.0324210794442463,4.985494319711615,1.256103498508565,8898,3862,9.490817848281248,13.850162743972755,5.298886333631774,8.86466842426114
test,moirai2,target_only,88,5.984638155178826,1.0344794415743146,7.274172624160383,1.299556731546032,8898,3862,9.49083930078933,13.85014811493958,3.506201145610505,6.575975490779197
test,moirai2,target_only,89,2.8357347935991006,0.7265333844340337,3.4230985910295795,0.8816188071590056,8898,3862,9.490863262396871,13.850149461715702,6.655128468797771,10.427050870686124
test,moirai2,target_only,90,5.030341484365946,0.8584518123135952,6.080180342902407,1.0814229479029789,8898,3862,9.49086995949187,13.850121417722136,4.460528475125924,7.769941074819728
test,moirai2,target_only,91,7.406495228545075,1.0432848706582696,9.024993503953613,1.3176550590823204,8898,3862,9.490886026697973,13.850125291511361,2.0843907981528984,4.825131787557748
test,moirai2,target_only,92,7.621268974857543,1.0184211402376457,9.311790654741532,1.2869196639581773,8898,3862,9.49089761743147,13.850128795956428,1.869628642573927,4.538338141214895
test,moirai2,target_only,93,7.315472528576915,1.0848717420454852,8.779186000114482,1.366465535516788,8898,3862,9.490904986749358,13.850132011336042,2.175432458172443,5.07094601122156
test,moirai2,target_only,94,6.371125822093976,1.2156559297936593,7.6124935050839575,1.524063524076767,8898,3862,9.490908525751015,13.850134963395169,3.119782703657039,6.237641458311211
test,moirai2,target_only,95,6.803171667482809,1.3029196779142918,8.06614431272107,1.612797811974333,8898,3862,9.490908637722145,13.850137737368396,2.687736970239335,5.783993424647326
test,moirai2,target_only,96,5.559910143886133,1.384125122653832,6.627656649480318,1.7204544005764812,8898,3862,9.49090573744528,13.85014022803098,3.930995593559147,7.222483578550662
test,moirai2,vendor_covariate,1,0.9883943406942957,0.4692239516133975,1.2838423114424904,0.6346965636594155,8898,3866,3.2331846630808516,5.326911839021999,2.2447903223865557,4.043069527579509
test,moirai2,vendor_covariate,2,0.5496711557137985,0.3318483155777073,0.6285952224681575,0.42193081331283094,8898,3866,5.335382997372227,8.693251323549918,4.785711841658428,8.06465610108176
test,moirai2,vendor_covariate,3,0.6118648143102573,0.3203288104174357,0.6496664357867402,0.3946166787088627,8898,3866,6.389384316039267,10.036990573669245,5.77751950172901,9.387324137882505
test,moirai2,vendor_covariate,4,0.4955109637895381,0.30200568315778414,0.4951202048919748,0.3690561721957831,8898,3866,7.170218322972073,11.03118349312464,6.674707359182535,10.536063288232665
test,moirai2,vendor_covariate,5,0.7430840191896622,0.35123722497442267,0.7460430072052155,0.4064606844628212,8898,3866,7.753050696535625,11.77115161070842,7.009966677345963,11.025108603503204
test,moirai2,vendor_covariate,6,0.6891038846151999,0.3605182043660303,0.7217964182321184,0.4281351413733584,8898,3866,8.191033700755833,12.324662990235968,7.501929816140633,11.60286657200385
test,moirai2,vendor_covariate,7,0.8416651126820366,0.4003544939673025,1.015320280929252,0.5029714615515185,8898,3866,8.522050235133365,12.740499578175447,7.680385122451328,11.725179297246195
test,moirai2,vendor_covariate,8,0.8121612044506408,0.3826750364708956,0.9383775670613463,0.4650271783741585,8898,3866,8.773290148564541,13.054125463876217,7.9611289441139,12.11574789681487
test,moirai2,vendor_covariate,9,0.8330223977825657,0.4030186960773272,0.8866429902830387,0.46406479710098836,8898,3866,8.96439927130752,13.291527282205722,8.131376873524955,12.404884291922684
test,moirai2,vendor_covariate,10,0.77348765621123,0.39385081786439186,0.7764219282819661,0.4379463647920077,8898,3866,9.109668378476261,13.471865811463749,8.33618072226503,12.695443883181783
test,moirai2,vendor_covariate,11,0.8037656516939938,0.36882003753022585,0.8501889421686668,0.4325529392715455,8898,3866,9.22287226700721,13.616126434675158,8.419106615313217,12.765937492506492
test,moirai2,vendor_covariate,12,0.8599470282049297,0.393855472076232,0.9988523154084686,0.47480933700912287,8898,3862,9.201362338028533,13.472805164478515,8.341415309823603,12.473952849070047
test,moirai2,vendor_covariate,13,1.0046086941417718,0.4290384185809994,1.172150738011958,0.5303548783527817,8898,3862,9.264760718698161,13.553911412093772,8.26015202455639,12.381760674081814
test,moirai2,vendor_covariate,14,1.1767936636515297,0.3621594099795943,1.7253436247076448,0.4454911217744159,8898,3868,9.610838343447528,14.289306950355247,8.434044679795997,12.563963325647602
test,moirai2,vendor_covariate,15,0.9791056076431734,0.4694388232680277,1.0631665552030556,0.5521150119744559,8898,3862,9.348331669426535,13.664786287900764,8.369226061783362,12.601619732697708
test,moirai2,vendor_covariate,16,0.9576560849302552,0.42198496783283246,1.0426651739120538,0.49570886377917184,8898,3862,9.373156705186654,13.697979990416075,8.415500620256399,12.65531481650402
test,moirai2,vendor_covariate,17,1.1278144510020398,0.45519526863099624,1.174632825298559,0.5294752222204225,8898,3862,9.393043143208468,13.727336135946826,8.265228692206428,12.552703310648267
test,moirai2,vendor_covariate,18,1.4143352957376807,0.5381110681204841,1.534937039607573,0.6488924188782518,8898,3862,9.40781690264328,13.750371573611531,7.993481606905599,12.215434534003958
test,moirai2,vendor_covariate,19,1.6527482001151363,0.5999628406078855,1.7959721755262197,0.7141763071747669,8898,3862,9.41882395657898,13.768541229859135,7.766075756463843,11.972569054332915
test,moirai2,vendor_covariate,20,1.6417315978572382,0.5650301192907835,1.8000201756045755,0.6939122052372225,8898,3865,9.427302000498736,13.777560426170467,7.785570402641498,11.977540250565891
test,moirai2,vendor_covariate,21,1.8654748334265372,0.6494300061755612,2.1283747147855796,0.8286364174386183,8898,3865,9.433779484390502,13.789470012163331,7.568304650963965,11.661095297377752
test,moirai2,vendor_covariate,22,2.384910800441265,0.7313756922206862,2.636548084492027,0.9159252419651196,8898,3865,9.439010801335783,13.799091145707315,7.054100000894518,11.162543061215288
test,moirai2,vendor_covariate,23,2.4274896681886826,0.7756518181872012,2.42022014724734,0.9686760922898742,8898,3865,9.442642803732586,13.806920377611101,7.015153135543903,11.386700230363761
test,moirai2,vendor_covariate,24,2.9439875171983414,0.7829472272083553,2.6301681229471328,0.9572281440074553,8898,3865,9.448693553124523,13.816877288804335,6.504706035926182,11.186709165857202
test,moirai2,vendor_covariate,25,3.550980243400113,0.8443982259282923,3.6668479633279705,1.0596084807632364,8898,4107,9.633287543053497,14.350009042194822,6.082307299653383,10.683161078866851
test,moirai2,vendor_covariate,26,3.830771842770274,0.6656098106409024,5.589444864652038,0.9587882863628951,8898,5233,10.764630085674018,15.894873209440991,6.933858242903744,10.305428344788954
test,moirai2,vendor_covariate,27,5.524072855787323,0.3603667287257866,8.504406224010172,0.45890088938643375,8898,5459,11.773377705856646,17.490328379734915,6.249304850069323,8.985922155724744
test,moirai2,vendor_covariate,28,11.235371758798316,0.3090358131228128,16.653814903441365,0.4997805540811345,8898,5794,16.722186347595287,24.382892494565407,5.486814588796971,7.729077591124042
test,moirai2,vendor_covariate,29,19.47250329242198,1.0100685099975337,24.525106797754844,1.3923734841894415,8898,6898,21.589638262012798,27.157170455243374,2.1171349695908184,2.63206365748853
test,moirai2,vendor_covariate,30,32.35812022842117,2.1798861747141642,35.0745382998126,2.4471776636419516,8898,8126,26.510890954341367,28.77476806343398,-5.847229274079805,-6.29977023637862
test,moirai2,vendor_covariate,31,43.96283567417238,2.873731361171143,44.284006679913155,2.9192810053191605,8898,8809,38.9130769121761,39.280933561917074,-5.04975876199628,-5.003073117996081
test,moirai2,vendor_covariate,32,59.193248879796755,3.9309212825675317,59.193248879796755,3.9309212825675317,8898,8898,59.83500356850653,59.83500356850653,0.6417546887097743,0.6417546887097743
test,moirai2,vendor_covariate,33,75.93439830085677,3.9698194822556254,75.93439830085677,3.9698194822556254,8898,8898,65.82316383571425,65.82316383571425,-10.111234465142516,-10.111234465142516
test,moirai2,vendor_covariate,34,91.98104183744904,4.720453380271313,91.98104183744904,4.720453380271313,8898,8898,74.69662904792142,74.69662904792142,-17.28441278952762,-17.28441278952762
test,moirai2,vendor_covariate,35,104.48440157629278,5.023432808592649,104.48440157629278,5.023432808592649,8898,8898,85.56540494540944,85.56540494540944,-18.918996630883342,-18.918996630883342
test,moirai2,vendor_covariate,36,120.5174568446469,6.255821933121729,120.5174568446469,6.255821933121729,8898,8898,97.02888402833078,97.02888402833078,-23.488572816316122,-23.488572816316122
test,moirai2,vendor_covariate,37,135.2675388134163,7.709417643137199,135.2675388134163,7.709417643137199,8898,8898,99.53214909610152,99.53214909610152,-35.73538971731479,-35.73538971731479
test,moirai2,vendor_covariate,38,153.5237289616931,6.896483197335574,153.5237289616931,6.896483197335574,8898,8898,111.58091326574566,111.58091326574566,-41.942815695947445,-41.942815695947445
test,moirai2,vendor_covariate,39,175.8619754975493,7.868187533440651,175.8619754975493,7.868187533440651,8898,8898,130.29482178637667,130.29482178637667,-45.56715371117264,-45.56715371117264
test,moirai2,vendor_covariate,40,191.1309347617798,7.457738712813059,191.1309347617798,7.457738712813059,8898,8898,143.09803366771098,143.09803366771098,-48.03290109406882,-48.03290109406882
test,moirai2,vendor_covariate,41,193.05987176262138,8.820378857944288,193.05987176262138,8.820378857944288,8898,8898,146.16869428033831,146.16869428033831,-46.89117748228307,-46.89117748228307
test,moirai2,vendor_covariate,42,205.23023000221178,7.862724025834811,205.23023000221178,7.862724025834811,8898,8898,154.96464105786987,154.96464105786987,-50.265588944341914,-50.265588944341914
test,moirai2,vendor_covariate,43,216.11369295678952,9.68969615869854,216.11369295678952,9.68969615869854,8898,8898,163.94512630041265,163.94512630041265,-52.16856665637687,-52.16856665637687
test,moirai2,vendor_covariate,44,217.46322992846174,11.45179424655298,217.46322992846174,11.45179424655298,8898,8898,154.52596636043992,154.52596636043992,-62.93726356802182,-62.93726356802182
test,moirai2,vendor_covariate,45,215.3013056373259,10.651765938222301,215.3013056373259,10.651765938222301,8898,8898,169.6598268917375,169.6598268917375,-45.64147874558839,-45.64147874558839
test,moirai2,vendor_covariate,46,233.7560636459828,10.154834685589133,233.7560636459828,10.154834685589133,8898,8898,183.43642383737995,183.43642383737995,-50.31963980860286,-50.31963980860286
test,moirai2,vendor_covariate,47,242.01320445856877,10.916804088464824,242.01320445856877,10.916804088464824,8898,8898,191.9884876861656,191.9884876861656,-50.02471677240317,-50.02471677240317
test,moirai2,vendor_covariate,48,229.73704860014098,9.846314235337081,229.73704860014098,9.846314235337081,8898,8898,189.2607186672513,189.2607186672513,-40.47632993288968,-40.47632993288968
test,moirai2,vendor_covariate,49,240.27963465387518,11.044345408770427,240.27963465387518,11.044345408770427,8898,8898,206.14812118167785,206.14812118167785,-34.13151347219733,-34.13151347219733
test,moirai2,vendor_covariate,50,243.30992857725232,12.060785460535708,243.30992857725232,12.060785460535708,8898,8898,204.5234479762833,204.5234479762833,-38.786480600969014,-38.786480600969014
test,moirai2,vendor_covariate,51,241.83351900060146,10.96036485908404,241.83351900060146,10.96036485908404,8898,8898,196.75097435152975,196.75097435152975,-45.08254464907171,-45.08254464907171
test,moirai2,vendor_covariate,52,235.2203922158536,10.593008953602997,235.2203922158536,10.593008953602997,8898,8898,173.05720070810312,173.05720070810312,-62.16319150775047,-62.16319150775047
test,moirai2,vendor_covariate,53,246.8579408182619,11.661887307022313,246.8579408182619,11.661887307022313,8898,8898,189.74583592411958,189.74583592411958,-57.112104894142334,-57.112104894142334
test,moirai2,vendor_covariate,54,241.01325456568782,10.942304202289197,241.01325456568782,10.942304202289197,8898,8898,186.98641003235784,186.98641003235784,-54.02684453332998,-54.02684453332998
test,moirai2,vendor_covariate,55,241.02180969370065,9.718557003979233,241.02180969370065,9.718557003979233,8898,8898,181.71994169409768,181.71994169409768,-59.30186799960296,-59.30186799960296
test,moirai2,vendor_covariate,56,236.0213445689611,9.351634929753097,236.0213445689611,9.351634929753097,8898,8898,179.91544184159713,179.91544184159713,-56.10590272736397,-56.10590272736397
test,moirai2,vendor_covariate,57,221.63816618823836,8.19053031496544,221.63816618823836,8.19053031496544,8898,8898,167.0977996143448,167.0977996143448,-54.54036657389355,-54.54036657389355
test,moirai2,vendor_covariate,58,230.2766377828837,6.920604281514797,230.2766377828837,6.920604281514797,8898,8898,184.52447232937703,184.52447232937703,-45.75216545350668,-45.75216545350668
test,moirai2,vendor_covariate,59,223.1720740529257,5.543280296210282,223.1720740529257,5.543280296210282,8898,8898,170.63504895522343,170.63504895522343,-52.53702509770227,-52.53702509770227
test,moirai2,vendor_covariate,60,219.9597549696456,6.503284204548835,219.9597549696456,6.503284204548835,8898,8898,190.19725955495807,190.19725955495807,-29.76249541468752,-29.76249541468752
test,moirai2,vendor_covariate,61,220.3074318033497,6.929519289156979,220.3074318033497,6.929519289156979,8898,8898,171.64613111734002,171.64613111734002,-48.66130068600967,-48.66130068600967
test,moirai2,vendor_covariate,62,207.08186152728328,5.250814957093009,207.08186152728328,5.250814957093009,8898,8898,167.35807426560274,167.35807426560274,-39.72378726168054,-39.72378726168054
test,moirai2,vendor_covariate,63,202.49984349252912,5.866907751545361,202.49984349252912,5.866907751545361,8898,8898,169.48290185742272,169.48290185742272,-33.016941635106406,-33.016941635106406
test,moirai2,vendor_covariate,64,194.1976695116086,6.522228764829053,194.1976695116086,6.522228764829053,8898,8898,157.25636231099446,157.25636231099446,-36.94130720061415,-36.94130720061415
test,moirai2,vendor_covariate,65,177.7193602307807,5.408839521367677,177.7193602307807,5.408839521367677,8898,8898,149.51800744851442,149.51800744851442,-28.20135278226627,-28.20135278226627
test,moirai2,vendor_covariate,66,169.66725557395827,5.7194240468670845,169.66725557395827,5.7194240468670845,8898,8898,144.73746110643157,144.73746110643157,-24.929794467526705,-24.929794467526705
test,moirai2,vendor_covariate,67,168.936637186451,5.577802250568676,168.936637186451,5.577802250568676,8898,8898,144.58672030861868,144.58672030861868,-24.349916877832328,-24.349916877832328
test,moirai2,vendor_covariate,68,156.02703357164847,4.85342365464314,156.46067793462183,4.830124817350666,8898,8847,138.73108130482618,139.51690828064767,-17.295952266822297,-16.943769653974158
test,moirai2,vendor_covariate,69,144.70845209340962,6.27934296582873,149.16178666055956,6.425700776989309,8898,8590,117.97891266723856,122.10841358039849,-26.72953942617106,-27.053373080161066
test,moirai2,vendor_covariate,70,128.46036103254366,5.5471601912420105,142.20028849410642,6.061418194278494,8898,7935,112.46298922206189,125.78816115842855,-15.997371810481766,-16.412127335677866
test,moirai2,vendor_covariate,71,97.7590918948137,4.0957927957256866,110.59437296648336,4.5790664205041685,8898,7735,97.59620836127993,111.75148886094149,-0.1628835335337584,1.15711589445813
test,moirai2,vendor_covariate,72,84.47120856594691,2.975389480028949,95.52833182025097,3.3339820544290077,8898,7735,80.92318912674513,92.53218598510075,-3.5480194392017808,-2.996145835150216
test,moirai2,vendor_covariate,73,71.73453033130441,2.4520405164279424,81.12961934969066,2.7414196979854935,8898,7720,63.845866324152,73.02532693194047,-7.888664007152414,-8.104292417750187
test,moirai2,vendor_covariate,74,52.79872031031375,1.8946347373470247,59.795235451052136,2.1287005320642596,8898,7676,49.78130686344101,57.11787265869391,-3.0174134468727374,-2.677362792358224
test,moirai2,vendor_covariate,75,44.1106339489131,2.292129640632363,51.43148824686827,2.6592191342718534,8898,7337,44.889866618460594,53.68896354580265,0.7792326695474969,2.2574752989343807
test,moirai2,vendor_covariate,76,32.686794746547996,2.1676660585095715,39.48294289152353,2.6094701422458746,8898,6903,30.531713108399845,38.3444994534123,-2.1550816381481503,-1.1384434381112314
test,moirai2,vendor_covariate,77,26.88567662373694,1.7330986743311707,33.13817173172751,2.0998448037655852,8898,6637,23.246321034850556,29.97384479715581,-3.639355588886385,-3.164326934571701
test,moirai2,vendor_covariate,78,23.621717474278668,1.7800652919172573,29.68637137480636,2.181460852711276,8898,6510,16.63546209314948,21.500868023075594,-6.986255381129187,-8.185503351730766
test,moirai2,vendor_covariate,79,25.003796081085717,1.7585958579496896,35.83327637235506,2.4193220039775998,8898,5473,12.365506822228829,18.405917890161902,-12.638289258856888,-17.427358482193156
test,moirai2,vendor_covariate,80,28.46826635332167,1.7696187192232407,40.68843525863091,2.4048749570802634,8898,5401,10.821612245373132,15.835897075155868,-17.64665410794854,-24.85253818347504
test,moirai2,vendor_covariate,81,25.776388771008317,1.8318355925700285,35.477511763777926,2.359383658245051,8898,5155,9.059502897624471,12.673291978575552,-16.716885873383845,-22.804219785202374
test,moirai2,vendor_covariate,82,23.403818922972352,1.7850726590645833,29.85068799058265,2.2594585587825033,8898,4384,8.644979957934108,12.972333477018804,-14.758838965038244,-16.878354513563846
test,moirai2,vendor_covariate,83,21.466477287319428,1.885807120466365,26.841424103474235,2.387242395992044,8898,3906,9.409973943540445,14.387461826605346,-12.056503343778983,-12.45396227686889
test,moirai2,vendor_covariate,84,18.463642884446568,1.7385748744893486,22.639357588844856,2.1783606201628336,8898,3862,9.50578121426417,13.893275449358955,-8.957861670182398,-8.746082139485901
test,moirai2,vendor_covariate,85,17.157771607503093,1.8550180871155688,21.012626230228435,2.2784354650195144,8898,3862,9.49076769150652,13.850203325145298,-7.667003915996574,-7.162422905083137
test,moirai2,vendor_covariate,86,17.421982651755656,1.9205862692863784,21.337504919236867,2.414076640667372,8898,3862,9.49079027531489,13.850172934387407,-7.931192376440766,-7.48733198484946
test,moirai2,vendor_covariate,87,17.5178654723828,1.8898222958375195,21.508421179240607,2.337595071418725,8898,3862,9.490817848281248,13.850162743972755,-8.02704762410155,-7.658258435267852
test,moirai2,vendor_covariate,88,20.236448092257138,2.0417086823119703,25.042553912945777,2.5458430807170354,8898,3862,9.49083930078933,13.85014811493958,-10.745608791467808,-11.192405798006197
test,moirai2,vendor_covariate,89,18.310169417489014,2.0501624849342566,22.67812787862215,2.537780455923985,8898,3862,9.490863262396871,13.850149461715702,-8.819306155092143,-8.827978416906447
test,moirai2,vendor_covariate,90,19.88354675221873,2.0892012504226543,24.838831692376377,2.5760944165962076,8898,3862,9.49086995949187,13.850121417722136,-10.39267679272686,-10.988710274654242
test,moirai2,vendor_covariate,91,22.143298669717435,2.0541721600431293,27.60957244433978,2.5062355132835936,8898,3862,9.490886026697973,13.850125291511361,-12.652412643019462,-13.759447152828418
test,moirai2,vendor_covariate,92,20.420300703631135,2.2643405785544917,25.557380124474047,2.756126066190119,8898,3862,9.49089761743147,13.850128795956428,-10.929403086199665,-11.70725132851762
test,moirai2,vendor_covariate,93,20.411555230300042,2.3548087383973515,25.30669518646672,2.815225265458553,8898,3862,9.490904986749358,13.850132011336042,-10.920650243550684,-11.456563175130677
test,moirai2,vendor_covariate,94,19.50979107005694,2.352066148366327,24.025981152796003,2.783328231909132,8898,3862,9.490908525751015,13.850134963395169,-10.018882544305926,-10.175846189400835
test,moirai2,vendor_covariate,95,19.043323831455545,2.2687579578435275,23.610112355821723,2.705914841539982,8898,3862,9.490908637722145,13.850137737368396,-9.5524151937334,-9.759974618453327
test,moirai2,vendor_covariate,96,18.341154075501212,2.2175563121117974,22.927572549447603,2.6338478082093166,8898,3862,9.49090573744528,13.85014022803098,-8.850248338055932,-9.077432321416623
