partition,target_mode,variant,delivery_step,mean_mae_kwh,seed_sd_mae_kwh,mean_active_mae_kwh,rows_per_seed,active_rows_per_seed,baseline_64_mae_kwh,vendor_mae_kwh,improvement_over_64_kwh
calibration,direct,target_only,1,0.706374493709818,0.1791230356378908,1.0811221606984258,4421,2453,0.5004278813652958,7.070552526361442,-0.20594661234452216
calibration,direct,target_only,2,0.8222156904170783,0.2511453968416942,1.274406300554879,4421,2453,0.4159309153023326,11.375750641084512,-0.4062847751147457
calibration,direct,target_only,3,0.9493036550314651,0.19754112216074007,1.4995422004386054,4421,2453,0.5966275816568332,12.769707679144641,-0.3526760733746319
calibration,direct,target_only,4,0.7535194846238158,0.23584675942352612,1.1654535491520457,4421,2453,0.5484994699712895,13.783442918220807,-0.20502001465252628
calibration,direct,target_only,5,0.7460126198432057,0.2943072329395631,1.1282547186546072,4421,2453,0.5467243771764663,14.525938889576702,-0.1992882426667394
calibration,direct,target_only,6,0.9696039692055833,0.3279389691848492,1.4865232916526827,4421,2453,0.60601738999124,15.073397295831189,-0.36358657921434334
calibration,direct,target_only,7,0.8775034972634898,0.30889006247528394,1.337256577432659,4421,2453,0.634685016941379,15.479601540071647,-0.24281848032211073
calibration,direct,target_only,8,0.8630837334225785,0.2362318460835192,1.3177336794043266,4421,2453,0.685604063898293,15.782806035034234,-0.1774796695242855
calibration,direct,target_only,9,0.854399401893273,0.2732763594366651,1.292145678139633,4421,2453,0.7035691422897642,16.01040348792528,-0.15083025960350882
calibration,direct,target_only,10,0.8370364223686981,0.16799163197191105,1.2681551092541747,4421,2453,0.5635313821028471,16.182125166985386,-0.273505040265851
calibration,direct,target_only,11,0.7887049717121278,0.24841060235309573,1.1953704319922789,4421,2453,0.5764436841216729,16.32354643135361,-0.21226128759045493
calibration,direct,target_only,12,0.8000644030133407,0.2513536882047857,1.1755176874065472,4421,2430,0.6352238391203314,16.58264245575883,-0.16484056389300927
calibration,direct,target_only,13,0.7577899524994798,0.2305608822473597,1.0712667850641449,4421,2430,0.6259751668843407,16.658854363810374,-0.13181478561513904
calibration,direct,target_only,14,0.914976290992397,0.25271819417491687,1.349289534945546,4421,2438,0.6666225411509084,16.814898327660515,-0.2483537498414886
calibration,direct,target_only,15,0.7810707532786343,0.23357716772720472,1.1434420064363797,4421,2430,0.6024090287730036,16.76356920010082,-0.17866172450563067
calibration,direct,target_only,16,0.7943430045474569,0.21038074384438266,1.224337110677595,4421,2430,0.661296554475781,16.787490765122655,-0.13304645007167593
calibration,direct,target_only,17,0.8024958099562436,0.24082967754066764,1.1973827899724712,4421,2430,0.6373737881903918,16.81542800963401,-0.16512202176585178
calibration,direct,target_only,18,1.046756931893642,0.34514467367614565,1.576482455707961,4421,2430,0.9386668650528524,16.837328463355895,-0.1080900668407897
calibration,direct,target_only,19,1.0544515811868256,0.39177193107237507,1.5716619859842602,4421,2430,0.8978805663510636,16.85450965184888,-0.15657101483576197
calibration,direct,target_only,20,1.0633921856266608,0.3256634736899733,1.6141460917562447,4421,2431,0.9983653723581083,16.870762657110873,-0.06502681326855253
calibration,direct,target_only,21,0.99641754841152,0.34149335311044593,1.501954279210549,4421,2431,0.9306004552426295,16.88137627331911,-0.0658170931688905
calibration,direct,target_only,22,1.045730246589814,0.2971830368818696,1.5282821657036187,4421,2431,1.0149310204498154,16.889719546335,-0.030799226139998526
calibration,direct,target_only,23,1.1970454394474426,0.3351023189820204,1.704824028376696,4421,2431,0.960869096612629,16.896286426436998,-0.2361763428348136
calibration,direct,target_only,24,1.1961085495154893,0.3801735455801554,1.6736530405689523,4421,2431,1.1624759735498384,16.90393906442228,-0.033632575965650835
calibration,direct,target_only,25,1.354963812465675,0.3199566577385164,1.8094875529783134,4421,2577,1.3994525261487891,16.887257509767778,0.04448871368311402
calibration,direct,target_only,26,1.7616541419266727,0.4387958301078162,2.133999589060543,4421,3400,1.7156270328251362,17.181246846646445,-0.04602710910153651
calibration,direct,target_only,27,3.2364308188707542,0.6190104484925347,3.8968245521702456,4421,3589,3.1382620330088904,17.669913169870544,-0.09816878586186384
calibration,direct,target_only,28,5.535936657295833,0.815018708138941,6.510453886210225,4421,3663,5.615192423301297,20.888985347960794,0.07925576600546336
calibration,direct,target_only,29,11.213781365176652,0.8728435705203567,12.087746710218465,4421,4061,11.652326423253372,25.491065776702936,0.43854505807671984
calibration,direct,target_only,30,20.1213351772843,0.878705914079984,21.076775110059298,4421,4188,20.994684908126008,29.20099733797416,0.8733497308417064
calibration,direct,target_only,31,32.73027808539933,1.2285012491453138,33.03984499806502,4421,4368,33.93287914841547,34.63211351921285,1.2026010630161466
calibration,direct,target_only,32,47.76971085228746,1.4770285369761758,47.76971085228746,4421,4421,49.74221169295499,66.80587980491269,1.9725008406675286
calibration,direct,target_only,33,64.09556686876772,1.8290773935489502,64.09556686876772,4421,4421,67.70242031552723,78.45453795118124,3.6068534467595157
calibration,direct,target_only,34,83.45917136212012,1.9786381746167017,83.45917136212012,4421,4421,89.09538063404122,89.64284663784257,5.636209271921103
calibration,direct,target_only,35,102.67491620285296,2.7240557672902885,102.67491620285296,4421,4421,107.83491054088533,98.10740144459922,5.1599943380323765
calibration,direct,target_only,36,121.11560975619649,4.381443030517523,121.11560975619649,4421,4421,128.991852911113,103.94070299847729,7.876243154916509
calibration,direct,target_only,37,138.22315296997502,3.3592359790637945,138.22315296997502,4421,4421,144.16166102915503,109.8088700548145,5.938508059180009
calibration,direct,target_only,38,153.3844453086101,2.6518227879452057,153.3844453086101,4421,4421,159.7877797314731,115.53857541259052,6.403334422862997
calibration,direct,target_only,39,170.25194165036436,3.969536126068924,170.25194165036436,4421,4421,177.07240609665357,125.79071585901269,6.820464446289208
calibration,direct,target_only,40,180.00631797196647,5.437020338716453,180.00631797196647,4421,4421,189.10971013451444,123.35216320438272,9.103392162547976
calibration,direct,target_only,41,183.7145398185879,5.450135031139476,183.7145398185879,4421,4421,193.23911057090316,140.97391874667065,9.52457075231527
calibration,direct,target_only,42,198.2778087399573,8.380355459719503,198.2778087399573,4421,4421,208.7990356342721,166.8081564590035,10.521226894314793
calibration,direct,target_only,43,205.45526550977527,4.808060722731129,205.45526550977527,4421,4421,212.89988306963812,185.7610243765363,7.444617559862849
calibration,direct,target_only,44,212.23612967861897,7.272373780042009,212.23612967861897,4421,4421,220.65202375850077,168.50296013637893,8.41589407988181
calibration,direct,target_only,45,213.05159629280203,7.653253143927577,213.05159629280203,4421,4421,220.5924369916695,177.77538661662766,7.54084069886747
calibration,direct,target_only,46,219.4619647050999,9.81463479525604,219.4619647050999,4421,4421,227.88658036236322,180.9411893935423,8.424615657263331
calibration,direct,target_only,47,233.60631004458656,10.469119890571033,233.60631004458656,4421,4421,245.11550759893436,192.74011033896278,11.509197554347793
calibration,direct,target_only,48,227.71232639324847,11.664073389822716,227.71232639324847,4421,4421,239.24342137108036,193.48266495855177,11.531094977831884
calibration,direct,target_only,49,229.59118376397655,10.170336825782952,229.59118376397655,4421,4421,239.11428429225822,189.28935227305703,9.523100528281674
calibration,direct,target_only,50,220.2820747095794,9.128942738916486,220.2820747095794,4421,4421,232.57562803960383,210.4888387822058,12.293553330024423
calibration,direct,target_only,51,227.21653566921154,7.0421672765924335,227.21653566921154,4421,4421,238.68901129069388,214.105955708852,11.472475621482346
calibration,direct,target_only,52,223.23096727915453,6.716605566186841,223.23096727915453,4421,4421,233.07700619032175,192.64075356112485,9.846038911167227
calibration,direct,target_only,53,217.1354385498415,7.240831537435591,217.1354385498415,4421,4421,227.96518856232652,189.11893813371628,10.829750012485022
calibration,direct,target_only,54,209.63413483179176,8.547994224137756,209.63413483179176,4421,4421,221.85643288575776,198.23071634282735,12.222298053966
calibration,direct,target_only,55,206.0513743169364,8.36198208873218,206.0513743169364,4421,4421,217.64539662433765,187.5455271424201,11.594022307401247
calibration,direct,target_only,56,206.42280886200373,8.65916762589486,206.42280886200373,4421,4421,216.83508004664066,190.38240284251427,10.412271184636921
calibration,direct,target_only,57,213.56936530552525,8.811881158596304,213.56936530552525,4421,4421,223.40942959620745,192.35393751460913,9.840064290682193
calibration,direct,target_only,58,209.40658555311833,6.0318064638385085,209.40658555311833,4421,4421,218.39350138727497,193.5117003812668,8.986915834156633
calibration,direct,target_only,59,197.819042229947,5.233939734790415,197.819042229947,4421,4421,203.77240502899033,189.62855299441256,5.953362799043333
calibration,direct,target_only,60,189.62351084969183,4.913891944553839,189.62351084969183,4421,4421,195.58022368300283,202.80569312862843,5.956712833311002
calibration,direct,target_only,61,176.818246295264,6.262149361670614,176.818246295264,4421,4421,185.7940979097388,190.45491967886161,8.975851614474806
calibration,direct,target_only,62,171.35131588933942,5.679018905074012,171.35131588933942,4421,4421,179.17319046958414,177.89389022557646,7.8218745802447245
calibration,direct,target_only,63,172.55133764406136,4.14048864479094,172.55133764406136,4421,4421,179.1699163764315,168.20520055448998,6.618578732370139
calibration,direct,target_only,64,157.73771851426304,2.865247444605395,157.73771851426304,4421,4421,161.03274359833134,168.9520660095516,3.2950250840682997
calibration,direct,target_only,65,137.34310146524544,2.4300482000496797,137.34310146524544,4421,4421,144.33180003211845,145.93593130202143,6.988698566873012
calibration,direct,target_only,66,123.54392074170954,1.8373217451855126,123.54392074170954,4421,4421,130.73429854297444,124.14743241898967,7.190377801264901
calibration,direct,target_only,67,111.3329164252259,2.037379255518447,111.35777999179572,4421,4420,120.0083551185694,114.62394702488889,8.675438693343494
calibration,direct,target_only,68,96.59475948123881,1.7793339765695806,96.80629021580269,4421,4405,102.72736685111187,113.48254706186205,6.132607369873057
calibration,direct,target_only,69,77.12179286715018,1.5109281114720645,77.5063382065062,4421,4393,85.76223844642591,94.16922557935234,8.640445579275735
calibration,direct,target_only,70,60.17332886950044,1.0409871757097389,61.30853908920497,4421,4330,67.56848381324448,85.38093097279284,7.395154943744046
calibration,direct,target_only,71,43.26521760200954,0.8048641077626837,44.32635757035279,4421,4306,50.73401032760107,75.89158274564834,7.468792725591527
calibration,direct,target_only,72,34.4887233771898,0.7699763547958747,35.360931750776125,4421,4304,43.213875664262936,58.155860990807994,8.725152287073136
calibration,direct,target_only,73,29.702295394670372,0.6388141151671406,30.49224916839061,4421,4299,36.946846992539584,37.563816895249204,7.244551597869211
calibration,direct,target_only,74,20.95727100643504,0.671598431996326,21.55373643999185,4421,4288,25.748515009966226,26.324179236145994,4.791244003531187
calibration,direct,target_only,75,16.59035929127821,0.441228869628383,17.27760635172143,4421,4204,22.628789117336808,25.452399332575467,6.0384298260585965
calibration,direct,target_only,76,11.019332945646916,0.4207682106026872,11.646609192949995,4421,4021,16.639431303770955,22.76121085563576,5.620098358124039
calibration,direct,target_only,77,8.073729837741721,0.28229910118438256,8.633115893485094,4421,3998,14.848273871325429,19.89507463423583,6.774544033583707
calibration,direct,target_only,78,5.082683574926619,0.1965308975415515,5.497191475294507,4421,3985,12.27966215957141,18.271013981564266,7.196978584644792
calibration,direct,target_only,79,2.9379808501497338,0.20698436469621526,3.3560123192154894,4421,3710,10.823331138820068,17.471994549441806,7.885350288670335
calibration,direct,target_only,80,1.7742281350370575,0.2774112722050841,2.0842845390011107,4421,3548,11.977987648842229,17.11436548530551,10.20375951380517
calibration,direct,target_only,81,1.2084402370861491,0.30502554698914586,1.4747162602660144,4421,3245,10.051438758942833,16.768614052564413,8.842998521856684
calibration,direct,target_only,82,1.0148812329867205,0.3652567076635959,1.3454913989736392,4421,2746,9.08688728307165,16.74208499272602,8.07200605008493
calibration,direct,target_only,83,0.9665172313690176,0.3491151909373101,1.3525995301404425,4421,2476,7.446604410753852,16.947917850596887,6.480087179384834
calibration,direct,target_only,84,0.9698911069099637,0.39266077390632953,1.3882570800145344,4421,2430,5.038384935874015,17.07054923747576,4.068493828964051
calibration,direct,target_only,85,0.9018629119929295,0.349542146555553,1.2725792628318193,4421,2430,4.160928878214424,16.95631256179335,3.2590659662214945
calibration,direct,target_only,86,1.0213041113353751,0.38450277091689644,1.4679819550549174,4421,2430,5.481384440445066,16.956322121376772,4.46008032910969
calibration,direct,target_only,87,0.8840436713525246,0.3253954170078497,1.2641537113521448,4421,2430,4.91969385298946,16.95637520467632,4.035650181636935
calibration,direct,target_only,88,0.9958615066014691,0.40424897087855305,1.4477680763743297,4421,2430,6.219283076306121,16.956405033916898,5.223421569704652
calibration,direct,target_only,89,0.8352029796839737,0.3438151266329993,1.2722371051011323,4421,2430,3.938271835409703,16.95646597347155,3.1030688557257293
calibration,direct,target_only,90,0.8007446879458235,0.31942107949275683,1.2063710643338814,4421,2430,5.243367048970946,16.956436101265,4.442622361025122
calibration,direct,target_only,91,0.9300812441237175,0.3473271650637594,1.3854703925864258,4421,2430,7.5784436845467305,16.956479923453468,6.648362440423013
calibration,direct,target_only,92,0.938255976585579,0.3457884927239826,1.356026796018513,4421,2430,7.296629339613288,16.95651162596314,6.358373363027709
calibration,direct,target_only,93,1.0159843394899768,0.33557586582440413,1.486637815692052,4421,2430,7.1536403863613485,16.956532035132675,6.1376560468713715
calibration,direct,target_only,94,1.0100414049119646,0.328307713376946,1.4427031201965832,4421,2430,7.2153454039273655,16.95654220055755,6.205303999015401
calibration,direct,target_only,95,0.8504448093725017,0.2666603984987642,1.2534208786033798,4421,2430,8.311980204881703,16.956543303377668,7.461535395509201
calibration,direct,target_only,96,0.6998388168735489,0.2606453868015374,1.0267369417312704,4421,2430,6.965360586181977,16.95653654973202,6.265521769308428
calibration,direct,vendor_covariate,1,0.7519468518537834,0.31179699318596876,1.1429208586535213,4421,2453,0.8315795463076703,7.070552526361442,0.07963269445388688
calibration,direct,vendor_covariate,2,0.6726737265068115,0.2843395348529386,1.0364103322412346,4421,2453,0.6401275917479339,11.375750641084512,-0.032546134758877576
calibration,direct,vendor_covariate,3,0.7440189658672857,0.2584387921608386,1.1701604256321143,4421,2453,0.7304496276710719,12.769707679144641,-0.013569338196213754
calibration,direct,vendor_covariate,4,0.8391145179124281,0.31249453961788193,1.3488118633296822,4421,2453,0.8570688651322426,13.783442918220807,0.01795434721981448
calibration,direct,vendor_covariate,5,0.8458559368739709,0.30554004270776264,1.3139486671225127,4421,2453,0.740037874722986,14.525938889576702,-0.10581806215098488
calibration,direct,vendor_covariate,6,0.9403625131301091,0.402076500731737,1.4723310336391395,4421,2453,0.7290582838463119,15.073397295831189,-0.21130422928379722
calibration,direct,vendor_covariate,7,0.8216711175534115,0.26939478656782967,1.2866335711214016,4421,2453,0.7875760365782319,15.479601540071647,-0.03409508097517955
calibration,direct,vendor_covariate,8,0.8847453769167274,0.3386223142587084,1.3760678127105814,4421,2453,0.8294218240322937,15.782806035034234,-0.05532355288443369
calibration,direct,vendor_covariate,9,0.9404224867296599,0.30756650654321716,1.440700604614323,4421,2453,0.8059278400379578,16.01040348792528,-0.13449464669170208
calibration,direct,vendor_covariate,10,0.7840010512745316,0.31240006697881906,1.189984438289849,4421,2453,0.7227220331325641,16.182125166985386,-0.061279018141967456
calibration,direct,vendor_covariate,11,0.6225552608255362,0.2702424871662317,0.9109228144965905,4421,2453,0.6249013227593051,16.32354643135361,0.0023460619337688504
calibration,direct,vendor_covariate,12,0.8188489665182189,0.2767073084822027,1.247152067300741,4421,2430,0.8311108149186899,16.58264245575883,0.012261848400470954
calibration,direct,vendor_covariate,13,0.8227333302739646,0.24419050136438405,1.227698773609768,4421,2430,0.7539874320981294,16.658854363810374,-0.06874589817583521
calibration,direct,vendor_covariate,14,0.8515363681346814,0.21484112153697735,1.3106859779192428,4421,2438,0.9314005465682808,16.814898327660515,0.07986417843359939
calibration,direct,vendor_covariate,15,0.8411593458973188,0.2693780751683677,1.2816972311019874,4421,2430,1.0425041256824643,16.76356920010082,0.20134477978514553
calibration,direct,vendor_covariate,16,0.9055252085829361,0.29388652970047313,1.409588626014268,4421,2430,1.1465198693240486,16.787490765122655,0.24099466074111253
calibration,direct,vendor_covariate,17,1.0415429287830553,0.3226481555078232,1.542745796801166,4421,2430,1.0174739515947784,16.81542800963401,-0.02406897718827694
calibration,direct,vendor_covariate,18,1.1276973118333808,0.24628222095798352,1.683896203261765,4421,2430,1.2935081536106297,16.837328463355895,0.1658108417772488
calibration,direct,vendor_covariate,19,1.0292752517315242,0.30374324610893144,1.5073118870820181,4421,2430,1.3058298959281676,16.85450965184888,0.27655464419664333
calibration,direct,vendor_covariate,20,1.118620250822321,0.22476786499418488,1.660561860743141,4421,2431,1.2797253646434226,16.870762657110873,0.1611051138211015
calibration,direct,vendor_covariate,21,1.066076708702636,0.28869178282547375,1.5058707554132025,4421,2431,1.1778183607018708,16.88137627331911,0.11174165199923491
calibration,direct,vendor_covariate,22,1.227930468407578,0.4385214902851631,1.699547537044495,4421,2431,1.360789770632786,16.889719546335,0.13285930222520803
calibration,direct,vendor_covariate,23,1.2124126440766314,0.2785063278767019,1.579438223891649,4421,2431,1.1829778416520742,16.896286426436998,-0.029434802424557205
calibration,direct,vendor_covariate,24,1.4428004004685313,0.284029944313019,1.8417154264820994,4421,2431,1.4135941498595646,16.90393906442228,-0.029206250608966755
calibration,direct,vendor_covariate,25,1.5164051319947818,0.26580334791100624,1.828697202863649,4421,2577,1.611906384745974,16.887257509767778,0.09550125275119226
calibration,direct,vendor_covariate,26,1.7171596139328282,0.3209648115570689,2.046771424302629,4421,3400,1.6438050755772906,17.181246846646445,-0.07335453835553762
calibration,direct,vendor_covariate,27,2.6154729309251104,0.1811536559304549,3.120046285782741,4421,3589,2.547528737367821,17.669913169870544,-0.06794419355728953
calibration,direct,vendor_covariate,28,4.97541868568744,0.22936964239882385,5.861299073179129,4421,3663,5.033860263498299,20.888985347960794,0.05844157781085979
calibration,direct,vendor_covariate,29,11.739607126087721,0.22414524822221113,12.663193595813668,4421,4061,12.014832464568059,25.491065776702936,0.2752253384803378
calibration,direct,vendor_covariate,30,22.45421999248648,0.1523541093072964,23.51620309739745,4421,4188,22.810499909129348,29.20099733797416,0.35627991664286895
calibration,direct,vendor_covariate,31,36.25853833475598,0.5065859067231803,36.61152637298044,4421,4368,36.59003376774869,34.63211351921285,0.33149543299271045
calibration,direct,vendor_covariate,32,52.89788232015192,1.1714581215010096,52.89788232015192,4421,4421,53.4011272088322,66.80587980491269,0.5032448886802783
calibration,direct,vendor_covariate,33,72.64043150191422,1.604374079912352,72.64043150191422,4421,4421,74.0503096750962,78.45453795118124,1.4098781731819798
calibration,direct,vendor_covariate,34,92.42266620295592,1.7880412821659062,92.42266620295592,4421,4421,94.2480768918431,89.64284663784257,1.8254106888871746
calibration,direct,vendor_covariate,35,109.2241919395203,2.4878129309961436,109.2241919395203,4421,4421,111.63643978477124,98.10740144459922,2.4122478452509455
calibration,direct,vendor_covariate,36,129.61803061183178,2.267889540248108,129.61803061183178,4421,4421,133.7049290170707,103.94070299847729,4.086898405238912
calibration,direct,vendor_covariate,37,141.88117825475643,3.21468905326824,141.88117825475643,4421,4421,148.42681473938129,109.8088700548145,6.5456364846248505
calibration,direct,vendor_covariate,38,155.66161316185068,4.1668112812733185,155.66161316185068,4421,4421,162.95088061686187,115.53857541259052,7.289267455011185
calibration,direct,vendor_covariate,39,169.93768227050782,5.380676487230445,169.93768227050782,4421,4421,176.79202104011227,125.79071585901269,6.854338769604453
calibration,direct,vendor_covariate,40,181.12596989323984,5.442962530995016,181.12596989323984,4421,4421,188.83172722258857,123.35216320438272,7.705757329348728
calibration,direct,vendor_covariate,41,185.63438947360058,4.731097868902016,185.63438947360058,4421,4421,193.0575624789187,140.97391874667065,7.4231730053181195
calibration,direct,vendor_covariate,42,197.6422073670672,6.712096900395564,197.6422073670672,4421,4421,205.0357691868676,166.8081564590035,7.393561819800425
calibration,direct,vendor_covariate,43,204.29695020012602,5.240776468275316,204.29695020012602,4421,4421,211.6870844636152,185.7610243765363,7.390134263489188
calibration,direct,vendor_covariate,44,212.5901363889778,5.984829346519266,212.5901363889778,4421,4421,217.9631783546942,168.50296013637893,5.373041965716396
calibration,direct,vendor_covariate,45,217.7198032735809,5.050796595953015,217.7198032735809,4421,4421,221.99920253547316,177.77538661662766,4.279399261892252
calibration,direct,vendor_covariate,46,221.33483451577288,4.971456035084029,221.33483451577288,4421,4421,228.2624013246701,180.9411893935423,6.927566808897211
calibration,direct,vendor_covariate,47,234.37137951865856,5.34487119639267,234.37137951865856,4421,4421,245.27675050613487,192.74011033896278,10.905370987476317
calibration,direct,vendor_covariate,48,224.9489459418577,4.91473938278982,224.9489459418577,4421,4421,234.9912053057983,193.48266495855177,10.042259363940616
calibration,direct,vendor_covariate,49,225.25657463510805,5.214152057138445,225.25657463510805,4421,4421,233.27108371131388,189.28935227305703,8.014509076205826
calibration,direct,vendor_covariate,50,220.64963740219056,5.700324901364329,220.64963740219056,4421,4421,229.1690452728929,210.4888387822058,8.519407870702338
calibration,direct,vendor_covariate,51,229.40536413478563,5.486525851398262,229.40536413478563,4421,4421,238.00212560218435,214.105955708852,8.596761467398721
calibration,direct,vendor_covariate,52,228.0146090734103,6.112841529641003,228.0146090734103,4421,4421,235.18817526262904,192.64075356112485,7.173566189218747
calibration,direct,vendor_covariate,53,223.82985585802368,5.891151018040942,223.82985585802368,4421,4421,230.59269787425592,189.11893813371628,6.762842016232241
calibration,direct,vendor_covariate,54,213.89487898723598,6.296043361763261,213.89487898723598,4421,4421,222.9707519846945,198.23071634282735,9.075872997458504
calibration,direct,vendor_covariate,55,212.27582491438113,5.272829476901319,212.27582491438113,4421,4421,219.64078361569238,187.5455271424201,7.364958701311252
calibration,direct,vendor_covariate,56,211.00751181173285,5.287853386617184,211.00751181173285,4421,4421,216.62966560457156,190.38240284251427,5.622153792838702
calibration,direct,vendor_covariate,57,220.23635941059462,5.410659995608768,220.23635941059462,4421,4421,227.0207290539667,192.35393751460913,6.784369643372088
calibration,direct,vendor_covariate,58,213.38725404171714,4.764246723207589,213.38725404171714,4421,4421,218.68783695919677,193.5117003812668,5.30058291747963
calibration,direct,vendor_covariate,59,201.49934658954362,5.750942967582908,201.49934658954362,4421,4421,205.6222647629203,189.62855299441256,4.122918173376689
calibration,direct,vendor_covariate,60,193.66993288091686,5.295663857106355,193.66993288091686,4421,4421,202.28309275889194,202.80569312862843,8.613159877975079
calibration,direct,vendor_covariate,61,189.348815169814,5.172993086223514,189.348815169814,4421,4421,200.75462715443012,190.45491967886161,11.405811984616122
calibration,direct,vendor_covariate,62,176.8411364356598,4.497498637741881,176.8411364356598,4421,4421,185.61474455775408,177.89389022557646,8.773608122094288
calibration,direct,vendor_covariate,63,172.06276187005886,3.7752518533368944,172.06276187005886,4421,4421,178.40054628845797,168.20520055448998,6.33778441839911
calibration,direct,vendor_covariate,64,154.10707824038258,3.256016532718283,154.10707824038258,4421,4421,156.1541907069579,168.9520660095516,2.047112466575328
calibration,direct,vendor_covariate,65,130.7686292772375,4.010591370030783,130.7686292772375,4421,4421,141.74714178241894,145.93593130202143,10.978512505181442
calibration,direct,vendor_covariate,66,119.89253774614366,3.283615948373034,119.89253774614366,4421,4421,132.54301549530203,124.14743241898967,12.65047774915837
calibration,direct,vendor_covariate,67,110.41501659772628,3.365484103365656,110.43973290362896,4421,4420,126.44169365895546,114.62394702488889,16.02667706122918
calibration,direct,vendor_covariate,68,95.77158751473837,2.973105834480632,95.91189197728222,4421,4405,108.18935288241973,113.48254706186205,12.417765367681355
calibration,direct,vendor_covariate,69,78.44684447534203,2.260710124598537,78.78091467501135,4421,4393,94.99274410129895,94.16922557935234,16.54589962595692
calibration,direct,vendor_covariate,70,63.12816547333362,1.5252139605826178,64.29383253726773,4421,4330,78.42649374693212,85.38093097279284,15.298328273598507
calibration,direct,vendor_covariate,71,45.94101180156764,1.3016717392774853,47.017702427401595,4421,4306,61.14431585868902,75.89158274564834,15.203304057121379
calibration,direct,vendor_covariate,72,37.75405022037158,0.9782720306439107,38.69067580785291,4421,4304,52.75013436937117,58.155860990807994,14.996084148999586
calibration,direct,vendor_covariate,73,31.645650327965715,0.6546504022019993,32.488350160358415,4421,4299,46.286289388951765,37.563816895249204,14.64063906098605
calibration,direct,vendor_covariate,74,22.053661119856624,0.4625289997080163,22.688098733898716,4421,4288,32.62396195075131,26.324179236145994,10.570300830894684
calibration,direct,vendor_covariate,75,16.3710925453846,0.3464996636580859,17.09370311735972,4421,4204,28.70687828319475,25.452399332575467,12.335785737810152
calibration,direct,vendor_covariate,76,10.783977738251812,0.2982223581851592,11.526544491470103,4421,4021,23.47436424255406,22.76121085563576,12.690386504302248
calibration,direct,vendor_covariate,77,7.770773779987655,0.20346938041999443,8.41729664810288,4421,3998,22.25658954104894,19.89507463423583,14.485815761061284
calibration,direct,vendor_covariate,78,4.778597351033965,0.20603127295742976,5.235768114656813,4421,3985,19.2552237933051,18.271013981564266,14.476626442271133
calibration,direct,vendor_covariate,79,3.063590894104403,0.2061735717286543,3.550976835586654,4421,3710,18.958307876777127,17.471994549441806,15.894716982672724
calibration,direct,vendor_covariate,80,1.9869773568462095,0.18213631436482067,2.3794245296574768,4421,3548,21.629829926336335,17.11436548530551,19.642852569490124
calibration,direct,vendor_covariate,81,1.4553652099305712,0.20209363448312748,1.8358763436368704,4421,3245,20.13091752237122,16.768614052564413,18.67555231244065
calibration,direct,vendor_covariate,82,1.2454323485251324,0.17657850010798531,1.7936500896262766,4421,2746,20.429223331330498,16.74208499272602,19.183790982805366
calibration,direct,vendor_covariate,83,1.0373564594893396,0.1951526005959977,1.594501758009763,4421,2476,19.798375275094493,16.947917850596887,18.761018815605155
calibration,direct,vendor_covariate,84,1.2290524753740444,0.24699079798203222,1.9255117240312045,4421,2430,18.226869344845284,17.07054923747576,16.99781686947124
calibration,direct,vendor_covariate,85,1.1776445751360498,0.21883106004260827,1.8420222878540433,4421,2430,17.243824247683293,16.95631256179335,16.066179672547243
calibration,direct,vendor_covariate,86,1.1826363746026265,0.33614061633409265,1.8323092611675216,4421,2430,17.940860833441413,16.956322121376772,16.758224458838786
calibration,direct,vendor_covariate,87,1.200663584881702,0.26664170585361324,1.8848114271061838,4421,2430,17.98379442391985,16.95637520467632,16.783130839038147
calibration,direct,vendor_covariate,88,1.205711072458688,0.2731825233310289,1.9034590047833975,4421,2430,19.807240422819298,16.956405033916898,18.60152935036061
calibration,direct,vendor_covariate,89,1.1156157781470046,0.2124660088012553,1.7683389061034769,4421,2430,18.22071441649393,16.95646597347155,17.105098638346924
calibration,direct,vendor_covariate,90,1.0524916012949013,0.23007968691650219,1.622298202388479,4421,2430,18.774302869517374,16.956436101265,17.721811268222474
calibration,direct,vendor_covariate,91,1.2180588802306314,0.25537100264771834,1.8879094411500197,4421,2430,20.83779040261938,16.956479923453468,19.619731522388747
calibration,direct,vendor_covariate,92,1.1597263767588122,0.2907446891867174,1.740968392255099,4421,2430,18.943388719531313,16.95651162596314,17.7836623427725
calibration,direct,vendor_covariate,93,1.3002999939110398,0.3200884204703205,1.9748406113052566,4421,2430,19.328319324657837,16.956532035132675,18.028019330746798
calibration,direct,vendor_covariate,94,1.2671898827744612,0.28383289561348046,1.9132889807523217,4421,2430,19.396592346019833,16.95654220055755,18.129402463245373
calibration,direct,vendor_covariate,95,1.3131296959644772,0.29934948180719817,2.0690757549808594,4421,2430,19.52776837213316,16.956543303377668,18.214638676168683
calibration,direct,vendor_covariate,96,1.3492916248105946,0.342275208430512,2.1622207216512215,4421,2430,19.538196289403757,16.95653654973202,18.188904664593164
calibration,vendor_residual,target_only,1,0.7080048013622845,0.13096820378624469,0.7476238731133489,4421,2453,0.5004278813652958,7.070552526361442,-0.20757691999698868
calibration,vendor_residual,target_only,2,0.7899571520042711,0.09879225326022087,1.1734774026228394,4421,2453,0.4159309153023326,11.375750641084512,-0.37402623670193846
calibration,vendor_residual,target_only,3,1.0715047894031293,0.07300009045936662,1.8280000039071636,4421,2453,0.5966275816568332,12.769707679144641,-0.47487720774629616
calibration,vendor_residual,target_only,4,1.295541476580411,0.15002606989426465,2.246794367409873,4421,2453,0.5484994699712895,13.783442918220807,-0.7470420066091215
calibration,vendor_residual,target_only,5,1.568308436915365,0.11981369017250687,2.7401255843339647,4421,2453,0.5467243771764663,14.525938889576702,-1.0215840597388988
calibration,vendor_residual,target_only,6,1.7041259101868218,0.1657276633688034,2.981480277976823,4421,2453,0.60601738999124,15.073397295831189,-1.0981085201955818
calibration,vendor_residual,target_only,7,2.0430328675852136,0.19574224649856956,3.5874059156104745,4421,2453,0.634685016941379,15.479601540071647,-1.4083478506438345
calibration,vendor_residual,target_only,8,2.0648401079392817,0.24198732923823946,3.624347516422087,4421,2453,0.685604063898293,15.782806035034234,-1.3792360440409888
calibration,vendor_residual,target_only,9,2.0885142255685785,0.3007185148849602,3.643289897199297,4421,2453,0.7035691422897642,16.01040348792528,-1.3849450832788142
calibration,vendor_residual,target_only,10,2.0765721905378975,0.2544091164339941,3.613915020028812,4421,2453,0.5635313821028471,16.182125166985386,-1.5130408084350504
calibration,vendor_residual,target_only,11,2.076800210365561,0.23353709500507888,3.637167787017061,4421,2453,0.5764436841216729,16.32354643135361,-1.500356526243888
calibration,vendor_residual,target_only,12,2.289409430719199,0.24332518686571336,3.9845436415301014,4421,2430,0.6352238391203314,16.58264245575883,-1.6541855915988677
calibration,vendor_residual,target_only,13,2.1367254562774596,0.2586424662684557,3.7169744959850592,4421,2430,0.6259751668843407,16.658854363810374,-1.5107502893931188
calibration,vendor_residual,target_only,14,2.2173096028534967,0.25156383753836775,3.82611609474862,4421,2438,0.6666225411509084,16.814898327660515,-1.5506870617025883
calibration,vendor_residual,target_only,15,2.1899044100700737,0.2592400374224811,3.720995411872404,4421,2430,0.6024090287730036,16.76356920010082,-1.58749538129707
calibration,vendor_residual,target_only,16,2.5313296312449984,0.3261962114252674,4.4251561846269505,4421,2430,0.661296554475781,16.787490765122655,-1.8700330767692175
calibration,vendor_residual,target_only,17,2.5502659629147497,0.3215797071364686,4.433178770737368,4421,2430,0.6373737881903918,16.81542800963401,-1.912892174724358
calibration,vendor_residual,target_only,18,2.579768225796948,0.3828059420584867,4.487527012839151,4421,2430,0.9386668650528524,16.837328463355895,-1.6411013607440954
calibration,vendor_residual,target_only,19,2.3988956835296316,0.38078640727167257,4.112104661075181,4421,2430,0.8978805663510636,16.85450965184888,-1.501015117178568
calibration,vendor_residual,target_only,20,2.4738735665749645,0.4033648874716023,4.293739847410259,4421,2431,0.9983653723581083,16.870762657110873,-1.4755081942168562
calibration,vendor_residual,target_only,21,2.3424672113448635,0.306446236569321,4.034322743041457,4421,2431,0.9306004552426295,16.88137627331911,-1.411866756102234
calibration,vendor_residual,target_only,22,2.3498672859392515,0.3439234345877148,4.036921468706083,4421,2431,1.0149310204498154,16.889719546335,-1.3349362654894361
calibration,vendor_residual,target_only,23,2.403889553694714,0.3304307305074886,4.090630235864344,4421,2431,0.960869096612629,16.896286426436998,-1.443020457082085
calibration,vendor_residual,target_only,24,2.3554301143722793,0.305625313668412,3.9988463121307447,4421,2431,1.1624759735498384,16.90393906442228,-1.192954140822441
calibration,vendor_residual,target_only,25,2.393100485850206,0.26867542009644885,3.86612000420334,4421,2577,1.3994525261487891,16.887257509767778,-0.9936479597014167
calibration,vendor_residual,target_only,26,3.088808597027042,0.25344123816610414,3.9859587330859036,4421,3400,1.7156270328251362,17.181246846646445,-1.3731815642019056
calibration,vendor_residual,target_only,27,4.1191485016888025,0.23224079662168007,5.069807746686022,4421,3589,3.1382620330088904,17.669913169870544,-0.9808864686799121
calibration,vendor_residual,target_only,28,5.718069789481873,0.14113320097916063,6.896760034599687,4421,3663,5.615192423301297,20.888985347960794,-0.10287736618057597
calibration,vendor_residual,target_only,29,12.878856412721005,0.35378783715577516,14.011753482105739,4421,4061,11.652326423253372,25.491065776702936,-1.2265299894676325
calibration,vendor_residual,target_only,30,21.56220745755342,0.46808574527031677,22.75700906834273,4421,4188,20.994684908126008,29.20099733797416,-0.5675225494274123
calibration,vendor_residual,target_only,31,29.77153212236905,0.5043127093756834,30.126469360968677,4421,4368,33.93287914841547,34.63211351921285,4.161347026046425
calibration,vendor_residual,target_only,32,45.69662185616693,0.294183864126823,45.69662185616693,4421,4421,49.74221169295499,66.80587980491269,4.045589836788061
calibration,vendor_residual,target_only,33,55.31399756914837,0.7158761195744464,55.31399756914837,4421,4421,67.70242031552723,78.45453795118124,12.388422746378865
calibration,vendor_residual,target_only,34,68.10450915578676,1.230857479863772,68.10450915578676,4421,4421,89.09538063404122,89.64284663784257,20.990871478254462
calibration,vendor_residual,target_only,35,78.74071336836789,2.213525133099144,78.74071336836789,4421,4421,107.83491054088533,98.10740144459922,29.09419717251744
calibration,vendor_residual,target_only,36,89.3095368163272,1.4738497774610864,89.3095368163272,4421,4421,128.991852911113,103.94070299847729,39.682316094785804
calibration,vendor_residual,target_only,37,96.44952617696403,1.5376170704075758,96.44952617696403,4421,4421,144.16166102915503,109.8088700548145,47.712134852191
calibration,vendor_residual,target_only,38,109.1358464324107,1.204646920575237,109.1358464324107,4421,4421,159.7877797314731,115.53857541259052,50.65193329906241
calibration,vendor_residual,target_only,39,115.30456679988151,2.769010317722513,115.30456679988151,4421,4421,177.07240609665357,125.79071585901269,61.76783929677205
calibration,vendor_residual,target_only,40,110.2282106896792,2.717144828733989,110.2282106896792,4421,4421,189.10971013451444,123.35216320438272,78.88149944483524
calibration,vendor_residual,target_only,41,114.22334871648776,1.780366402676828,114.22334871648776,4421,4421,193.23911057090316,140.97391874667065,79.0157618544154
calibration,vendor_residual,target_only,42,128.581405849828,1.922364776125585,128.581405849828,4421,4421,208.7990356342721,166.8081564590035,80.21762978444409
calibration,vendor_residual,target_only,43,140.66162856241954,1.6553700802904188,140.66162856241954,4421,4421,212.89988306963812,185.7610243765363,72.23825450721858
calibration,vendor_residual,target_only,44,127.74912108681737,2.15939446038517,127.74912108681737,4421,4421,220.65202375850077,168.50296013637893,92.9029026716834
calibration,vendor_residual,target_only,45,128.29435781318452,2.9542934524709654,128.29435781318452,4421,4421,220.5924369916695,177.77538661662766,92.29807917848498
calibration,vendor_residual,target_only,46,128.57941769833002,1.6102659588106398,128.57941769833002,4421,4421,227.88658036236322,180.9411893935423,99.3071626640332
calibration,vendor_residual,target_only,47,141.54522615500503,0.8409258291630847,141.54522615500503,4421,4421,245.11550759893436,192.74011033896278,103.57028144392933
calibration,vendor_residual,target_only,48,137.48418345957927,1.5135034723447889,137.48418345957927,4421,4421,239.24342137108036,193.48266495855177,101.75923791150109
calibration,vendor_residual,target_only,49,132.3789470954918,1.422950145879343,132.3789470954918,4421,4421,239.11428429225822,189.28935227305703,106.73533719676641
calibration,vendor_residual,target_only,50,147.8543280552338,1.2044140522318518,147.8543280552338,4421,4421,232.57562803960383,210.4888387822058,84.72129998437003
calibration,vendor_residual,target_only,51,155.32964476101455,0.9525098334390212,155.32964476101455,4421,4421,238.68901129069388,214.105955708852,83.35936652967933
calibration,vendor_residual,target_only,52,149.57226160211377,1.9251434190868608,149.57226160211377,4421,4421,233.07700619032175,192.64075356112485,83.50474458820798
calibration,vendor_residual,target_only,53,153.42820856031108,1.9778432879527652,153.42820856031108,4421,4421,227.96518856232652,189.11893813371628,74.53698000201544
calibration,vendor_residual,target_only,54,157.43909430240626,1.7183314097169258,157.43909430240626,4421,4421,221.85643288575776,198.23071634282735,64.4173385833515
calibration,vendor_residual,target_only,55,143.73986544484282,1.960286289965761,143.73986544484282,4421,4421,217.64539662433765,187.5455271424201,73.90553117949483
calibration,vendor_residual,target_only,56,143.55155601603653,3.7595810815711594,143.55155601603653,4421,4421,216.83508004664066,190.38240284251427,73.28352403060413
calibration,vendor_residual,target_only,57,140.41798241060624,3.110884587181213,140.41798241060624,4421,4421,223.40942959620745,192.35393751460913,82.9914471856012
calibration,vendor_residual,target_only,58,137.3174304350568,2.2244524124476928,137.3174304350568,4421,4421,218.39350138727497,193.5117003812668,81.07607095221817
calibration,vendor_residual,target_only,59,138.3071532333278,1.717849537514116,138.3071532333278,4421,4421,203.77240502899033,189.62855299441256,65.46525179566254
calibration,vendor_residual,target_only,60,141.39515994133586,2.2294183505221716,141.39515994133586,4421,4421,195.58022368300283,202.80569312862843,54.185063741666966
calibration,vendor_residual,target_only,61,130.5441653246375,2.6913924707780943,130.5441653246375,4421,4421,185.7940979097388,190.45491967886161,55.249932585101305
calibration,vendor_residual,target_only,62,132.85441521992584,1.7492825841970774,132.85441521992584,4421,4421,179.17319046958414,177.89389022557646,46.3187752496583
calibration,vendor_residual,target_only,63,131.43947960356695,0.9492056999287952,131.43947960356695,4421,4421,179.1699163764315,168.20520055448998,47.73043677286455
calibration,vendor_residual,target_only,64,113.2395512957798,4.1508484307279,113.2395512957798,4421,4421,161.03274359833134,168.9520660095516,47.79319230255153
calibration,vendor_residual,target_only,65,100.58675979448638,3.3389212259837726,100.58675979448638,4421,4421,144.33180003211845,145.93593130202143,43.74504023763207
calibration,vendor_residual,target_only,66,95.73281679830593,2.231263183822953,95.73281679830593,4421,4421,130.73429854297444,124.14743241898967,35.00148174466851
calibration,vendor_residual,target_only,67,90.94110207412459,1.266331870410301,90.9616769840961,4421,4420,120.0083551185694,114.62394702488889,29.06725304444481
calibration,vendor_residual,target_only,68,77.82248589912436,1.6988163849907871,78.0938787321313,4421,4405,102.72736685111187,113.48254706186205,24.904880951987508
calibration,vendor_residual,target_only,69,61.21905113826256,0.8863677359029327,61.59190654336951,4421,4393,85.76223844642591,94.16922557935234,24.543187308163354
calibration,vendor_residual,target_only,70,53.247816824354615,0.9608837039604369,54.32812945147646,4421,4330,67.56848381324448,85.38093097279284,14.320666988889869
calibration,vendor_residual,target_only,71,48.21676780870797,0.6734367228773063,49.49038602943146,4421,4306,50.73401032760107,75.89158274564834,2.5172425188930987
calibration,vendor_residual,target_only,72,38.308669775131555,0.5278759121258857,39.34119932222664,4421,4304,43.213875664262936,58.155860990807994,4.905205889131381
calibration,vendor_residual,target_only,73,26.65689239914811,0.28695864768240575,27.397536221365822,4421,4299,36.946846992539584,37.563816895249204,10.289954593391474
calibration,vendor_residual,target_only,74,20.32196117242491,0.2883247139027915,20.93039521593843,4421,4288,25.748515009966226,26.324179236145994,5.4265538375413165
calibration,vendor_residual,target_only,75,16.793710661198148,0.2568679834521674,17.61380070492596,4421,4204,22.628789117336808,25.452399332575467,5.83507845613866
calibration,vendor_residual,target_only,76,11.75298827340584,0.21458701089761312,12.884048581673307,4421,4021,16.639431303770955,22.76121085563576,4.886443030365115
calibration,vendor_residual,target_only,77,7.10005264269391,0.2073051720939437,7.834824617280265,4421,3998,14.848273871325429,19.89507463423583,7.748221228631518
calibration,vendor_residual,target_only,78,4.9854873027635795,0.17526573720583524,5.520066677345215,4421,3985,12.27966215957141,18.271013981564266,7.294174856807831
calibration,vendor_residual,target_only,79,3.398504688805812,0.16495843994350684,4.028562447013005,4421,3710,10.823331138820068,17.471994549441806,7.4248264500142565
calibration,vendor_residual,target_only,80,3.4570790179408077,0.16792757706227224,4.2763815921476125,4421,3548,11.977987648842229,17.11436548530551,8.52090863090142
calibration,vendor_residual,target_only,81,3.03056113813677,0.1624373808620196,4.045568072316724,4421,3245,10.051438758942833,16.768614052564413,7.020877620806063
calibration,vendor_residual,target_only,82,2.577118125545441,0.18774664962345133,3.9497297955049437,4421,2746,9.08688728307165,16.74208499272602,6.509769157526209
calibration,vendor_residual,target_only,83,2.7916176254021483,0.2015356213956597,4.842824500773714,4421,2476,7.446604410753852,16.947917850596887,4.654986785351704
calibration,vendor_residual,target_only,84,2.662483425068736,0.19291948102811013,4.7208587059279745,4421,2430,5.038384935874015,17.07054923747576,2.3759015108052792
calibration,vendor_residual,target_only,85,2.613342771347847,0.18267853639326032,4.64468800772519,4421,2430,4.160928878214424,16.95631256179335,1.5475861068665768
calibration,vendor_residual,target_only,86,2.5660886942209795,0.20721040953515563,4.564920006198698,4421,2430,5.481384440445066,16.956322121376772,2.915295746224086
calibration,vendor_residual,target_only,87,2.553304508340475,0.22582739749826605,4.549368155977608,4421,2430,4.91969385298946,16.95637520467632,2.366389344648985
calibration,vendor_residual,target_only,88,2.4855823449654992,0.2117003914196984,4.424905096180665,4421,2430,6.219283076306121,16.956405033916898,3.733700731340622
calibration,vendor_residual,target_only,89,2.547122319927633,0.20988321610470104,4.5655598282456635,4421,2430,3.938271835409703,16.95646597347155,1.3911495154820699
calibration,vendor_residual,target_only,90,2.580521179956975,0.20875551766135672,4.631794369959492,4421,2430,5.243367048970946,16.956436101265,2.6628458690139705
calibration,vendor_residual,target_only,91,2.56374869444374,0.216752663922307,4.609348304399889,4421,2430,7.5784436845467305,16.956479923453468,5.01469499010299
calibration,vendor_residual,target_only,92,2.431052857835555,0.21420305743995646,4.378146314582981,4421,2430,7.296629339613288,16.95651162596314,4.865576481777733
calibration,vendor_residual,target_only,93,2.5974601968685658,0.21914265375531713,4.671295558191537,4421,2430,7.1536403863613485,16.956532035132675,4.556180189492783
calibration,vendor_residual,target_only,94,2.6900334667987984,0.2340974303456885,4.840046598323548,4421,2430,7.2153454039273655,16.95654220055755,4.525311937128567
calibration,vendor_residual,target_only,95,2.765897208821258,0.2533296267668869,4.975289044298645,4421,2430,8.311980204881703,16.956543303377668,5.546082996060445
calibration,vendor_residual,target_only,96,2.434813362911531,0.2094142964719404,4.396870489701185,4421,2430,6.965360586181977,16.95653654973202,4.530547223270446
calibration,vendor_residual,vendor_covariate,1,0.6131689373999885,0.19065861174266385,0.7556729989798311,4421,2453,0.8315795463076703,7.070552526361442,0.21841060890768182
calibration,vendor_residual,vendor_covariate,2,1.2812903445593289,0.25203215481166613,2.177968322130629,4421,2453,0.6401275917479339,11.375750641084512,-0.641162752811395
calibration,vendor_residual,vendor_covariate,3,1.8532664797395657,0.3225128737696384,3.283141881303041,4421,2453,0.7304496276710719,12.769707679144641,-1.1228168520684938
calibration,vendor_residual,vendor_covariate,4,1.9048360407342961,0.27877139780135607,3.3806679192459197,4421,2453,0.8570688651322426,13.783442918220807,-1.0477671756020537
calibration,vendor_residual,vendor_covariate,5,2.3641287412006013,0.3562097189752075,4.224102511973926,4421,2453,0.740037874722986,14.525938889576702,-1.6240908664776152
calibration,vendor_residual,vendor_covariate,6,2.55519563495877,0.350549920879721,4.58128233032428,4421,2453,0.7290582838463119,15.073397295831189,-1.826137351112458
calibration,vendor_residual,vendor_covariate,7,2.871453601630302,0.3580496997030919,5.152505700907875,4421,2453,0.7875760365782319,15.479601540071647,-2.08387756505207
calibration,vendor_residual,vendor_covariate,8,3.044200029625074,0.388974310406092,5.461164498131729,4421,2453,0.8294218240322937,15.782806035034234,-2.21477820559278
calibration,vendor_residual,vendor_covariate,9,3.2000568719101934,0.39020814797548037,5.7440179730227525,4421,2453,0.8059278400379578,16.01040348792528,-2.3941290318722355
calibration,vendor_residual,vendor_covariate,10,2.9432699740561086,0.3553198359677284,5.268839413957318,4421,2453,0.7227220331325641,16.182125166985386,-2.2205479409235442
calibration,vendor_residual,vendor_covariate,11,3.2468542345480444,0.4081022704588481,5.822324330048906,4421,2453,0.6249013227593051,16.32354643135361,-2.6219529117887395
calibration,vendor_residual,vendor_covariate,12,3.3083592023070487,0.3428541544189422,5.962979197167658,4421,2430,0.8311108149186899,16.58264245575883,-2.477248387388359
calibration,vendor_residual,vendor_covariate,13,2.9764019506834747,0.2833033073430734,5.368023733360706,4421,2430,0.7539874320981294,16.658854363810374,-2.2224145185853454
calibration,vendor_residual,vendor_covariate,14,2.9175926975113646,0.3127380065243543,5.228048869457754,4421,2438,0.9314005465682808,16.814898327660515,-1.9861921509430838
calibration,vendor_residual,vendor_covariate,15,2.8887054612099408,0.28567090647709104,5.198410701297689,4421,2430,1.0425041256824643,16.76356920010082,-1.8462013355274765
calibration,vendor_residual,vendor_covariate,16,3.2402160855017845,0.34214866757664875,5.8297039092059855,4421,2430,1.1465198693240486,16.787490765122655,-2.0936962161777357
calibration,vendor_residual,vendor_covariate,17,3.161486298539668,0.4075318651505348,5.690519641427348,4421,2430,1.0174739515947784,16.81542800963401,-2.1440123469448897
calibration,vendor_residual,vendor_covariate,18,3.137168031168476,0.4500631858391353,5.648214864627803,4421,2430,1.2935081536106297,16.837328463355895,-1.8436598775578465
calibration,vendor_residual,vendor_covariate,19,2.9615070430441075,0.5051630582021663,5.331258335252977,4421,2430,1.3058298959281676,16.85450965184888,-1.65567714711594
calibration,vendor_residual,vendor_covariate,20,2.9821994730697727,0.41269727784025967,5.387701791009116,4421,2431,1.2797253646434226,16.870762657110873,-1.7024741084263502
calibration,vendor_residual,vendor_covariate,21,3.1480523426927043,0.393151171491379,5.689789683119514,4421,2431,1.1778183607018708,16.88137627331911,-1.9702339819908334
calibration,vendor_residual,vendor_covariate,22,3.024567847421139,0.32592553845919314,5.465468539703348,4421,2431,1.360789770632786,16.889719546335,-1.6637780767883528
calibration,vendor_residual,vendor_covariate,23,3.0467759307335824,0.4414007431821101,5.502171271180495,4421,2431,1.1829778416520742,16.896286426436998,-1.8637980890815082
calibration,vendor_residual,vendor_covariate,24,3.304239677388594,0.4588941783142498,5.963439271372167,4421,2431,1.4135941498595646,16.90393906442228,-1.8906455275290295
calibration,vendor_residual,vendor_covariate,25,3.3044781662646265,0.4654876527076619,5.6384402323329335,4421,2577,1.611906384745974,16.887257509767778,-1.6925717815186525
calibration,vendor_residual,vendor_covariate,26,3.96221038756317,0.45399387500363725,5.14686482470201,4421,3400,1.6438050755772906,17.181246846646445,-2.318405311985879
calibration,vendor_residual,vendor_covariate,27,5.002490119352334,0.49196134148187026,6.156705170332353,4421,3589,2.547528737367821,17.669913169870544,-2.4549613819845133
calibration,vendor_residual,vendor_covariate,28,6.46559835061199,0.36099954258727623,7.8022475248604986,4421,3663,5.033860263498299,20.888985347960794,-1.4317380871136907
calibration,vendor_residual,vendor_covariate,29,13.887149690129865,0.4388429487249008,15.11225611425485,4421,4061,12.014832464568059,25.491065776702936,-1.8723172255618064
calibration,vendor_residual,vendor_covariate,30,21.806833071191395,0.3810902520549454,23.01922315244193,4421,4188,22.810499909129348,29.20099733797416,1.0036668379379527
calibration,vendor_residual,vendor_covariate,31,30.292799839123365,0.30568622253033734,30.658869630600993,4421,4368,36.59003376774869,34.63211351921285,6.297233928625328
calibration,vendor_residual,vendor_covariate,32,51.15303991830754,0.7443436790271826,51.15303991830754,4421,4421,53.4011272088322,66.80587980491269,2.2480872905246585
calibration,vendor_residual,vendor_covariate,33,60.617661570341056,1.0143672158918506,60.617661570341056,4421,4421,74.0503096750962,78.45453795118124,13.432648104755145
calibration,vendor_residual,vendor_covariate,34,74.18340528824068,1.1862246856919796,74.18340528824068,4421,4421,94.2480768918431,89.64284663784257,20.06467160360242
calibration,vendor_residual,vendor_covariate,35,88.72489985264991,1.3373033262375942,88.72489985264991,4421,4421,111.63643978477124,98.10740144459922,22.91153993212133
calibration,vendor_residual,vendor_covariate,36,93.30301323729158,1.4540582634743704,93.30301323729158,4421,4421,133.7049290170707,103.94070299847729,40.40191577977912
calibration,vendor_residual,vendor_covariate,37,102.15015103270886,0.8790478375537849,102.15015103270886,4421,4421,148.42681473938129,109.8088700548145,46.27666370667242
calibration,vendor_residual,vendor_covariate,38,111.0136534744992,1.0205515443937174,111.0136534744992,4421,4421,162.95088061686187,115.53857541259052,51.93722714236267
calibration,vendor_residual,vendor_covariate,39,121.12870160655815,1.7725628546894667,121.12870160655815,4421,4421,176.79202104011227,125.79071585901269,55.66331943355412
calibration,vendor_residual,vendor_covariate,40,113.59806942950001,2.0321699920759495,113.59806942950001,4421,4421,188.83172722258857,123.35216320438272,75.23365779308855
calibration,vendor_residual,vendor_covariate,41,119.19023505325578,1.7921938978720604,119.19023505325578,4421,4421,193.0575624789187,140.97391874667065,73.86732742566292
calibration,vendor_residual,vendor_covariate,42,137.94366664855386,2.2656910485608273,137.94366664855386,4421,4421,205.0357691868676,166.8081564590035,67.09210253831375
calibration,vendor_residual,vendor_covariate,43,148.6910097109768,2.587585772504647,148.6910097109768,4421,4421,211.6870844636152,185.7610243765363,62.99607475263841
calibration,vendor_residual,vendor_covariate,44,137.25052378299853,2.7655526593052713,137.25052378299853,4421,4421,217.9631783546942,168.50296013637893,80.71265457169568
calibration,vendor_residual,vendor_covariate,45,137.52644703128936,2.2091348129757833,137.52644703128936,4421,4421,221.99920253547316,177.77538661662766,84.4727555041838
calibration,vendor_residual,vendor_covariate,46,139.12800706031294,2.47149969258153,139.12800706031294,4421,4421,228.2624013246701,180.9411893935423,89.13439426435716
calibration,vendor_residual,vendor_covariate,47,152.4754365008961,2.363429795097182,152.4754365008961,4421,4421,245.27675050613487,192.74011033896278,92.80131400523877
calibration,vendor_residual,vendor_covariate,48,143.07743834522995,2.2807287122695072,143.07743834522995,4421,4421,234.9912053057983,193.48266495855177,91.91376696056835
calibration,vendor_residual,vendor_covariate,49,139.86498700738787,1.8239781282750733,139.86498700738787,4421,4421,233.27108371131388,189.28935227305703,93.40609670392601
calibration,vendor_residual,vendor_covariate,50,152.8077475529766,2.323469371134379,152.8077475529766,4421,4421,229.1690452728929,210.4888387822058,76.36129771991631
calibration,vendor_residual,vendor_covariate,51,163.63989958117142,2.1325165692506536,163.63989958117142,4421,4421,238.00212560218435,214.105955708852,74.36222602101293
calibration,vendor_residual,vendor_covariate,52,160.01240094953437,2.048829638169248,160.01240094953437,4421,4421,235.18817526262904,192.64075356112485,75.17577431309468
calibration,vendor_residual,vendor_covariate,53,162.6500850748736,1.7758017288612526,162.6500850748736,4421,4421,230.59269787425592,189.11893813371628,67.94261279938232
calibration,vendor_residual,vendor_covariate,54,162.42092563555175,1.1936386656762263,162.42092563555175,4421,4421,222.9707519846945,198.23071634282735,60.549826349142734
calibration,vendor_residual,vendor_covariate,55,146.74498067085284,1.133607367749339,146.74498067085284,4421,4421,219.64078361569238,187.5455271424201,72.89580294483955
calibration,vendor_residual,vendor_covariate,56,147.68120335477414,2.306079044845377,147.68120335477414,4421,4421,216.62966560457156,190.38240284251427,68.94846224979742
calibration,vendor_residual,vendor_covariate,57,147.20352419867558,3.2392413397013207,147.20352419867558,4421,4421,227.0207290539667,192.35393751460913,79.81720485529112
calibration,vendor_residual,vendor_covariate,58,141.14588123907362,2.4780439017966454,141.14588123907362,4421,4421,218.68783695919677,193.5117003812668,77.54195572012316
calibration,vendor_residual,vendor_covariate,59,138.8874370843616,3.0658754242077615,138.8874370843616,4421,4421,205.6222647629203,189.62855299441256,66.7348276785587
calibration,vendor_residual,vendor_covariate,60,144.38999176450037,2.4879941181451124,144.38999176450037,4421,4421,202.28309275889194,202.80569312862843,57.893100994391574
calibration,vendor_residual,vendor_covariate,61,137.43135282426792,2.4770324901136727,137.43135282426792,4421,4421,200.75462715443012,190.45491967886161,63.32327433016221
calibration,vendor_residual,vendor_covariate,62,137.87712535257774,2.5762708719224277,137.87712535257774,4421,4421,185.61474455775408,177.89389022557646,47.737619205176344
calibration,vendor_residual,vendor_covariate,63,137.71389240350464,2.4199229242301574,137.71389240350464,4421,4421,178.40054628845797,168.20520055448998,40.68665388495333
calibration,vendor_residual,vendor_covariate,64,123.58723264701068,1.8952177568646464,123.58723264701068,4421,4421,156.1541907069579,168.9520660095516,32.566958059947225
calibration,vendor_residual,vendor_covariate,65,108.03216116716209,1.0801648912422486,108.03216116716209,4421,4421,141.74714178241894,145.93593130202143,33.71498061525685
calibration,vendor_residual,vendor_covariate,66,101.44609332625609,0.7183267641491632,101.44609332625609,4421,4421,132.54301549530203,124.14743241898967,31.09692216904594
calibration,vendor_residual,vendor_covariate,67,101.54715789274148,1.6139031003474416,101.57013236285297,4421,4420,126.44169365895546,114.62394702488889,24.894535766213977
calibration,vendor_residual,vendor_covariate,68,80.37078295034756,0.5172756820374997,80.66139114551723,4421,4405,108.18935288241973,113.48254706186205,27.818569932072165
calibration,vendor_residual,vendor_covariate,69,64.17622834720129,1.1796690403631875,64.58383817027891,4421,4393,94.99274410129895,94.16922557935234,30.816515754097665
calibration,vendor_residual,vendor_covariate,70,58.45856413997225,1.358126333523309,59.681407715670055,4421,4330,78.42649374693212,85.38093097279284,19.96792960695987
calibration,vendor_residual,vendor_covariate,71,53.356836965987995,1.2726920063126133,54.779230713119716,4421,4306,61.14431585868902,75.89158274564834,7.787478892701024
calibration,vendor_residual,vendor_covariate,72,39.58080623022858,0.779146896074333,40.65486158667671,4421,4304,52.75013436937117,58.155860990807994,13.169328139142586
calibration,vendor_residual,vendor_covariate,73,27.050114714332274,0.288866591356257,27.80784860234711,4421,4299,46.286289388951765,37.563816895249204,19.23617467461949
calibration,vendor_residual,vendor_covariate,74,21.045189684693955,0.2650265270820675,21.692300299673533,4421,4288,32.62396195075131,26.324179236145994,11.578772266057353
calibration,vendor_residual,vendor_covariate,75,17.748055623247133,0.35674927437820536,18.660656438712305,4421,4204,28.70687828319475,25.452399332575467,10.958822659947618
calibration,vendor_residual,vendor_covariate,76,12.2727425677184,0.3493744168535451,13.487080751766868,4421,4021,23.47436424255406,22.76121085563576,11.20162167483566
calibration,vendor_residual,vendor_covariate,77,7.6728736092702245,0.3629236726092498,8.477162206333988,4421,3998,22.25658954104894,19.89507463423583,14.583715931778714
calibration,vendor_residual,vendor_covariate,78,6.0818687688627335,0.3966038134173586,6.737608082726518,4421,3985,19.2552237933051,18.271013981564266,13.173355024442365
calibration,vendor_residual,vendor_covariate,79,4.604419850781696,0.39495201439604555,5.478095484995517,4421,3710,18.958307876777127,17.471994549441806,14.353888025995431
calibration,vendor_residual,vendor_covariate,80,4.495468394387746,0.4520680642852936,5.58817852890713,4421,3548,21.629829926336335,17.11436548530551,17.13436153194859
calibration,vendor_residual,vendor_covariate,81,4.039826204761786,0.4848980267795476,5.485360793271281,4421,3245,20.13091752237122,16.768614052564413,16.091091317609433
calibration,vendor_residual,vendor_covariate,82,3.7396489908789095,0.461863264298546,5.985595801681824,4421,2746,20.429223331330498,16.74208499272602,16.68957434045159
calibration,vendor_residual,vendor_covariate,83,3.820986900992474,0.5106475129980279,6.783320653541461,4421,2476,19.798375275094493,16.947917850596887,15.97738837410202
calibration,vendor_residual,vendor_covariate,84,3.954932797700848,0.47942893097768535,7.154539791622521,4421,2430,18.226869344845284,17.07054923747576,14.271936547144435
calibration,vendor_residual,vendor_covariate,85,3.7505781465702124,0.4695636996681168,6.789960751985439,4421,2430,17.243824247683293,16.95631256179335,13.49324610111308
calibration,vendor_residual,vendor_covariate,86,3.814556696897148,0.45966358181106315,6.9057535684896045,4421,2430,17.940860833441413,16.956322121376772,14.126304136544265
calibration,vendor_residual,vendor_covariate,87,3.7869296074503715,0.47159323709054296,6.855936255412671,4421,2430,17.98379442391985,16.95637520467632,14.196864816469478
calibration,vendor_residual,vendor_covariate,88,3.713791093328136,0.4476051786339697,6.723031124817337,4421,2430,19.807240422819298,16.956405033916898,16.09344932949116
calibration,vendor_residual,vendor_covariate,89,3.716949892672426,0.460980924267098,6.735484275644513,4421,2430,18.22071441649393,16.95646597347155,14.503764523821504
calibration,vendor_residual,vendor_covariate,90,3.6757655473483895,0.4757740222095666,6.662982791480695,4421,2430,18.774302869517374,16.956436101265,15.098537322168985
calibration,vendor_residual,vendor_covariate,91,3.6577978616518116,0.5008954791431497,6.637684239051712,4421,2430,20.83779040261938,16.956479923453468,17.179992540967568
calibration,vendor_residual,vendor_covariate,92,3.4885077673062588,0.47498053002189544,6.33158800985313,4421,2430,18.943388719531313,16.95651162596314,15.454880952225054
calibration,vendor_residual,vendor_covariate,93,3.5811599701482244,0.469448571432475,6.4989449907551515,4421,2430,19.328319324657837,16.956532035132675,15.747159354509613
calibration,vendor_residual,vendor_covariate,94,3.6033687120088884,0.4737261841194804,6.543588755780917,4421,2430,19.396592346019833,16.95654220055755,15.793223634010944
calibration,vendor_residual,vendor_covariate,95,3.66161685718445,0.48557911254577546,6.653472738692665,4421,2430,19.52776837213316,16.956543303377668,15.86615151494871
calibration,vendor_residual,vendor_covariate,96,3.148007121388995,0.4245723437210329,5.7251965698684515,4421,2430,19.538196289403757,16.95653654973202,16.39018916801476
test,direct,target_only,1,0.6781161797326007,0.1790877711026329,0.9133704831931513,8898,3866,0.48946518198651806,3.2331846630808516,-0.18865099774608268
test,direct,target_only,2,0.6396885477706761,0.21216826889992535,0.806298170049165,8898,3866,0.3221764808268201,5.335382997372227,-0.317512066943856
test,direct,target_only,3,0.5756010932729472,0.1820291887706891,0.6706654584840501,8898,3866,0.3466005078876438,6.389384316039267,-0.22900058538530338
test,direct,target_only,4,0.5185685361457375,0.23437274421641044,0.5116733949314533,8898,3866,0.3339457923743445,7.170218322972073,-0.18462274377139298
test,direct,target_only,5,0.6366331427557541,0.29367747561914026,0.6916505061464725,8898,3866,0.4166795896216456,7.753050696535625,-0.21995355313410853
test,direct,target_only,6,0.723759059483646,0.33801754417524077,0.7624867331841774,8898,3866,0.39954823723380234,8.191033700755833,-0.3242108222498437
test,direct,target_only,7,0.7253003301161665,0.3655961767252723,0.7196184208100891,8898,3866,0.4609395735893191,8.522050235133365,-0.2643607565268474
test,direct,target_only,8,0.6959824289960492,0.27739540358219195,0.7181571407150832,8898,3866,0.4707220072730458,8.773290148564541,-0.22526042172300342
test,direct,target_only,9,0.7132803191885221,0.35738724932669674,0.7015333435615181,8898,3866,0.5290349052987691,8.96439927130752,-0.18424541388975302
test,direct,target_only,10,0.6839027922181209,0.23912128778607133,0.5607598569927875,8898,3866,0.40130871335840634,9.109668378476261,-0.28259407885971455
test,direct,target_only,11,0.6584779852926204,0.3096885494512958,0.6045945350616876,8898,3866,0.4935903414711637,9.22287226700721,-0.16488764382145665
test,direct,target_only,12,0.8992359224997686,0.37430784042865783,1.0219114035831156,8898,3862,0.6247180216004364,9.201362338028533,-0.27451790089933215
test,direct,target_only,13,1.1392162986715229,0.4105083044765362,1.4134445986805706,8898,3862,0.8545477454191578,9.264760718698161,-0.28466855325236506
test,direct,target_only,14,1.4182693000799615,0.39329386634702207,1.9992725382838799,8898,3868,1.048720817450686,9.610838343447528,-0.36954848262927564
test,direct,target_only,15,0.9458983581538634,0.39005826316610415,1.0425986642443394,8898,3862,0.5565045063770213,9.348331669426535,-0.38939385177684205
test,direct,target_only,16,0.727318331466668,0.3191669498343038,0.714090880401605,8898,3862,0.45631921518955176,9.373156705186654,-0.27099911627711626
test,direct,target_only,17,0.8807622369032659,0.36424474142605034,0.9278032766043214,8898,3862,0.4955611931316261,9.393043143208468,-0.38520104377163983
test,direct,target_only,18,1.1074736145061805,0.5281876817470748,1.2724086623085202,8898,3862,0.6983239465331762,9.40781690264328,-0.40914966797300434
test,direct,target_only,19,1.363058493236253,0.5851486816536081,1.6330155544598142,8898,3862,0.8310506148484789,9.41882395657898,-0.5320078783877742
test,direct,target_only,20,1.1641506352673163,0.4504242269378872,1.296382582792105,8898,3865,0.7364572866933337,9.427302000498736,-0.42769334857398267
test,direct,target_only,21,1.2399725565959778,0.5007914989758915,1.4852341332670695,8898,3865,0.8567048294377544,9.433779484390502,-0.38326772715822344
test,direct,target_only,22,1.2603268498946316,0.39357055648720435,1.357840110627108,8898,3865,0.8919814139282755,9.439010801335783,-0.36834543596635616
test,direct,target_only,23,1.5534356488074827,0.44611437821524674,1.6041903005658156,8898,3865,0.9986358866954228,9.442642803732586,-0.55479976211206
test,direct,target_only,24,1.5709360206745557,0.47216241377078144,1.4093792272332077,8898,3865,1.3217863515646826,9.448693553124523,-0.24914966910987313
test,direct,target_only,25,1.927024743975278,0.39088765920011,1.9540822765597063,8898,4107,1.7768581701506458,9.633287543053497,-0.15016657382463205
test,direct,target_only,26,3.01046257022998,0.370014997844798,4.459320858233736,8898,5233,2.8070731226989287,10.764630085674018,-0.20338944753105137
test,direct,target_only,27,5.907369543569113,0.21665244134695608,9.276861633370666,8898,5459,5.67599709406626,11.773377705856646,-0.23137244950285307
test,direct,target_only,28,11.64230320014865,0.32212438143744704,17.309714018320932,8898,5794,11.573459977292536,16.722186347595287,-0.06884322285611333
test,direct,target_only,29,20.826924726646286,0.7609180083816103,26.38017034052552,8898,6898,20.50340240305761,21.589638262012798,-0.3235223235886764
test,direct,target_only,30,34.43514448089411,1.8275978144425844,37.4837532467045,8898,8126,33.73176657711881,26.510890954341367,-0.7033779037752979
test,direct,target_only,31,48.470130332484025,1.8985301929093523,48.85201349026151,8898,8809,48.49894556252352,38.9130769121761,0.02881523003949127
test,direct,target_only,32,65.1557277037145,2.556460050303348,65.1557277037145,8898,8898,64.82914160644057,59.83500356850653,-0.32658609727393184
test,direct,target_only,33,82.23389377769313,2.51805249203464,82.23389377769313,8898,8898,82.69502759465293,65.82316383571425,0.4611338169598014
test,direct,target_only,34,101.73725824126676,2.384876531578517,101.73725824126676,8898,8898,102.31579209196315,74.69662904792142,0.5785338506963882
test,direct,target_only,35,115.23619886835937,3.441483876147683,115.23619886835937,8898,8898,116.42788907190985,85.56540494540944,1.191690203550479
test,direct,target_only,36,131.94810216342054,3.8600994178092143,131.94810216342054,8898,8898,134.84074690794742,97.02888402833078,2.8926447445268764
test,direct,target_only,37,145.92947627763698,4.679300327268671,145.92947627763698,8898,8898,147.53003054617577,99.53214909610152,1.6005542685387866
test,direct,target_only,38,163.14718262107385,5.23936912290143,163.14718262107385,8898,8898,164.4900110460444,111.58091326574566,1.3428284249705484
test,direct,target_only,39,182.79724995383106,5.539111369737941,182.79724995383106,8898,8898,184.87575798868477,130.29482178637667,2.078508034853712
test,direct,target_only,40,199.1692835168098,5.5656997285478385,199.1692835168098,8898,8898,199.52274185764148,143.09803366771098,0.35345834083167915
test,direct,target_only,41,205.39531592682533,5.441071401706755,205.39531592682533,8898,8898,204.85160249108785,146.16869428033831,-0.5437134357374873
test,direct,target_only,42,215.70614494150567,6.350316881947451,215.70614494150567,8898,8898,215.15640050504547,154.96464105786987,-0.5497444364602018
test,direct,target_only,43,226.911985349592,8.408945359733183,226.911985349592,8898,8898,225.81637160169916,163.94512630041265,-1.095613747892827
test,direct,target_only,44,231.44106399869253,8.236644137638184,231.44106399869253,8898,8898,229.97153597838718,154.52596636043992,-1.4695280203053471
test,direct,target_only,45,225.5620427933195,7.203687808710576,225.5620427933195,8898,8898,224.63998601305957,169.6598268917375,-0.9220567802599362
test,direct,target_only,46,244.17512801077964,6.670784869654915,244.17512801077964,8898,8898,245.5437662104231,183.43642383737995,1.368638199643442
test,direct,target_only,47,255.91567390310996,6.440836504429838,255.91567390310996,8898,8898,258.39427482702797,191.9884876861656,2.478600923918009
test,direct,target_only,48,242.6493307830577,8.060736342149545,242.6493307830577,8898,8898,244.59237528152005,189.2607186672513,1.943044498462342
test,direct,target_only,49,255.71967501749526,8.798310065494565,255.71967501749526,8898,8898,258.5652099332002,206.14812118167785,2.8455349157049454
test,direct,target_only,50,258.71264880194786,8.295922562850635,258.71264880194786,8898,8898,260.9752776782525,204.5234479762833,2.262628876304632
test,direct,target_only,51,254.21688312892007,7.925454154231258,254.21688312892007,8898,8898,255.8753423971907,196.75097435152975,1.658459268270633
test,direct,target_only,52,242.58086657669512,8.570992797002644,242.58086657669512,8898,8898,244.50661997742608,173.05720070810312,1.9257534007309687
test,direct,target_only,53,258.85765128899135,9.172420407927964,258.85765128899135,8898,8898,260.9535222437857,189.74583592411958,2.09587095479435
test,direct,target_only,54,256.7254980710201,10.3774291732927,256.7254980710201,8898,8898,258.8302612910602,186.98641003235784,2.10476322004007
test,direct,target_only,55,250.07698051868027,6.620621825998242,250.07698051868027,8898,8898,253.4166399722123,181.71994169409768,3.339659453532022
test,direct,target_only,56,244.6940976819413,6.732506375142274,244.6940976819413,8898,8898,247.3442802303369,179.91544184159713,2.6501825483956054
test,direct,target_only,57,235.58435232123742,4.881282017209504,235.58435232123742,8898,8898,238.72818524885503,167.0977996143448,3.143832927617609
test,direct,target_only,58,235.46148083290583,3.945739494537807,235.46148083290583,8898,8898,239.93633689566843,184.52447232937703,4.474856062762598
test,direct,target_only,59,224.8505258244206,3.779901263075565,224.8505258244206,8898,8898,229.09873928936778,170.63504895522343,4.2482134649471845
test,direct,target_only,60,223.27125053765525,5.138077038898479,223.27125053765525,8898,8898,226.4986721911248,190.19725955495807,3.2274216534695483
test,direct,target_only,61,225.06930353384817,5.167033993294752,225.06930353384817,8898,8898,229.1510801799474,171.64613111734002,4.081776646099229
test,direct,target_only,62,208.35049188967562,5.303305741292531,208.35049188967562,8898,8898,212.1259279260573,167.35807426560274,3.7754360363816772
test,direct,target_only,63,207.5092435131437,5.007407130564941,207.5092435131437,8898,8898,210.99027733011275,169.48290185742272,3.4810338169690453
test,direct,target_only,64,197.29554410133164,5.263759560425849,197.29554410133164,8898,8898,200.19996743081674,157.25636231099446,2.9044233294850983
test,direct,target_only,65,184.81368155066272,4.898597480052677,184.81368155066272,8898,8898,185.56525738205178,149.51800744851442,0.7515758313890615
test,direct,target_only,66,174.51172122995018,4.1038893209196345,174.51172122995018,8898,8898,174.82053032835572,144.73746110643157,0.3088090984055327
test,direct,target_only,67,165.15286744155415,3.319800289404628,165.15286744155415,8898,8898,168.13841808472054,144.58672030861868,2.985550643166391
test,direct,target_only,68,153.57540343234587,2.7429961802383884,154.1911960313118,8898,8847,157.64284859752155,138.73108130482618,4.067445165175684
test,direct,target_only,69,133.3239255263535,1.8427977197049648,137.85451795684997,8898,8590,140.45735890928103,117.97891266723856,7.133433382927535
test,direct,target_only,70,116.58734621685282,1.7519449216259104,130.3706426082364,8898,7935,124.20822545081847,112.46298922206189,7.620879233965653
test,direct,target_only,71,90.31303709316826,1.5438927057509577,103.62036507523217,8898,7735,96.4580235739549,97.59620836127993,6.144986480786642
test,direct,target_only,72,80.75582932264506,1.9211917071325277,92.71040488506364,8898,7735,85.38377808367296,80.92318912674513,4.627948761027909
test,direct,target_only,73,70.14062232403563,1.6757832100624461,80.69491033159113,8898,7720,73.55614757316643,63.845866324152,3.415525249130795
test,direct,target_only,74,52.03897284621969,1.3341527169902239,60.16872098789222,8898,7676,55.35470754045616,49.78130686344101,3.3157346942364683
test,direct,target_only,75,41.43285935207042,0.9246497933521678,49.76634252790833,8898,7337,45.76290914118252,44.889866618460594,4.3300497891120955
test,direct,target_only,76,27.522605141689624,0.6619529555734794,34.66155318267403,8898,6903,32.014792603904965,30.531713108399845,4.492187462215341
test,direct,target_only,77,19.93710816816396,0.5115758503068282,26.11015614110723,8898,6637,23.194482506664947,23.246321034850556,3.2573743385009877
test,direct,target_only,78,12.568314123978036,0.37556938043704513,16.85465999937205,8898,6510,17.43918524922293,16.63546209314948,4.870871125244895
test,direct,target_only,79,7.282895793475417,0.1455102952974079,11.413617926121312,8898,5473,15.514421328808542,12.365506822228829,8.231525535333125
test,direct,target_only,80,3.7309939912817014,0.16280102424560616,5.812331857789371,8898,5401,17.020303143305526,10.821612245373132,13.289309152023824
test,direct,target_only,81,1.8795493311062885,0.40392763992242503,2.7784900923819165,8898,5155,14.348831949419273,9.059502897624471,12.469282618312985
test,direct,target_only,82,1.0800065352749642,0.417957259344435,1.14036973636314,8898,4384,12.022993925840023,8.644979957934108,10.942987390565058
test,direct,target_only,83,0.9720307500207339,0.4004229769952436,0.873175199468097,8898,3906,8.96080000551311,9.409973943540445,7.988769255492377
test,direct,target_only,84,1.0178998766366913,0.4885957399904495,0.9704575722695655,8898,3862,5.447445420223121,9.50578121426417,4.42954554358643
test,direct,target_only,85,1.0305963515009497,0.49753669347157303,1.0620443733599074,8898,3862,4.196549035312248,9.49076769150652,3.1659526838112986
test,direct,target_only,86,1.0351041476283065,0.5101682877667659,1.071850420371786,8898,3862,4.741748494403401,9.49079027531489,3.7066443467750947
test,direct,target_only,87,0.8973394390577641,0.40581505352350816,0.9135905867919967,8898,3862,4.296699614504595,9.490817848281248,3.399360175446831
test,direct,target_only,88,0.9829645574039066,0.44471473044034454,1.0098851877214037,8898,3862,6.052240674888745,9.49083930078933,5.069276117484838
test,direct,target_only,89,0.7237541396758034,0.36303402957042663,0.7682427606395393,8898,3862,2.890534768725904,9.490863262396871,2.1667806290501006
test,direct,target_only,90,0.8073456580363378,0.3747554254871387,0.8605598747982981,8898,3862,5.080617982617758,9.49086995949187,4.27327232458142
test,direct,target_only,91,0.8885517212731613,0.3911002272193244,0.9095633793438981,8898,3862,7.410233247243634,9.490886026697973,6.5216815259704735
test,direct,target_only,92,0.9140244168952647,0.4085389467790569,0.8985942378630529,8898,3862,7.581069273642328,9.49089761743147,6.667044856747063
test,direct,target_only,93,0.9284382277028289,0.38643843968568276,0.8417617242787166,8898,3862,7.2488580259785875,9.490904986749358,6.320419798275759
test,direct,target_only,94,0.9060225831551963,0.3815704289676754,0.8389706645900763,8898,3862,6.339296100399178,9.490908525751015,5.433273517243982
test,direct,target_only,95,0.7512859032672735,0.3346053665756106,0.7412748072645566,8898,3862,6.689121858442379,9.490908637722145,5.937835955175105
test,direct,target_only,96,0.6744651561531777,0.3046094768999533,0.6728285170275504,8898,3862,5.45210990436592,9.49090573744528,4.777644748212742
test,direct,vendor_covariate,1,0.8210687782480146,0.36197108162313496,1.103286383143708,8898,3866,1.0063939213772672,3.2331846630808516,0.18532514312925263
test,direct,vendor_covariate,2,0.5320642542232551,0.22259951677790996,0.6065777985704949,8898,3866,0.48001747883572854,5.335382997372227,-0.052046775387526556
test,direct,vendor_covariate,3,0.6012654596897705,0.2362192954921145,0.6425144243745567,8898,3866,0.6355817736566347,6.389384316039267,0.03431631396686419
test,direct,vendor_covariate,4,0.4753972531210267,0.22184971429852074,0.4749188499079907,8898,3866,0.4469287039585399,7.170218322972073,-0.02846854916248681
test,direct,vendor_covariate,5,0.7532799129932306,0.3117833854116775,0.7444628365145806,8898,3866,0.6922648074853763,7.753050696535625,-0.06101510550785427
test,direct,vendor_covariate,6,0.7575840081707064,0.35055645656860707,0.7742946558210515,8898,3866,0.5421611014531948,8.191033700755833,-0.21542290671751152
test,direct,vendor_covariate,7,0.7490265835111307,0.2931803504717147,0.8927430684942315,8898,3866,0.7200212750663525,8.522050235133365,-0.02900530844477822
test,direct,vendor_covariate,8,0.8063735983245031,0.3413020646048587,0.9080047696916116,8898,3866,0.7211778569209171,8.773290148564541,-0.08519574140358599
test,direct,vendor_covariate,9,0.8561803885857984,0.33051440552198735,0.8844393685510569,8898,3866,0.7099126407489516,8.96439927130752,-0.14626774783684682
test,direct,vendor_covariate,10,0.7116054239194669,0.31062951974988334,0.6721803133400379,8898,3866,0.6605395618887491,9.109668378476261,-0.051065862030717835
test,direct,vendor_covariate,11,0.7253162940121992,0.323505106931033,0.7182153288281523,8898,3866,0.7266845039358342,9.22287226700721,0.0013682099236349554
test,direct,vendor_covariate,12,0.8106462734550279,0.29813758568757026,0.9114037830796244,8898,3862,0.7915208454377146,9.201362338028533,-0.019125428017313317
test,direct,vendor_covariate,13,1.074541803312258,0.2424931680029152,1.2674539565237173,8898,3862,0.9362082001658265,9.264760718698161,-0.1383336031464315
test,direct,vendor_covariate,14,1.1807067761466004,0.3108067334291026,1.7158541096265711,8898,3868,1.1782772030049595,9.610838343447528,-0.0024295731416408284
test,direct,vendor_covariate,15,0.8369113591167022,0.2996905452634154,0.9001238448751973,8898,3862,0.9275712415046273,9.348331669426535,0.0906598823879251
test,direct,vendor_covariate,16,0.7883473896941918,0.28932260221447087,0.8768196742703758,8898,3862,0.9940188195384343,9.373156705186654,0.20567142984424247
test,direct,vendor_covariate,17,1.2181122253325714,0.4398503887671789,1.3149827532910796,8898,3862,1.1230729573036244,9.393043143208468,-0.09503926802894691
test,direct,vendor_covariate,18,1.3038753542619599,0.3551306176865819,1.4849361751518493,8898,3862,1.3703150889918845,9.40781690264328,0.0664397347299246
test,direct,vendor_covariate,19,1.404297754435998,0.4455174917330449,1.5992982384391192,8898,3862,1.5960817793483253,9.41882395657898,0.19178402491232727
test,direct,vendor_covariate,20,1.4348262987458624,0.3500449197364839,1.6349001447485447,8898,3865,1.5742326813030618,9.427302000498736,0.1394063825571994
test,direct,vendor_covariate,21,1.682772089673305,0.4490390200815547,2.0423863473890336,8898,3865,1.6753126439360206,9.433779484390502,-0.007459445737284298
test,direct,vendor_covariate,22,1.9188479134306329,0.6348931948237446,2.234387737180692,8898,3865,2.097709574298243,9.439010801335783,0.1788616608676099
test,direct,vendor_covariate,23,2.177722673777781,0.4409305179040577,2.3300801311110093,8898,3865,2.1990561156285438,9.442642803732586,0.021333441850762913
test,direct,vendor_covariate,24,2.5456948326202147,0.3867570623862204,2.395477621293977,8898,3865,2.7160786732282163,9.448693553124523,0.1703838406080016
test,direct,vendor_covariate,25,2.986931188035946,0.4401096885390007,3.1589210190630013,8898,4107,3.4007599917740134,9.633287543053497,0.4138288037380673
test,direct,vendor_covariate,26,3.629683720778108,0.32511814124901245,5.384388256436893,8898,5233,3.6894421935849016,10.764630085674018,0.059758472806793694
test,direct,vendor_covariate,27,5.544007908188927,0.08138992374022451,8.646299901699633,8898,5459,5.44660795733349,11.773377705856646,-0.09739995085543729
test,direct,vendor_covariate,28,11.517284448595088,0.2251278553314667,17.145143875868772,8898,5794,11.15399515062562,16.722186347595287,-0.36328929796946774
test,direct,vendor_covariate,29,20.390458146182922,0.8422343302018502,25.832744583238465,8898,6898,19.04951046043942,21.589638262012798,-1.340947685743501
test,direct,vendor_covariate,30,34.306274607763875,2.0034142039234624,37.25783872386279,8898,8126,31.30802767742999,26.510890954341367,-2.9982469303338846
test,direct,vendor_covariate,31,45.749881646086735,2.4106210688555287,46.09561315208616,8898,8809,42.79753682852599,38.9130769121761,-2.9523448175607427
test,direct,vendor_covariate,32,62.12035748758903,2.7768157697463325,62.12035748758903,8898,8898,57.7155916214338,59.83500356850653,-4.4047658661552305
test,direct,vendor_covariate,33,79.25776436247203,3.046248292657291,79.25776436247203,8898,8898,74.66623973777304,65.82316383571425,-4.591524624698991
test,direct,vendor_covariate,34,95.51511256918083,2.9879805355582434,95.51511256918083,8898,8898,90.55361049717631,74.69662904792142,-4.961502072004521
test,direct,vendor_covariate,35,107.70300364878503,3.5828410346490585,107.70300364878503,8898,8898,103.0551274954507,85.56540494540944,-4.647876153334323
test,direct,vendor_covariate,36,124.29212753759722,4.400678048908668,124.29212753759722,8898,8898,118.52279818375962,97.02888402833078,-5.769329353837605
test,direct,vendor_covariate,37,139.7800862742616,4.786189925099462,139.7800862742616,8898,8898,133.63818761376234,99.53214909610152,-6.141898660499265
test,direct,vendor_covariate,38,157.2291668725455,5.084275889182078,157.2291668725455,8898,8898,151.73349985573157,111.58091326574566,-5.49566701681394
test,direct,vendor_covariate,39,179.32297846057025,4.917780534666402,179.32297846057025,8898,8898,173.74363079198173,130.29482178637667,-5.579347668588525
test,direct,vendor_covariate,40,194.8599415780748,5.0827546387904965,194.8599415780748,8898,8898,189.0787999401812,143.09803366771098,-5.781141637893597
test,direct,vendor_covariate,41,198.97752584221277,6.429144321734161,198.97752584221277,8898,8898,190.41361741674407,146.16869428033831,-8.563908425468696
test,direct,vendor_covariate,42,209.55214689989495,5.695209038757971,209.55214689989495,8898,8898,202.4466450228199,154.96464105786987,-7.105501877075056
test,direct,vendor_covariate,43,221.5896184257511,7.092684143312458,221.5896184257511,8898,8898,213.6348770373388,163.94512630041265,-7.9547413884122875
test,direct,vendor_covariate,44,223.90095956209808,7.841975583986792,223.90095956209808,8898,8898,214.60691275694757,154.52596636043992,-9.294046805150515
test,direct,vendor_covariate,45,221.79626729161177,7.4420636148033665,221.79626729161177,8898,8898,212.76983699659218,169.6598268917375,-9.026430295019594
test,direct,vendor_covariate,46,238.93536987371854,7.44014754976772,238.93536987371854,8898,8898,230.4337798236386,183.43642383737995,-8.501590050079955
test,direct,vendor_covariate,47,246.83909734745504,7.512062775262198,246.83909734745504,8898,8898,239.77583941677898,191.9884876861656,-7.063257930676059
test,direct,vendor_covariate,48,233.4952973486368,7.485801517735084,233.4952973486368,8898,8898,227.6650100138801,189.2607186672513,-5.83028733475669
test,direct,vendor_covariate,49,243.02142846802758,7.573132937125213,243.02142846802758,8898,8898,237.9938361078285,206.14812118167785,-5.0275923601990655
test,direct,vendor_covariate,50,248.0696592069819,7.432128640529177,248.0696592069819,8898,8898,241.0578827110935,204.5234479762833,-7.011776495888398
test,direct,vendor_covariate,51,244.91038901173027,7.96367009588807,244.91038901173027,8898,8898,239.05292556133304,196.75097435152975,-5.857463450397233
test,direct,vendor_covariate,52,236.84664142599348,6.536192533192313,236.84664142599348,8898,8898,233.23849113971443,173.05720070810312,-3.6081502862790558
test,direct,vendor_covariate,53,248.17639661621695,7.9178179809431475,248.17639661621695,8898,8898,245.43590482981637,189.74583592411958,-2.7404917864005824
test,direct,vendor_covariate,54,240.27581198984512,7.928952298208811,240.27581198984512,8898,8898,238.83676838008492,186.98641003235784,-1.4390436097602048
test,direct,vendor_covariate,55,242.99922827628586,6.901594903667032,242.99922827628586,8898,8898,239.62258427150354,181.71994169409768,-3.376644004782321
test,direct,vendor_covariate,56,235.21180786534714,5.644271880890524,235.21180786534714,8898,8898,233.5426596760689,179.91544184159713,-1.6691481892782463
test,direct,vendor_covariate,57,218.34027652612136,4.361273702067875,218.34027652612136,8898,8898,220.39031750354883,167.0977996143448,2.0500409774274715
test,direct,vendor_covariate,58,226.87825441968124,3.408988755358562,226.87825441968124,8898,8898,228.9972049470557,184.52447232937703,2.1189505273744658
test,direct,vendor_covariate,59,220.0562345098042,2.6723296226354867,220.0562345098042,8898,8898,221.07722967141103,170.63504895522343,1.0209951616068338
test,direct,vendor_covariate,60,219.6589263107813,4.464465107405759,219.6589263107813,8898,8898,218.43240258260278,190.19725955495807,-1.2265237281785346
test,direct,vendor_covariate,61,217.23086122289595,4.63674591760771,217.23086122289595,8898,8898,218.74857620518748,171.64613111734002,1.5177149822915226
test,direct,vendor_covariate,62,206.71037523794683,4.737770006807107,206.71037523794683,8898,8898,206.0722175492334,167.35807426560274,-0.6381576887134486
test,direct,vendor_covariate,63,202.48262834537667,4.901961782306041,202.48262834537667,8898,8898,201.79134337879287,169.48290185742272,-0.6912849665837939
test,direct,vendor_covariate,64,194.52551063277022,4.966886297095516,194.52551063277022,8898,8898,192.56078417566664,157.25636231099446,-1.9647264571035805
test,direct,vendor_covariate,65,175.27812119406107,4.0932776262561275,175.27812119406107,8898,8898,176.48383627068137,149.51800744851442,1.2057150766202938
test,direct,vendor_covariate,66,168.7161415047653,5.45828637684997,168.7161415047653,8898,8898,168.69784829673796,144.73746110643157,-0.018293208027330365
test,direct,vendor_covariate,67,162.71354523056877,3.654640663565244,162.71354523056877,8898,8898,168.79028398071324,144.58672030861868,6.076738750144472
test,direct,vendor_covariate,68,147.79327818545286,2.6823454891013836,148.24548623099398,8898,8847,155.9974891182868,138.73108130482618,8.204210932833945
test,direct,vendor_covariate,69,131.53146754642077,1.5335979550522305,135.87747038724527,8898,8590,145.02002875184078,117.97891266723856,13.488561205420012
test,direct,vendor_covariate,70,117.36507550159943,1.8257443461645997,131.15605942492655,8898,7935,128.91017572045936,112.46298922206189,11.545100218859929
test,direct,vendor_covariate,71,90.76160456186173,2.092653688285071,104.01697567741216,8898,7735,98.17028229001355,97.59620836127993,7.408677728151815
test,direct,vendor_covariate,72,80.98840797544,2.0175966927468725,92.9260857349606,8898,7735,84.64953731635205,80.92318912674513,3.661129340912055
test,direct,vendor_covariate,73,68.30379710974152,1.5830628057812333,78.56789489037665,8898,7720,72.14648092389997,63.845866324152,3.8426838141584483
test,direct,vendor_covariate,74,51.94152414534993,1.57787959373274,60.05202300070768,8898,7676,52.84120690822292,49.78130686344101,0.8996827628729918
test,direct,vendor_covariate,75,40.2117771573188,1.0901248861290376,48.385010908122176,8898,7337,44.316706926946516,44.889866618460594,4.1049297696277165
test,direct,vendor_covariate,76,26.50387851270571,0.9277942624952091,33.60615071110327,8898,6903,32.70227134283621,30.531713108399845,6.198392830130501
test,direct,vendor_covariate,77,18.57563010024654,0.48414869028298624,24.52494317395109,8898,6637,26.61960152595181,23.246321034850556,8.043971425705273
test,direct,vendor_covariate,78,11.50789940609605,0.3300643971372784,15.54326778717413,8898,6510,23.143794377399427,16.63546209314948,11.635894971303378
test,direct,vendor_covariate,79,7.283647654093193,0.14453731458086622,11.528734673761113,8898,5473,24.311393786399872,12.365506822228829,17.027746132306678
test,direct,vendor_covariate,80,3.9903742483939815,0.2506239512057367,6.239880344340134,8898,5401,28.049184202707103,10.821612245373132,24.058809954313123
test,direct,vendor_covariate,81,2.2317459773569515,0.37635110903880775,3.3360545866226956,8898,5155,25.299279041775424,9.059502897624471,23.067533064418473
test,direct,vendor_covariate,82,1.2041413909801961,0.29190399913342746,1.601847277290834,8898,4384,23.120123353721034,8.644979957934108,21.915981962740837
test,direct,vendor_covariate,83,0.9300364033741072,0.2982844648377249,1.1752271810279473,8898,3906,20.924959577673725,9.409973943540445,19.99492317429962
test,direct,vendor_covariate,84,1.0973387727150508,0.35560330410741664,1.360294947620618,8898,3862,17.73678943234145,9.50578121426417,16.639450659626398
test,direct,vendor_covariate,85,1.0185712173869061,0.35015438809632743,1.2436184646689068,8898,3862,16.241412720207205,9.49076769150652,15.222841502820298
test,direct,vendor_covariate,86,1.0992136262267744,0.42787404282761715,1.3786687145862344,8898,3862,16.52255481742109,9.49079027531489,15.423341191194314
test,direct,vendor_covariate,87,1.0538136230768695,0.4013722124275051,1.3243653013195855,8898,3862,16.7676352352036,9.490817848281248,15.71382161212673
test,direct,vendor_covariate,88,0.9787301961671679,0.35882374554046065,1.2246698854903,8898,3862,19.40479399238289,9.49083930078933,18.426063796215722
test,direct,vendor_covariate,89,0.8954533750989309,0.3198891496347166,1.0695993099569048,8898,3862,17.423827648996145,9.490863262396871,16.528374273897214
test,direct,vendor_covariate,90,0.9435093229147025,0.36518249133956554,1.0800888414269458,8898,3862,19.05011571108563,9.49086995949187,18.106606388170928
test,direct,vendor_covariate,91,1.052173873504195,0.3623192496761064,1.1962617063269807,8898,3862,21.191715583746454,9.490886026697973,20.13954171024226
test,direct,vendor_covariate,92,1.1377830142852892,0.44655468856270547,1.2976376151232938,8898,3862,19.495343856752612,9.49089761743147,18.357560842467322
test,direct,vendor_covariate,93,1.22415519257868,0.4735069923682332,1.325018444253833,8898,3862,19.649845749833254,9.490904986749358,18.425690557254573
test,direct,vendor_covariate,94,1.093583226292571,0.38468922657699445,1.0809342871964602,8898,3862,18.917466370188848,9.490908525751015,17.823883143896275
test,direct,vendor_covariate,95,1.0002342222589613,0.37089997952870746,1.039708997266669,8898,3862,18.376341394468,9.490908637722145,17.37610717220904
test,direct,vendor_covariate,96,0.9010136171985542,0.35067527071382876,0.9845922815867622,8898,3862,17.539684666504634,9.49090573744528,16.63867104930608
test,vendor_residual,target_only,1,1.533330080947654,0.2072420100116434,1.6603094024741456,8898,3866,0.48946518198651806,3.2331846630808516,-1.0438648989611359
test,vendor_residual,target_only,2,1.4220525452129913,0.15462702331527609,2.329147140002671,8898,3866,0.3221764808268201,5.335382997372227,-1.0998760643861711
test,vendor_residual,target_only,3,1.526174633903005,0.1376772654297924,3.065947776422795,8898,3866,0.3466005078876438,6.389384316039267,-1.1795741260153612
test,vendor_residual,target_only,4,1.7013370288911915,0.19614994328673227,3.5138577980376926,8898,3866,0.3339457923743445,7.170218322972073,-1.367391236516847
test,vendor_residual,target_only,5,1.8219635975143122,0.18425357372156106,3.8028285392466477,8898,3866,0.4166795896216456,7.753050696535625,-1.4052840078926667
test,vendor_residual,target_only,6,2.0727434734390644,0.20683345557486457,4.392691582884512,8898,3866,0.39954823723380234,8.191033700755833,-1.673195236205262
test,vendor_residual,target_only,7,2.2507264835000846,0.26057999540034943,4.78572297907632,8898,3866,0.4609395735893191,8.522050235133365,-1.7897869099107655
test,vendor_residual,target_only,8,2.1980245192358403,0.22263584716016363,4.730706346184456,8898,3866,0.4707220072730458,8.773290148564541,-1.7273025119627945
test,vendor_residual,target_only,9,2.288197087918788,0.3164972828697679,4.801516205384369,8898,3866,0.5290349052987691,8.96439927130752,-1.759162182620019
test,vendor_residual,target_only,10,2.4029999505884634,0.2949898995846208,5.059616089990553,8898,3866,0.40130871335840634,9.109668378476261,-2.001691237230057
test,vendor_residual,target_only,11,2.4072716162699486,0.30832302878827356,5.098478143285647,8898,3866,0.4935903414711637,9.22287226700721,-1.9136812747987848
test,vendor_residual,target_only,12,2.8243927540635343,0.3274098479528981,5.753477875764085,8898,3862,0.6247180216004364,9.201362338028533,-2.199674732463098
test,vendor_residual,target_only,13,2.620024803765897,0.34518104640936337,5.283819704096651,8898,3862,0.8545477454191578,9.264760718698161,-1.7654770583467392
test,vendor_residual,target_only,14,2.950825106361634,0.3630729031286795,5.929615025287305,8898,3868,1.048720817450686,9.610838343447528,-1.9021042889109483
test,vendor_residual,target_only,15,2.864466680003655,0.3893788944297088,5.154460036170946,8898,3862,0.5565045063770213,9.348331669426535,-2.307962173626634
test,vendor_residual,target_only,16,2.6926036550598473,0.3767396351084075,5.229446493550256,8898,3862,0.45631921518955176,9.373156705186654,-2.2362844398702957
test,vendor_residual,target_only,17,2.8281617549380482,0.3772799233385363,5.4709571793678045,8898,3862,0.4955611931316261,9.393043143208468,-2.332600561806422
test,vendor_residual,target_only,18,2.7863261700587376,0.41743002056232725,5.0949769761938715,8898,3862,0.6983239465331762,9.40781690264328,-2.0880022235255615
test,vendor_residual,target_only,19,2.9408790945596883,0.412462828629904,5.3391531091553555,8898,3862,0.8310506148484789,9.41882395657898,-2.1098284797112097
test,vendor_residual,target_only,20,2.5963950658098987,0.41924605462221226,4.55602823026332,8898,3865,0.7364572866933337,9.427302000498736,-1.859937779116565
test,vendor_residual,target_only,21,2.8976080037350855,0.3588939874846821,5.1414168324548015,8898,3865,0.8567048294377544,9.433779484390502,-2.0409031742973314
test,vendor_residual,target_only,22,2.8743115904614345,0.33807575366253545,5.079033505858647,8898,3865,0.8919814139282755,9.439010801335783,-1.982330176533159
test,vendor_residual,target_only,23,3.0731555097934256,0.37863247862744503,5.277225456507004,8898,3865,0.9986358866954228,9.442642803732586,-2.074519623098003
test,vendor_residual,target_only,24,3.0649776250542526,0.36795571037774516,5.100797408186369,8898,3865,1.3217863515646826,9.448693553124523,-1.74319127348957
test,vendor_residual,target_only,25,3.1695909327243945,0.361910896211078,5.3966477638336885,8898,4107,1.7768581701506458,9.633287543053497,-1.3927327625737487
test,vendor_residual,target_only,26,4.938810864131661,0.3023112393478082,8.094512778766553,8898,5233,2.8070731226989287,10.764630085674018,-2.131737741432732
test,vendor_residual,target_only,27,7.662848268990273,0.241938428347389,12.356228143880733,8898,5459,5.67599709406626,11.773377705856646,-1.9868511749240128
test,vendor_residual,target_only,28,11.04173041216502,0.1046780766244209,16.847424444354054,8898,5794,11.573459977292536,16.722186347595287,0.5317295651275167
test,vendor_residual,target_only,29,17.408445240677622,0.22231659280687696,22.358146664990183,8898,6898,20.50340240305761,21.589638262012798,3.0949571623799876
test,vendor_residual,target_only,30,24.948847938542286,0.18110034031391656,27.30293846525536,8898,8126,33.73176657711881,26.510890954341367,8.782918638576525
test,vendor_residual,target_only,31,39.22440657359582,0.3531904080853352,39.618146333408546,8898,8809,48.49894556252352,38.9130769121761,9.274538988927695
test,vendor_residual,target_only,32,46.859950841853205,0.42258152693845935,46.859950841853205,8898,8898,64.82914160644057,59.83500356850653,17.969190764587367
test,vendor_residual,target_only,33,63.65994923272854,0.8293558327694249,63.65994923272854,8898,8898,82.69502759465293,65.82316383571425,19.035078361924384
test,vendor_residual,target_only,34,76.14708554836514,0.8270900855565632,76.14708554836514,8898,8898,102.31579209196315,74.69662904792142,26.168706543598006
test,vendor_residual,target_only,35,87.60410589518762,0.6360517687693825,87.60410589518762,8898,8898,116.42788907190985,85.56540494540944,28.82378317672223
test,vendor_residual,target_only,36,98.02127485791476,0.8043941689249093,98.02127485791476,8898,8898,134.84074690794742,97.02888402833078,36.81947205003266
test,vendor_residual,target_only,37,105.61964113224177,1.0694394543058614,105.61964113224177,8898,8898,147.53003054617577,99.53214909610152,41.910389413934
test,vendor_residual,target_only,38,120.76726619616275,1.1947822869041527,120.76726619616275,8898,8898,164.4900110460444,111.58091326574566,43.72274484988165
test,vendor_residual,target_only,39,139.23232315357617,1.8371556915441167,139.23232315357617,8898,8898,184.87575798868477,130.29482178637667,45.64343483510859
test,vendor_residual,target_only,40,152.70835888472556,1.4294825605549193,152.70835888472556,8898,8898,199.52274185764148,143.09803366771098,46.81438297291592
test,vendor_residual,target_only,41,161.4531953702996,1.7884804067808606,161.4531953702996,8898,8898,204.85160249108785,146.16869428033831,43.39840712078825
test,vendor_residual,target_only,42,168.0413450557475,1.8833426676970593,168.0413450557475,8898,8898,215.15640050504547,154.96464105786987,47.115055449297955
test,vendor_residual,target_only,43,172.02650768704964,1.8134633332446044,172.02650768704964,8898,8898,225.81637160169916,163.94512630041265,53.789863914649516
test,vendor_residual,target_only,44,167.89424631989695,2.111168838049638,167.89424631989695,8898,8898,229.97153597838718,154.52596636043992,62.07728965849023
test,vendor_residual,target_only,45,175.2882683599393,2.105494112770207,175.2882683599393,8898,8898,224.63998601305957,169.6598268917375,49.35171765312026
test,vendor_residual,target_only,46,185.59542069358815,2.506366341748409,185.59542069358815,8898,8898,245.5437662104231,183.43642383737995,59.948345516834934
test,vendor_residual,target_only,47,192.0095771583765,2.5012616632324325,192.0095771583765,8898,8898,258.39427482702797,191.9884876861656,66.38469766865148
test,vendor_residual,target_only,48,194.4420153753082,1.7634917123413298,194.4420153753082,8898,8898,244.59237528152005,189.2607186672513,50.15035990621186
test,vendor_residual,target_only,49,199.24092702918486,2.738773866526243,199.24092702918486,8898,8898,258.5652099332002,206.14812118167785,59.32428290401535
test,vendor_residual,target_only,50,206.955766120112,3.5224925965413694,206.955766120112,8898,8898,260.9752776782525,204.5234479762833,54.01951155814049
test,vendor_residual,target_only,51,208.49837431204716,2.843730557247081,208.49837431204716,8898,8898,255.8753423971907,196.75097435152975,47.376968085143545
test,vendor_residual,target_only,52,186.56948239873245,3.326357343184849,186.56948239873245,8898,8898,244.50661997742608,173.05720070810312,57.93713757869364
test,vendor_residual,target_only,53,196.5803529990582,3.3677708640763666,196.5803529990582,8898,8898,260.9535222437857,189.74583592411958,64.3731692447275
test,vendor_residual,target_only,54,192.36241987021884,2.291947376516088,192.36241987021884,8898,8898,258.8302612910602,186.98641003235784,66.46784142084135
test,vendor_residual,target_only,55,189.5723424297974,2.922281758269573,189.5723424297974,8898,8898,253.4166399722123,181.71994169409768,63.84429754241489
test,vendor_residual,target_only,56,192.4910459472013,3.729835345671239,192.4910459472013,8898,8898,247.3442802303369,179.91544184159713,54.853234283135606
test,vendor_residual,target_only,57,175.02845643331545,3.2486180468291517,175.02845643331545,8898,8898,238.72818524885503,167.0977996143448,63.69972881553957
test,vendor_residual,target_only,58,198.09855712154473,2.9361437660251095,198.09855712154473,8898,8898,239.93633689566843,184.52447232937703,41.8377797741237
test,vendor_residual,target_only,59,185.08356155257474,2.7690398677611556,185.08356155257474,8898,8898,229.09873928936778,170.63504895522343,44.01517773679305
test,vendor_residual,target_only,60,196.63321098916535,3.4593697425907646,196.63321098916535,8898,8898,226.4986721911248,190.19725955495807,29.865461201959448
test,vendor_residual,target_only,61,179.88652849723053,2.553534802226424,179.88652849723053,8898,8898,229.1510801799474,171.64613111734002,49.26455168271687
test,vendor_residual,target_only,62,178.64830473379712,2.319736499392237,178.64830473379712,8898,8898,212.1259279260573,167.35807426560274,33.47762319226018
test,vendor_residual,target_only,63,177.35699554984424,3.125837955859068,177.35699554984424,8898,8898,210.99027733011275,169.48290185742272,33.633281780268504
test,vendor_residual,target_only,64,166.4404689891756,1.976727699507773,166.4404689891756,8898,8898,200.19996743081674,157.25636231099446,33.75949844164114
test,vendor_residual,target_only,65,157.9700176306654,2.3107370812622623,157.9700176306654,8898,8898,185.56525738205178,149.51800744851442,27.595239751386373
test,vendor_residual,target_only,66,145.61302991646662,1.5826178951895493,145.61302991646662,8898,8898,174.82053032835572,144.73746110643157,29.2075004118891
test,vendor_residual,target_only,67,139.83829606015408,1.4686233069800492,139.83829606015408,8898,8898,168.13841808472054,144.58672030861868,28.300122024566463
test,vendor_residual,target_only,68,135.505692655812,1.6884122994606734,136.26500418289655,8898,8847,157.64284859752155,138.73108130482618,22.13715594170955
test,vendor_residual,target_only,69,114.81206630048554,1.0712898250634282,118.84546825212344,8898,8590,140.45735890928103,117.97891266723856,25.645292608795486
test,vendor_residual,target_only,70,108.02060572272744,1.2318372853575883,120.91386008583038,8898,7935,124.20822545081847,112.46298922206189,16.187619728091036
test,vendor_residual,target_only,71,92.55038406716783,1.4850551692134992,106.37296225824318,8898,7735,96.4580235739549,97.59620836127993,3.9076395067870777
test,vendor_residual,target_only,72,75.20670065628063,0.4012785761538695,86.41539557345278,8898,7735,85.38377808367296,80.92318912674513,10.177077427392334
test,vendor_residual,target_only,73,62.36883531125319,0.4422703937023093,71.78843545945072,8898,7720,73.55614757316643,63.845866324152,11.187312261913235
test,vendor_residual,target_only,74,47.04542712474018,0.45403933069579006,54.423564573536304,8898,7676,55.35470754045616,49.78130686344101,8.309280415715982
test,vendor_residual,target_only,75,42.31929524579348,0.6017906531696586,51.19755901731226,8898,7337,45.76290914118252,44.889866618460594,3.443613895389042
test,vendor_residual,target_only,76,27.30441095108533,0.23620577952112393,35.086092377051685,8898,6903,32.014792603904965,30.531713108399845,4.710381652819635
test,vendor_residual,target_only,77,18.40600830257606,0.2298847411415261,24.59765007668038,8898,6637,23.194482506664947,23.246321034850556,4.788474204088889
test,vendor_residual,target_only,78,12.13005855563514,0.08811192519346259,16.491306147534228,8898,6510,17.43918524922293,16.63546209314948,5.309126693587791
test,vendor_residual,target_only,79,6.801752732141334,0.20172923062764708,10.891358758900683,8898,5473,15.514421328808542,12.365506822228829,8.712668596667207
test,vendor_residual,target_only,80,5.483440742889867,0.2648897584160829,8.851027643071761,8898,5401,17.020303143305526,10.821612245373132,11.536862400415659
test,vendor_residual,target_only,81,3.818179353140383,0.23209418830288722,6.24268816101962,8898,5155,14.348831949419273,9.059502897624471,10.53065259627889
test,vendor_residual,target_only,82,2.438751800889277,0.23310435389889841,4.117243756857308,8898,4384,12.022993925840023,8.644979957934108,9.584242124950746
test,vendor_residual,target_only,83,2.442539542653787,0.22660333915259762,4.776776573920317,8898,3906,8.96080000551311,9.409973943540445,6.518260462859324
test,vendor_residual,target_only,84,2.092799702311516,0.21691356354480482,4.066129957860978,8898,3862,5.447445420223121,9.50578121426417,3.3546457179116054
test,vendor_residual,target_only,85,1.9978443375252872,0.17491858117702302,3.8635530863238916,8898,3862,4.196549035312248,9.49076769150652,2.198704697786961
test,vendor_residual,target_only,86,2.0038216995454508,0.19363149670778462,3.8694106542710234,8898,3862,4.741748494403401,9.49079027531489,2.7379267948579504
test,vendor_residual,target_only,87,1.843191331461859,0.20029912282812168,3.571990914817234,8898,3862,4.296699614504595,9.490817848281248,2.453508283042736
test,vendor_residual,target_only,88,1.8150375418368019,0.1809387170646884,3.457611891886565,8898,3862,6.052240674888745,9.49083930078933,4.237203133051944
test,vendor_residual,target_only,89,1.5936043819848629,0.17854737774158103,3.176820888705845,8898,3862,2.890534768725904,9.490863262396871,1.296930386741041
test,vendor_residual,target_only,90,1.5672861673992433,0.17254841950035651,3.1562364368853277,8898,3862,5.080617982617758,9.49086995949187,3.513331815218515
test,vendor_residual,target_only,91,1.5341573312965673,0.17354416150751742,3.1228997562583376,8898,3862,7.410233247243634,9.490886026697973,5.876075915947067
test,vendor_residual,target_only,92,1.4364307110782266,0.15227017333810217,2.9598075649225164,8898,3862,7.581069273642328,9.49089761743147,6.144638562564101
test,vendor_residual,target_only,93,1.5750980054582941,0.18578091441008038,3.2339027793128086,8898,3862,7.2488580259785875,9.490904986749358,5.673760020520294
test,vendor_residual,target_only,94,1.6267738015795734,0.15876746938245717,3.3559238515479133,8898,3862,6.339296100399178,9.490908525751015,4.7125222988196045
test,vendor_residual,target_only,95,1.5870583595678482,0.18047067654364,3.2018340316241996,8898,3862,6.689121858442379,9.490908637722145,5.10206349887453
test,vendor_residual,target_only,96,1.5339727440551623,0.13278033570143058,3.2566634834862906,8898,3862,5.45210990436592,9.49090573744528,3.9181371603107578
test,vendor_residual,vendor_covariate,1,0.9348040560178777,0.34098448668466474,0.5960114309440244,8898,3866,1.0063939213772672,3.2331846630808516,0.07158986535938949
test,vendor_residual,vendor_covariate,2,0.8662888040734422,0.34991136942980244,1.3576006283464184,8898,3866,0.48001747883572854,5.335382997372227,-0.3862713252377137
test,vendor_residual,vendor_covariate,3,1.018884665310147,0.3633860712506188,2.052584293841165,8898,3866,0.6355817736566347,6.389384316039267,-0.3833028916535124
test,vendor_residual,vendor_covariate,4,1.2767228407470452,0.36071429379055536,2.638553505642528,8898,3866,0.4469287039585399,7.170218322972073,-0.8297941367885053
test,vendor_residual,vendor_covariate,5,1.417368625521704,0.3594519286372941,3.0706614829638386,8898,3866,0.6922648074853763,7.753050696535625,-0.7251038180363276
test,vendor_residual,vendor_covariate,6,1.4487210887561157,0.3696916433224373,3.1655899805900742,8898,3866,0.5421611014531948,8.191033700755833,-0.9065599873029209
test,vendor_residual,vendor_covariate,7,1.5031710069443573,0.4151570240738905,3.3301383009552783,8898,3866,0.7200212750663525,8.522050235133365,-0.7831497318780049
test,vendor_residual,vendor_covariate,8,1.7394829242698162,0.47279171459865643,3.840418032160619,8898,3866,0.7211778569209171,8.773290148564541,-1.0183050673488991
test,vendor_residual,vendor_covariate,9,1.759480482049014,0.4659177755846017,3.9164339470917353,8898,3866,0.7099126407489516,8.96439927130752,-1.0495678413000624
test,vendor_residual,vendor_covariate,10,1.9051104803709553,0.43249554486594155,4.155430011753763,8898,3866,0.6605395618887491,9.109668378476261,-1.2445709184822062
test,vendor_residual,vendor_covariate,11,1.7842420631662157,0.48055339526570184,3.9251240513144934,8898,3866,0.7266845039358342,9.22287226700721,-1.0575575592303816
test,vendor_residual,vendor_covariate,12,1.922241296289953,0.5084564484338034,4.113800827017019,8898,3862,0.7915208454377146,9.201362338028533,-1.1307204508522384
test,vendor_residual,vendor_covariate,13,1.7114535251271403,0.42347419880101445,3.6960154772577245,8898,3862,0.9362082001658265,9.264760718698161,-0.7752453249613138
test,vendor_residual,vendor_covariate,14,2.277994973496624,0.4268573317607948,4.858732082851219,8898,3868,1.1782772030049595,9.610838343447528,-1.0997177704916643
test,vendor_residual,vendor_covariate,15,1.9909180698568454,0.45579336689004624,4.226141236994656,8898,3862,0.9275712415046273,9.348331669426535,-1.063346828352218
test,vendor_residual,vendor_covariate,16,2.1851868847172824,0.5738200439247839,4.6489666124670705,8898,3862,0.9940188195384343,9.373156705186654,-1.191168065178848
test,vendor_residual,vendor_covariate,17,2.0938984051797487,0.5864552744572291,4.441634999246562,8898,3862,1.1230729573036244,9.393043143208468,-0.9708254478761242
test,vendor_residual,vendor_covariate,18,2.039984073138531,0.58017921070199,4.346890527636312,8898,3862,1.3703150889918845,9.40781690264328,-0.6696689841466463
test,vendor_residual,vendor_covariate,19,1.7574693884052837,0.5278680160714893,3.7516748538074403,8898,3862,1.5960817793483253,9.41882395657898,-0.16138760905695837
test,vendor_residual,vendor_covariate,20,1.5465482800683732,0.4416036012460622,3.3928120093307426,8898,3865,1.5742326813030618,9.427302000498736,0.027684401234688627
test,vendor_residual,vendor_covariate,21,1.4083274474141985,0.3699865354893662,3.0840617991197634,8898,3865,1.6753126439360206,9.433779484390502,0.2669851965218222
test,vendor_residual,vendor_covariate,22,1.4026139340860677,0.3222028006247437,3.0698425986218565,8898,3865,2.097709574298243,9.439010801335783,0.6950956402121751
test,vendor_residual,vendor_covariate,23,1.4035301529654876,0.3208043737247677,3.0579683241577937,8898,3865,2.1990561156285438,9.442642803732586,0.7955259626630562
test,vendor_residual,vendor_covariate,24,1.3882468409279909,0.3360367426029661,2.9734041446220862,8898,3865,2.7160786732282163,9.448693553124523,1.3278318323002254
test,vendor_residual,vendor_covariate,25,1.563523702437308,0.37210547732604726,3.240605043059583,8898,4107,3.4007599917740134,9.633287543053497,1.8372362893367054
test,vendor_residual,vendor_covariate,26,3.7149827852642447,0.3016590779167058,6.277401376535935,8898,5233,3.6894421935849016,10.764630085674018,-0.025540591679343194
test,vendor_residual,vendor_covariate,27,6.381186629086699,0.19030297403185123,10.327328627657826,8898,5459,5.44660795733349,11.773377705856646,-0.9345786717532087
test,vendor_residual,vendor_covariate,28,10.428065939408981,0.2991186997488204,15.98585569367774,8898,5794,11.15399515062562,16.722186347595287,0.7259292112166396
test,vendor_residual,vendor_covariate,29,16.96807757065513,0.14937848295107997,21.78421753787905,8898,6898,19.04951046043942,21.589638262012798,2.081432889784292
test,vendor_residual,vendor_covariate,30,24.17508116621776,0.10190832028537089,26.445672858321238,8898,8126,31.30802767742999,26.510890954341367,7.132946511212232
test,vendor_residual,vendor_covariate,31,38.52629456760754,0.3335048588753585,38.91494111471174,8898,8809,42.79753682852599,38.9130769121761,4.271242260918449
test,vendor_residual,vendor_covariate,32,47.542514356836726,0.530214100436872,47.542514356836726,8898,8898,57.7155916214338,59.83500356850653,10.173077264597076
test,vendor_residual,vendor_covariate,33,59.72664491829555,0.3186360086825769,59.72664491829555,8898,8898,74.66623973777304,65.82316383571425,14.939594819477492
test,vendor_residual,vendor_covariate,34,72.19982501820802,0.3542642279054929,72.19982501820802,8898,8898,90.55361049717631,74.69662904792142,18.35378547896829
test,vendor_residual,vendor_covariate,35,86.73208661843002,0.2750465904514006,86.73208661843002,8898,8898,103.0551274954507,85.56540494540944,16.323040877020688
test,vendor_residual,vendor_covariate,36,92.62553566789191,0.4283085180647564,92.62553566789191,8898,8898,118.52279818375962,97.02888402833078,25.89726251586771
test,vendor_residual,vendor_covariate,37,100.8173283644782,1.1367933384032174,100.8173283644782,8898,8898,133.63818761376234,99.53214909610152,32.82085924928414
test,vendor_residual,vendor_covariate,38,115.00038163155135,1.7262943070486196,115.00038163155135,8898,8898,151.73349985573157,111.58091326574566,36.73311822418022
test,vendor_residual,vendor_covariate,39,133.01145341588114,1.8387628948763959,133.01145341588114,8898,8898,173.74363079198173,130.29482178637667,40.732177376100594
test,vendor_residual,vendor_covariate,40,143.16827067543343,1.36654842246295,143.16827067543343,8898,8898,189.0787999401812,143.09803366771098,45.910529264747765
test,vendor_residual,vendor_covariate,41,151.10536414441685,1.803815134601914,151.10536414441685,8898,8898,190.41361741674407,146.16869428033831,39.30825327232722
test,vendor_residual,vendor_covariate,42,162.46831013926703,1.9257190357236174,162.46831013926703,8898,8898,202.4466450228199,154.96464105786987,39.97833488355286
test,vendor_residual,vendor_covariate,43,171.03105559106575,2.625096779892085,171.03105559106575,8898,8898,213.6348770373388,163.94512630041265,42.60382144627306
test,vendor_residual,vendor_covariate,44,163.09673918784722,3.250154340452678,163.09673918784722,8898,8898,214.60691275694757,154.52596636043992,51.510173569100346
test,vendor_residual,vendor_covariate,45,170.194105805331,1.7722437590697717,170.194105805331,8898,8898,212.76983699659218,169.6598268917375,42.575731191261184
test,vendor_residual,vendor_covariate,46,181.28425254645987,2.3012378966011653,181.28425254645987,8898,8898,230.4337798236386,183.43642383737995,49.14952727717872
test,vendor_residual,vendor_covariate,47,185.59388358967803,2.5928305544446943,185.59388358967803,8898,8898,239.77583941677898,191.9884876861656,54.18195582710095
test,vendor_residual,vendor_covariate,48,188.7866868556323,3.0650753149516947,188.7866868556323,8898,8898,227.6650100138801,189.2607186672513,38.87832315824781
test,vendor_residual,vendor_covariate,49,194.08437237781186,1.6940135260662479,194.08437237781186,8898,8898,237.9938361078285,206.14812118167785,43.909463730016654
test,vendor_residual,vendor_covariate,50,198.96361496995848,2.243501486452191,198.96361496995848,8898,8898,241.0578827110935,204.5234479762833,42.09426774113501
test,vendor_residual,vendor_covariate,51,198.6616339204866,2.9858544849808664,198.6616339204866,8898,8898,239.05292556133304,196.75097435152975,40.39129164084645
test,vendor_residual,vendor_covariate,52,175.78905428679195,2.5412536041468368,175.78905428679195,8898,8898,233.23849113971443,173.05720070810312,57.449436852922474
test,vendor_residual,vendor_covariate,53,190.94610118329038,2.7393411193164874,190.94610118329038,8898,8898,245.43590482981637,189.74583592411958,54.489803646525985
test,vendor_residual,vendor_covariate,54,190.1976002299056,1.72694031455949,190.1976002299056,8898,8898,238.83676838008492,186.98641003235784,48.63916815017933
test,vendor_residual,vendor_covariate,55,187.56306563282172,2.0809048065223945,187.56306563282172,8898,8898,239.62258427150354,181.71994169409768,52.05951863868182
test,vendor_residual,vendor_covariate,56,181.75782659142044,1.9341138670855775,181.75782659142044,8898,8898,233.5426596760689,179.91544184159713,51.784833084648454
test,vendor_residual,vendor_covariate,57,169.7135928736153,1.8959397872647779,169.7135928736153,8898,8898,220.39031750354883,167.0977996143448,50.67672462993352
test,vendor_residual,vendor_covariate,58,189.2503710422414,2.3400821433978596,189.2503710422414,8898,8898,228.9972049470557,184.52447232937703,39.74683390481431
test,vendor_residual,vendor_covariate,59,170.59009076834184,3.2762730204916597,170.59009076834184,8898,8898,221.07722967141103,170.63504895522343,50.487138903069194
test,vendor_residual,vendor_covariate,60,178.62483116660653,3.7234934354443507,178.62483116660653,8898,8898,218.43240258260278,190.19725955495807,39.80757141599625
test,vendor_residual,vendor_covariate,61,166.20906295490255,4.18412028799859,166.20906295490255,8898,8898,218.74857620518748,171.64613111734002,52.53951325028493
test,vendor_residual,vendor_covariate,62,165.8818436649912,5.727725702642138,165.8818436649912,8898,8898,206.0722175492334,167.35807426560274,40.19037388424218
test,vendor_residual,vendor_covariate,63,168.56047681070905,6.259305403163994,168.56047681070905,8898,8898,201.79134337879287,169.48290185742272,33.230866568083826
test,vendor_residual,vendor_covariate,64,154.43203708539158,3.452438532738353,154.43203708539158,8898,8898,192.56078417566664,157.25636231099446,38.128747090275056
test,vendor_residual,vendor_covariate,65,147.65050572097252,2.480569586780763,147.65050572097252,8898,8898,176.48383627068137,149.51800744851442,28.833330549708847
test,vendor_residual,vendor_covariate,66,142.8851678473139,2.8800237448562767,142.8851678473139,8898,8898,168.69784829673796,144.73746110643157,25.81268044942405
test,vendor_residual,vendor_covariate,67,145.90779040860133,4.874911886384178,145.90779040860133,8898,8898,168.79028398071324,144.58672030861868,22.882493572111912
test,vendor_residual,vendor_covariate,68,132.76328547097492,0.9336545464536316,133.526148037266,8898,8847,155.9974891182868,138.73108130482618,23.234203647311887
test,vendor_residual,vendor_covariate,69,115.5986320782283,1.2854164056081026,119.73983666266038,8898,8590,145.02002875184078,117.97891266723856,29.421396673612477
test,vendor_residual,vendor_covariate,70,112.56512847488318,1.6648901690209714,126.18733645141013,8898,7935,128.91017572045936,112.46298922206189,16.345047245576183
test,vendor_residual,vendor_covariate,71,99.84268482003331,1.8089084128682553,114.83602088547447,8898,7735,98.17028229001355,97.59620836127993,-1.6724025300197667
test,vendor_residual,vendor_covariate,72,78.72801937540937,0.7117407878346199,90.550175769813,8898,7735,84.64953731635205,80.92318912674513,5.921517940942678
test,vendor_residual,vendor_covariate,73,63.557490785261464,0.551412191358338,73.22109236302656,8898,7720,72.14648092389997,63.845866324152,8.588990138638508
test,vendor_residual,vendor_covariate,74,49.461739605071514,0.44883446724906556,57.31294741788166,8898,7676,52.84120690822292,49.78130686344101,3.379467303151408
test,vendor_residual,vendor_covariate,75,43.106093247852534,0.5979330799869047,52.26310664613586,8898,7337,44.316706926946516,44.889866618460594,1.2106136790939814
test,vendor_residual,vendor_covariate,76,26.958411718280797,0.24961185819383308,34.734205215381216,8898,6903,32.70227134283621,30.531713108399845,5.743859624555416
test,vendor_residual,vendor_covariate,77,17.363075226815322,0.312029725657128,23.26134746198504,8898,6637,26.61960152595181,23.246321034850556,9.256526299136489
test,vendor_residual,vendor_covariate,78,12.741795427219252,0.14015948222737695,17.395045322946928,8898,6510,23.143794377399427,16.63546209314948,10.401998950180175
test,vendor_residual,vendor_covariate,79,6.7527256158443745,0.1365422951362368,10.952264657527884,8898,5473,24.311393786399872,12.365506822228829,17.5586681705555
test,vendor_residual,vendor_covariate,80,4.446105105090567,0.1949688567230112,7.291844501238263,8898,5401,28.049184202707103,10.821612245373132,23.603079097616536
test,vendor_residual,vendor_covariate,81,2.500916708743282,0.28987908281417035,4.279008854911487,8898,5155,25.299279041775424,9.059502897624471,22.79836233303214
test,vendor_residual,vendor_covariate,82,1.5610397154465696,0.23049431335686668,3.066253501050384,8898,4384,23.120123353721034,8.644979957934108,21.559083638274465
test,vendor_residual,vendor_covariate,83,1.669981163312134,0.2886228300721622,3.7224323889330018,8898,3906,20.924959577673725,9.409973943540445,19.25497841436159
test,vendor_residual,vendor_covariate,84,1.5624731739459963,0.2663961237076012,3.5057215292285275,8898,3862,17.73678943234145,9.50578121426417,16.174316258395454
test,vendor_residual,vendor_covariate,85,1.4941566917359395,0.24238579263544552,3.3653817817367457,8898,3862,16.241412720207205,9.49076769150652,14.747256028471265
test,vendor_residual,vendor_covariate,86,1.4698453899942479,0.2435652646180305,3.3000175336280564,8898,3862,16.52255481742109,9.49079027531489,15.05270942742684
test,vendor_residual,vendor_covariate,87,1.4723830909470264,0.26306278516850007,3.307894059701662,8898,3862,16.7676352352036,9.490817848281248,15.295252144256573
test,vendor_residual,vendor_covariate,88,1.5116723824564082,0.2467799411992464,3.3937253228225464,8898,3862,19.40479399238289,9.49083930078933,17.89312160992648
test,vendor_residual,vendor_covariate,89,1.4775343423324707,0.2361522375868974,3.322544632789678,8898,3862,17.423827648996145,9.490863262396871,15.946293306663675
test,vendor_residual,vendor_covariate,90,1.4513741333511003,0.2544217578162108,3.27155905948358,8898,3862,19.05011571108563,9.49086995949187,17.59874157773453
test,vendor_residual,vendor_covariate,91,1.3668551497290322,0.2561007523145967,3.0869281545941463,8898,3862,21.191715583746454,9.490886026697973,19.82486043401742
test,vendor_residual,vendor_covariate,92,1.324700556912547,0.24434024280138356,2.982713568235165,8898,3862,19.495343856752612,9.49089761743147,18.170643299840066
test,vendor_residual,vendor_covariate,93,1.4269855216464902,0.2518861856251031,3.2102822059841563,8898,3862,19.649845749833254,9.490904986749358,18.222860228186764
test,vendor_residual,vendor_covariate,94,1.3721535241149525,0.24915562225979054,3.1129033759657503,8898,3862,18.917466370188848,9.490908525751015,17.545312846073895
test,vendor_residual,vendor_covariate,95,1.323663263948824,0.21431041929858577,3.0163316425770557,8898,3862,18.376341394468,9.490908637722145,17.052678130519176
test,vendor_residual,vendor_covariate,96,1.0223469049995932,0.1946498420415563,2.3450188842978306,8898,3862,17.539684666504634,9.49090573744528,16.51733776150504
