delivery_step,mae_kwh,rows,active_mae_kwh,active_rows,seed,target_mode,variant,partition
1,0.9518349168001021,4421,1.4595828108850957,2453,20261001,direct,target_only,calibration
2,0.9466815176416754,4421,1.4431517136203869,2453,20261001,direct,target_only,calibration
3,1.17936063796329,4421,1.862871782334056,2453,20261001,direct,target_only,calibration
4,0.8125269835491683,4421,1.2872446418063668,2453,20261001,direct,target_only,calibration
5,0.8164806168385691,4421,1.2242363942031513,2453,20261001,direct,target_only,calibration
6,0.8728198596583694,4421,1.3248126580734132,2453,20261001,direct,target_only,calibration
7,0.8442562459109596,4421,1.298954695757802,2453,20261001,direct,target_only,calibration
8,0.690521556510763,4421,1.0801057497451756,2453,20261001,direct,target_only,calibration
9,0.8469325746499125,4421,1.2853206744910355,2453,20261001,direct,target_only,calibration
10,1.008498520469289,4421,1.5541252558520333,2453,20261001,direct,target_only,calibration
11,0.9489522918176561,4421,1.4414467603838412,2453,20261001,direct,target_only,calibration
12,1.0449161429284277,4421,1.5802642894379886,2430,20261001,direct,target_only,calibration
13,0.8241544198097349,4421,1.1938106514298867,2430,20261001,direct,target_only,calibration
14,1.1619163275180433,4421,1.7313097248601073,2438,20261001,direct,target_only,calibration
15,0.964505348657084,4421,1.4340499359209842,2430,20261001,direct,target_only,calibration
16,0.9893568153633194,4421,1.5376086782526086,2430,20261001,direct,target_only,calibration
17,1.0401554527871346,4421,1.571128951344225,2430,20261001,direct,target_only,calibration
18,1.4248503881850627,4421,2.182590725833987,2430,20261001,direct,target_only,calibration
19,1.2159600528696495,4421,1.8249319453482276,2430,20261001,direct,target_only,calibration
20,1.2412875453450478,4421,1.8953404816780093,2431,20261001,direct,target_only,calibration
21,1.1214709397708418,4421,1.6641511003231475,2431,20261001,direct,target_only,calibration
22,0.8578864510094594,4421,1.1978456786449068,2431,20261001,direct,target_only,calibration
23,1.1167558906795791,4421,1.5276869472939136,2431,20261001,direct,target_only,calibration
24,1.2228258557247327,4421,1.6202912883739573,2431,20261001,direct,target_only,calibration
25,1.3742496600404914,4421,1.7495505720225903,2577,20261001,direct,target_only,calibration
26,1.5414876250268368,4421,1.8471405153536504,3400,20261001,direct,target_only,calibration
27,2.7477197207011104,4421,3.306358734328898,3589,20261001,direct,target_only,calibration
28,5.119709930135803,4421,5.999587469419011,3663,20261001,direct,target_only,calibration
29,10.799800988034706,4421,11.65669586993993,4061,20261001,direct,target_only,calibration
30,19.947362965884373,4421,20.906367702835926,4188,20261001,direct,target_only,calibration
31,32.46931079058086,4421,32.78052639589129,4368,20261001,direct,target_only,calibration
32,47.33818460168064,4421,47.33818460168064,4421,20261001,direct,target_only,calibration
33,65.00969997995037,4421,65.00969997995037,4421,20261001,direct,target_only,calibration
34,85.6828821729165,4421,85.6828821729165,4421,20261001,direct,target_only,calibration
35,105.95957716067655,4421,105.95957716067655,4421,20261001,direct,target_only,calibration
36,127.01304044162072,4421,127.01304044162072,4421,20261001,direct,target_only,calibration
37,140.63981886314673,4421,140.63981886314673,4421,20261001,direct,target_only,calibration
38,156.49393597897415,4421,156.49393597897415,4421,20261001,direct,target_only,calibration
39,177.2100624887905,4421,177.2100624887905,4421,20261001,direct,target_only,calibration
40,188.74068667438723,4421,188.74068667438723,4421,20261001,direct,target_only,calibration
41,190.99487069768048,4421,190.99487069768048,4421,20261001,direct,target_only,calibration
42,212.87257897131207,4421,212.87257897131207,4421,20261001,direct,target_only,calibration
43,212.46442459773604,4421,212.46442459773604,4421,20261001,direct,target_only,calibration
44,225.12002376582095,4421,225.12002376582095,4421,20261001,direct,target_only,calibration
45,224.48332121466058,4421,224.48332121466058,4421,20261001,direct,target_only,calibration
46,235.10504065153353,4421,235.10504065153353,4421,20261001,direct,target_only,calibration
47,249.27256142240867,4421,249.27256142240867,4421,20261001,direct,target_only,calibration
48,243.46626090108708,4421,243.46626090108708,4421,20261001,direct,target_only,calibration
49,244.21160446063908,4421,244.21160446063908,4421,20261001,direct,target_only,calibration
50,235.93391582462158,4421,235.93391582462158,4421,20261001,direct,target_only,calibration
51,237.12023347650913,4421,237.12023347650913,4421,20261001,direct,target_only,calibration
52,233.70843335802107,4421,233.70843335802107,4421,20261001,direct,target_only,calibration
53,226.18464494997446,4421,226.18464494997446,4421,20261001,direct,target_only,calibration
54,219.7945839203515,4421,219.7945839203515,4421,20261001,direct,target_only,calibration
55,216.0525068036944,4421,216.0525068036944,4421,20261001,direct,target_only,calibration
56,216.12083405357725,4421,216.12083405357725,4421,20261001,direct,target_only,calibration
57,224.23397150659312,4421,224.23397150659312,4421,20261001,direct,target_only,calibration
58,214.0866395205839,4421,214.0866395205839,4421,20261001,direct,target_only,calibration
59,202.40270427372445,4421,202.40270427372445,4421,20261001,direct,target_only,calibration
60,192.9709013047881,4421,192.9709013047881,4421,20261001,direct,target_only,calibration
61,181.3611355395345,4421,181.3611355395345,4421,20261001,direct,target_only,calibration
62,173.6212353497218,4421,173.6212353497218,4421,20261001,direct,target_only,calibration
63,175.8999408534468,4421,175.8999408534468,4421,20261001,direct,target_only,calibration
64,160.91031324248857,4421,160.91031324248857,4421,20261001,direct,target_only,calibration
65,137.99255308263162,4421,137.99255308263162,4421,20261001,direct,target_only,calibration
66,124.09751173199062,4421,124.09751173199062,4421,20261001,direct,target_only,calibration
67,113.12648642074684,4421,113.15178044536214,4420,20261001,direct,target_only,calibration
68,97.10801349449301,4421,97.32536838993168,4405,20261001,direct,target_only,calibration
69,77.07775757891267,4421,77.46212097672972,4393,20261001,direct,target_only,calibration
70,60.459285376345946,4421,61.60414903496326,4330,20261001,direct,target_only,calibration
71,43.77318852886581,4421,44.85693568653088,4306,20261001,direct,target_only,calibration
72,34.63752748232385,4421,35.52364318320828,4304,20261001,direct,target_only,calibration
73,29.659732057176004,4421,30.451729481059743,4299,20261001,direct,target_only,calibration
74,20.91598632099291,4421,21.518310187149268,4288,20261001,direct,target_only,calibration
75,16.49110217282428,4421,17.19367410950963,4204,20261001,direct,target_only,calibration
76,10.810546583892178,4421,11.443792332495448,4021,20261001,direct,target_only,calibration
77,7.848076664400756,4421,8.412933320883093,3998,20261001,direct,target_only,calibration
78,5.156839608133797,4421,5.58792550306419,3985,20261001,direct,target_only,calibration
79,2.897234374782194,4421,3.3301497924809325,3710,20261001,direct,target_only,calibration
80,1.607374641422757,4421,1.8938699655833033,3548,20261001,direct,target_only,calibration
81,1.021316489123753,4421,1.2510586159018038,3245,20261001,direct,target_only,calibration
82,0.7988015914746329,4421,1.047151103451832,2746,20261001,direct,target_only,calibration
83,0.7787429222570238,4421,1.0834058055151363,2476,20261001,direct,target_only,calibration
84,0.7199173670930308,4421,1.0210179416731062,2430,20261001,direct,target_only,calibration
85,0.782628725877959,4421,1.106947081557517,2430,20261001,direct,target_only,calibration
86,0.7928091311745987,4421,1.1446080868381532,2430,20261001,direct,target_only,calibration
87,0.7353865346793163,4421,1.0463382178986513,2430,20261001,direct,target_only,calibration
88,0.8728107716589054,4421,1.253259637841472,2430,20261001,direct,target_only,calibration
89,0.6942447751686331,4421,1.067971849723608,2430,20261001,direct,target_only,calibration
90,0.6032158592941265,4421,0.9204715036806256,2430,20261001,direct,target_only,calibration
91,0.7294027558840716,4421,1.0905325571389355,2430,20261001,direct,target_only,calibration
92,0.7197661065685886,4421,1.0424709453504273,2430,20261001,direct,target_only,calibration
93,0.8237768614138448,4421,1.2016029124519954,2430,20261001,direct,target_only,calibration
94,0.8443232000521259,4421,1.185553864944619,2430,20261001,direct,target_only,calibration
95,0.7498959417635433,4421,1.1213660397769982,2430,20261001,direct,target_only,calibration
96,0.4635675662150617,4421,0.66954308404844,2430,20261001,direct,target_only,calibration
1,0.8410517464050778,8898,1.0981408199356228,3866,20261001,direct,target_only,test
2,0.7593614163777752,8898,0.9071192701462323,3866,20261001,direct,target_only,test
3,0.7348995395657083,8898,0.8453341455550419,3866,20261001,direct,target_only,test
4,0.4823169106570261,8898,0.44579153649790326,3866,20261001,direct,target_only,test
5,0.7340349073050375,8898,0.7371862222421509,3866,20261001,direct,target_only,test
6,0.6929269461306622,8898,0.6672438346909477,3866,20261001,direct,target_only,test
7,0.6730924572607858,8898,0.6265048990790977,3866,20261001,direct,target_only,test
8,0.4744969911877632,8898,0.4235490469490378,3866,20261001,direct,target_only,test
9,0.729578369162231,8898,0.6887264855117662,3866,20261001,direct,target_only,test
10,0.7330086620187474,8898,0.5858526856199932,3866,20261001,direct,target_only,test
11,0.8136859187089189,8898,0.7618682972408819,3866,20261001,direct,target_only,test
12,1.079633725151649,8898,1.2607799817488208,3862,20261001,direct,target_only,test
13,1.2046987535597353,8898,1.5061875242703262,3862,20261001,direct,target_only,test
14,1.700395473947878,8898,2.3485378552162723,3868,20261001,direct,target_only,test
15,1.1015079728682629,8898,1.1991100091451028,3862,20261001,direct,target_only,test
16,0.8559430300038994,8898,0.8405289627738964,3862,20261001,direct,target_only,test
17,1.0705821039797778,8898,1.1385413954012262,3862,20261001,direct,target_only,test
18,1.4287183311910143,8898,1.6955157797706446,3862,20261001,direct,target_only,test
19,1.415426196972154,8898,1.6308741722234723,3862,20261001,direct,target_only,test
20,1.306076823268295,8898,1.5035617851771481,3865,20261001,direct,target_only,test
21,1.471447232979179,8898,1.7780199493715276,3865,20261001,direct,target_only,test
22,1.2072875259871576,8898,1.3064793438451874,3865,20261001,direct,target_only,test
23,1.653402592864009,8898,1.717624321438036,3865,20261001,direct,target_only,test
24,1.911925137237051,8898,1.7841482757514808,3865,20261001,direct,target_only,test
25,2.334200449073639,8898,2.4705490365133254,4107,20261001,direct,target_only,test
26,3.059704261108484,8898,4.542822055229424,5233,20261001,direct,target_only,test
27,5.817516852815184,8898,9.174870447592612,5459,20261001,direct,target_only,test
28,11.649581333089348,8898,17.297664868681657,5794,20261001,direct,target_only,test
29,21.335288471650824,8898,27.0747908356854,6898,20261001,direct,target_only,test
30,35.298096263197266,8898,38.461879472760806,8126,20261001,direct,target_only,test
31,49.477993192862726,8898,49.872651595872455,8809,20261001,direct,target_only,test
32,65.77319103783425,8898,65.77319103783425,8898,20261001,direct,target_only,test
33,83.81105572248627,8898,83.81105572248627,8898,20261001,direct,target_only,test
34,103.28779167004667,8898,103.28779167004667,8898,20261001,direct,target_only,test
35,118.23602494579997,8898,118.23602494579997,8898,20261001,direct,target_only,test
36,134.75985595463698,8898,134.75985595463698,8898,20261001,direct,target_only,test
37,149.12069992046705,8898,149.12069992046705,8898,20261001,direct,target_only,test
38,167.46134030189202,8898,167.46134030189202,8898,20261001,direct,target_only,test
39,188.59973697702404,8898,188.59973697702404,8898,20261001,direct,target_only,test
40,201.4024379664442,8898,201.4024379664442,8898,20261001,direct,target_only,test
41,207.50467212761026,8898,207.50467212761026,8898,20261001,direct,target_only,test
42,219.6805787539406,8898,219.6805787539406,8898,20261001,direct,target_only,test
43,228.45286997735073,8898,228.45286997735073,8898,20261001,direct,target_only,test
44,233.23682248583418,8898,233.23682248583418,8898,20261001,direct,target_only,test
45,226.4425068137538,8898,226.4425068137538,8898,20261001,direct,target_only,test
46,244.0994644827578,8898,244.0994644827578,8898,20261001,direct,target_only,test
47,256.61875611510413,8898,256.61875611510413,8898,20261001,direct,target_only,test
48,242.12435493766208,8898,242.12435493766208,8898,20261001,direct,target_only,test
49,253.74646014622653,8898,253.74646014622653,8898,20261001,direct,target_only,test
50,258.7026738592462,8898,258.7026738592462,8898,20261001,direct,target_only,test
51,250.77512458646717,8898,250.77512458646717,8898,20261001,direct,target_only,test
52,239.308303211864,8898,239.308303211864,8898,20261001,direct,target_only,test
53,253.28865181020998,8898,253.28865181020998,8898,20261001,direct,target_only,test
54,253.15704173349835,8898,253.15704173349835,8898,20261001,direct,target_only,test
55,248.05810080223233,8898,248.05810080223233,8898,20261001,direct,target_only,test
56,242.10915932396816,8898,242.10915932396816,8898,20261001,direct,target_only,test
57,236.9964932701028,8898,236.9964932701028,8898,20261001,direct,target_only,test
58,236.2929971454873,8898,236.2929971454873,8898,20261001,direct,target_only,test
59,222.5553278198441,8898,222.5553278198441,8898,20261001,direct,target_only,test
60,222.98233484760493,8898,222.98233484760493,8898,20261001,direct,target_only,test
61,222.77853390069816,8898,222.77853390069816,8898,20261001,direct,target_only,test
62,206.37612389375315,8898,206.37612389375315,8898,20261001,direct,target_only,test
63,208.59125974486068,8898,208.59125974486068,8898,20261001,direct,target_only,test
64,197.42520882335057,8898,197.42520882335057,8898,20261001,direct,target_only,test
65,184.00611216384064,8898,184.00611216384064,8898,20261001,direct,target_only,test
66,174.71913924947987,8898,174.71913924947987,8898,20261001,direct,target_only,test
67,163.7877665120827,8898,163.7877665120827,8898,20261001,direct,target_only,test
68,152.81285411331888,8898,153.42913730132184,8847,20261001,direct,target_only,test
69,131.4645949769823,8898,135.9148841079237,8590,20261001,direct,target_only,test
70,114.83230485341183,8898,128.37811413287432,7935,20261001,direct,target_only,test
71,90.73143881643323,8898,104.1154388369484,7735,20261001,direct,target_only,test
72,81.25876063077983,8898,93.31691710549225,7735,20261001,direct,target_only,test
73,70.65704194345824,8898,81.3013644562254,7720,20261001,direct,target_only,test
74,53.357719516585824,8898,61.71984431909268,7676,20261001,direct,target_only,test
75,42.095286198154504,8898,50.6128188768273,7337,20261001,direct,target_only,test
76,28.17265136270642,8898,35.55008371729854,6903,20261001,direct,target_only,test
77,20.530303296127055,8898,26.973203518461936,6637,20261001,direct,target_only,test
78,13.125526095521076,8898,17.635661988573442,6510,20261001,direct,target_only,test
79,7.544486557871447,8898,11.901309279339443,5473,20261001,direct,target_only,test
80,3.6133207771745193,8898,5.6794247459317075,5401,20261001,direct,target_only,test
81,1.6645605296672266,8898,2.5076524240776417,5155,20261001,direct,target_only,test
82,0.9295696629656454,8898,0.9986145859946417,4384,20261001,direct,target_only,test
83,0.7645281197517444,8898,0.6095939242279589,3906,20261001,direct,target_only,test
84,0.7748743636204127,8898,0.677725501462686,3862,20261001,direct,target_only,test
85,0.9305782580878406,8898,0.9507348487555888,3862,20261001,direct,target_only,test
86,0.7890323008592544,8898,0.8025663717732351,3862,20261001,direct,target_only,test
87,0.739086442898099,8898,0.7284411306997953,3862,20261001,direct,target_only,test
88,0.9446845041245898,8898,0.963383822471814,3862,20261001,direct,target_only,test
89,0.5663116403245596,8898,0.5607731709828777,3862,20261001,direct,target_only,test
90,0.5732626236923278,8898,0.5648242738859941,3862,20261001,direct,target_only,test
91,0.6978409735573412,8898,0.6743745464756352,3862,20261001,direct,target_only,test
92,0.6759780411763214,8898,0.6127921018010591,3862,20261001,direct,target_only,test
93,0.7344623091305125,8898,0.6173089860110379,3862,20261001,direct,target_only,test
94,0.7574642091222521,8898,0.6659358257320741,3862,20261001,direct,target_only,test
95,0.5598175968505086,8898,0.49237720086468373,3862,20261001,direct,target_only,test
96,0.4357785114616149,8898,0.37136615982548304,3862,20261001,direct,target_only,test
1,0.6875137148139646,4421,1.0437014837829222,2453,20261001,direct,vendor_covariate,calibration
2,0.44033309772227897,4421,0.687393471677501,2453,20261001,direct,vendor_covariate,calibration
3,0.709922686347138,4421,1.1324326296422753,2453,20261001,direct,vendor_covariate,calibration
4,0.6678170231418477,4421,1.0819923106248384,2453,20261001,direct,vendor_covariate,calibration
5,0.6983375076833986,4421,1.0945009733043396,2453,20261001,direct,vendor_covariate,calibration
6,0.47030851253858386,4421,0.7484739418424395,2453,20261001,direct,vendor_covariate,calibration
7,0.5464801119031244,4421,0.8810711677963179,2453,20261001,direct,vendor_covariate,calibration
8,0.5527264051252267,4421,0.8861903226526232,2453,20261001,direct,vendor_covariate,calibration
9,0.49583933245426676,4421,0.7647921122121558,2453,20261001,direct,vendor_covariate,calibration
10,0.4174206808944197,4421,0.6298667088339293,2453,20261001,direct,vendor_covariate,calibration
11,0.4376941473673868,4421,0.6186656022480056,2453,20261001,direct,vendor_covariate,calibration
12,0.5869153149508561,4421,0.9032532676686476,2430,20261001,direct,vendor_covariate,calibration
13,0.6198016253160292,4421,0.8984459182727553,2430,20261001,direct,vendor_covariate,calibration
14,0.9756587126781648,4421,1.4752921559912833,2438,20261001,direct,vendor_covariate,calibration
15,0.8121019320516558,4421,1.230805685319037,2430,20261001,direct,vendor_covariate,calibration
16,0.8000631215195328,4421,1.2423011855869994,2430,20261001,direct,vendor_covariate,calibration
17,1.117905248848865,4421,1.6624911192206688,2430,20261001,direct,vendor_covariate,calibration
18,1.1275290599721868,4421,1.678527070692292,2430,20261001,direct,vendor_covariate,calibration
19,0.9695226979848302,4421,1.3975578014068153,2430,20261001,direct,vendor_covariate,calibration
20,1.0049163987329224,4421,1.5189218001561995,2431,20261001,direct,vendor_covariate,calibration
21,1.2127782520125001,4421,1.7169786371039368,2431,20261001,direct,vendor_covariate,calibration
22,1.3601241041552272,4421,1.865032330177784,2431,20261001,direct,vendor_covariate,calibration
23,1.279365795566533,4421,1.6494404301231214,2431,20261001,direct,vendor_covariate,calibration
24,1.3923444393419708,4421,1.7294465410387114,2431,20261001,direct,vendor_covariate,calibration
25,1.7160295495823248,4421,2.102317357733976,2577,20261001,direct,vendor_covariate,calibration
26,2.029809677073653,4421,2.44600517860749,3400,20261001,direct,vendor_covariate,calibration
27,2.7065576011265167,4421,3.232394967450366,3589,20261001,direct,vendor_covariate,calibration
28,5.355799527849386,4421,6.29595085973121,3663,20261001,direct,vendor_covariate,calibration
29,11.931803671091133,4421,12.894580189007845,4061,20261001,direct,vendor_covariate,calibration
30,22.631208235394354,4421,23.755750272344972,4188,20261001,direct,vendor_covariate,calibration
31,36.70223704898233,4421,37.0709973534418,4368,20261001,direct,vendor_covariate,calibration
32,52.41613222519773,4421,52.41613222519773,4421,20261001,direct,vendor_covariate,calibration
33,72.0711399612776,4421,72.0711399612776,4421,20261001,direct,vendor_covariate,calibration
34,92.19184297867064,4421,92.19184297867064,4421,20261001,direct,vendor_covariate,calibration
35,109.49280489074626,4421,109.49280489074626,4421,20261001,direct,vendor_covariate,calibration
36,130.26024803755482,4421,130.26024803755482,4421,20261001,direct,vendor_covariate,calibration
37,142.8370804396502,4421,142.8370804396502,4421,20261001,direct,vendor_covariate,calibration
38,158.14840966811266,4421,158.14840966811266,4421,20261001,direct,vendor_covariate,calibration
39,175.29072652166144,4421,175.29072652166144,4421,20261001,direct,vendor_covariate,calibration
40,186.2888514724811,4421,186.2888514724811,4421,20261001,direct,vendor_covariate,calibration
41,189.28424501516645,4421,189.28424501516645,4421,20261001,direct,vendor_covariate,calibration
42,205.20336352589712,4421,205.20336352589712,4421,20261001,direct,vendor_covariate,calibration
43,206.94984468820576,4421,206.94984468820576,4421,20261001,direct,vendor_covariate,calibration
44,217.05497201174006,4421,217.05497201174006,4421,20261001,direct,vendor_covariate,calibration
45,223.3142220215597,4421,223.3142220215597,4421,20261001,direct,vendor_covariate,calibration
46,229.50775605635968,4421,229.50775605635968,4421,20261001,direct,vendor_covariate,calibration
47,243.18787187244007,4421,243.18787187244007,4421,20261001,direct,vendor_covariate,calibration
48,233.1981181042213,4421,233.1981181042213,4421,20261001,direct,vendor_covariate,calibration
49,231.9951615495579,4421,231.9951615495579,4421,20261001,direct,vendor_covariate,calibration
50,225.05875222176968,4421,225.05875222176968,4421,20261001,direct,vendor_covariate,calibration
51,230.72958931204178,4421,230.72958931204178,4421,20261001,direct,vendor_covariate,calibration
52,228.66912026291814,4421,228.66912026291814,4421,20261001,direct,vendor_covariate,calibration
53,223.24180277927385,4421,223.24180277927385,4421,20261001,direct,vendor_covariate,calibration
54,213.6860349810594,4421,213.6860349810594,4421,20261001,direct,vendor_covariate,calibration
55,213.28543000401172,4421,213.28543000401172,4421,20261001,direct,vendor_covariate,calibration
56,214.124441777772,4421,214.124441777772,4421,20261001,direct,vendor_covariate,calibration
57,224.58177415900872,4421,224.58177415900872,4421,20261001,direct,vendor_covariate,calibration
58,217.3206858493521,4421,217.3206858493521,4421,20261001,direct,vendor_covariate,calibration
59,206.27092177039646,4421,206.27092177039646,4421,20261001,direct,vendor_covariate,calibration
60,196.5840943005257,4421,196.5840943005257,4421,20261001,direct,vendor_covariate,calibration
61,192.381093977992,4421,192.381093977992,4421,20261001,direct,vendor_covariate,calibration
62,176.90560144805187,4421,176.90560144805187,4421,20261001,direct,vendor_covariate,calibration
63,174.41478052557028,4421,174.41478052557028,4421,20261001,direct,vendor_covariate,calibration
64,155.5678379175891,4421,155.5678379175891,4421,20261001,direct,vendor_covariate,calibration
65,133.14164636031828,4421,133.14164636031828,4421,20261001,direct,vendor_covariate,calibration
66,121.5030261466473,4421,121.5030261466473,4421,20261001,direct,vendor_covariate,calibration
67,113.56541907891557,4421,113.59088424551153,4420,20261001,direct,vendor_covariate,calibration
68,98.24769031394925,4421,98.43004031890494,4405,20261001,direct,vendor_covariate,calibration
69,79.20822459278718,4421,79.57764370326724,4393,20261001,direct,vendor_covariate,calibration
70,64.66867263045067,4421,65.88972276561285,4330,20261001,direct,vendor_covariate,calibration
71,47.4060662366101,4421,48.55393105456878,4306,20261001,direct,vendor_covariate,calibration
72,38.9680675322756,4421,39.958008685019095,4304,20261001,direct,vendor_covariate,calibration
73,32.46390660257925,4421,33.3431421863017,4299,20261001,direct,vendor_covariate,calibration
74,22.305050873485797,4421,22.95846663617443,4288,20261001,direct,vendor_covariate,calibration
75,16.50400902547464,4421,17.245005432107277,4204,20261001,direct,vendor_covariate,calibration
76,11.089100895192832,4421,11.868631210172463,4021,20261001,direct,vendor_covariate,calibration
77,7.799340896352081,4421,8.458789679127989,3998,20261001,direct,vendor_covariate,calibration
78,5.071955073701213,4421,5.559523643494947,3985,20261001,direct,vendor_covariate,calibration
79,3.0233337786552124,4421,3.506970427475739,3710,20261001,direct,vendor_covariate,calibration
80,1.969828249511554,4421,2.360822854953526,3548,20261001,direct,vendor_covariate,calibration
81,1.4827081347989406,4421,1.8723211894766285,3245,20261001,direct,vendor_covariate,calibration
82,1.2802225336447743,4421,1.834401458840177,2746,20261001,direct,vendor_covariate,calibration
83,1.1207945200961849,4421,1.7101945484095906,2476,20261001,direct,vendor_covariate,calibration
84,1.1866553324504125,4421,1.8364287067894582,2430,20261001,direct,vendor_covariate,calibration
85,1.2063308958317247,4421,1.882688421973721,2430,20261001,direct,vendor_covariate,calibration
86,1.1114063798181344,4421,1.723019030677929,2430,20261001,direct,vendor_covariate,calibration
87,1.1885470086546457,4421,1.8657370331417387,2430,20261001,direct,vendor_covariate,calibration
88,1.2831116374957026,4421,2.033813997287564,2430,20261001,direct,vendor_covariate,calibration
89,1.0758818911463932,4421,1.710807437912672,2430,20261001,direct,vendor_covariate,calibration
90,1.016877134150036,4421,1.5718212275899976,2430,20261001,direct,vendor_covariate,calibration
91,1.2010151061590266,4421,1.8719678952063552,2430,20261001,direct,vendor_covariate,calibration
92,1.1559675565283105,4421,1.7638961860304507,2430,20261001,direct,vendor_covariate,calibration
93,1.3462902800081218,4421,2.0753334899620755,2430,20261001,direct,vendor_covariate,calibration
94,1.3712417402369381,4421,2.1001507760811244,2430,20261001,direct,vendor_covariate,calibration
95,1.3493965394058478,4421,2.157656161579085,2430,20261001,direct,vendor_covariate,calibration
96,1.4446717342068993,4421,2.356118895879989,2430,20261001,direct,vendor_covariate,calibration
1,0.7864754766454288,8898,1.1184503215095032,3866,20261001,direct,vendor_covariate,test
2,0.32880925790654403,8898,0.37209679743981366,3866,20261001,direct,vendor_covariate,test
3,0.5832268477610482,8898,0.6815391032249738,3866,20261001,direct,vendor_covariate,test
4,0.3658149756380133,8898,0.36623787825187093,3866,20261001,direct,vendor_covariate,test
5,0.6120973097444995,8898,0.5895258667082027,3866,20261001,direct,vendor_covariate,test
6,0.3712543179992788,8898,0.4066921244517539,3866,20261001,direct,vendor_covariate,test
7,0.48218691454575247,8898,0.6383937656189486,3866,20261001,direct,vendor_covariate,test
8,0.4733654145611072,8898,0.5936105489476444,3866,20261001,direct,vendor_covariate,test
9,0.4908351224053138,8898,0.5415422494392659,3866,20261001,direct,vendor_covariate,test
10,0.44677784971773093,8898,0.4690302984737943,3866,20261001,direct,vendor_covariate,test
11,0.650409668483046,8898,0.6740178742821329,3866,20261001,direct,vendor_covariate,test
12,0.6032426645828631,8898,0.6905080977213011,3862,20261001,direct,vendor_covariate,test
13,1.0026471614929753,8898,1.2136043230026328,3862,20261001,direct,vendor_covariate,test
14,1.507552438170458,8898,2.1701157581660175,3868,20261001,direct,vendor_covariate,test
15,0.8612162485431104,8898,0.9305400879993834,3862,20261001,direct,vendor_covariate,test
16,0.7274005017255886,8898,0.8006477078072272,3862,20261001,direct,vendor_covariate,test
17,1.321566890046186,8898,1.4584283633447142,3862,20261001,direct,vendor_covariate,test
18,1.3906293708917186,8898,1.629992099068825,3862,20261001,direct,vendor_covariate,test
19,1.4782018439016757,8898,1.7289878861085912,3862,20261001,direct,vendor_covariate,test
20,1.2775957461787317,8898,1.4996601260610571,3865,20261001,direct,vendor_covariate,test
21,1.9829780206445717,8898,2.4534811917995434,3865,20261001,direct,vendor_covariate,test
22,2.3184559097001527,8898,2.780817139412808,3865,20261001,direct,vendor_covariate,test
23,2.4830062538934103,8898,2.745762367940774,3865,20261001,direct,vendor_covariate,test
24,2.698851161806286,8898,2.567839376539122,3865,20261001,direct,vendor_covariate,test
25,3.5121718074755472,8898,3.9698638329822105,4107,20261001,direct,vendor_covariate,test
26,4.014769652811617,8898,6.004304950937286,5233,20261001,direct,vendor_covariate,test
27,5.538436711781526,8898,8.63259998873169,5459,20261001,direct,vendor_covariate,test
28,11.655145007253749,8898,17.270495493064118,5794,20261001,direct,vendor_covariate,test
29,21.5376921245742,8898,27.33189078673205,6898,20261001,direct,vendor_covariate,test
30,37.209685059547255,8898,40.5069704724434,8126,20261001,direct,vendor_covariate,test
31,48.657419535259365,8898,49.045970740362115,8809,20261001,direct,vendor_covariate,test
32,64.25867873679825,8898,64.25867873679825,8898,20261001,direct,vendor_covariate,test
33,81.26454269039768,8898,81.26454269039768,8898,20261001,direct,vendor_covariate,test
34,97.16409773619428,8898,97.16409773619428,8898,20261001,direct,vendor_covariate,test
35,110.13994013137841,8898,110.13994013137841,8898,20261001,direct,vendor_covariate,test
36,126.68603084790387,8898,126.68603084790387,8898,20261001,direct,vendor_covariate,test
37,142.98629584168043,8898,142.98629584168043,8898,20261001,direct,vendor_covariate,test
38,161.69043831760536,8898,161.69043831760536,8898,20261001,direct,vendor_covariate,test
39,184.91674942666552,8898,184.91674942666552,8898,20261001,direct,vendor_covariate,test
40,198.90635053048302,8898,198.90635053048302,8898,20261001,direct,vendor_covariate,test
41,200.6159555299652,8898,200.6159555299652,8898,20261001,direct,vendor_covariate,test
42,212.03895510724482,8898,212.03895510724482,8898,20261001,direct,vendor_covariate,test
43,222.4681898150011,8898,222.4681898150011,8898,20261001,direct,vendor_covariate,test
44,225.5494869835683,8898,225.5494869835683,8898,20261001,direct,vendor_covariate,test
45,221.47627593039257,8898,221.47627593039257,8898,20261001,direct,vendor_covariate,test
46,239.71407585382246,8898,239.71407585382246,8898,20261001,direct,vendor_covariate,test
47,246.96728185770849,8898,246.96728185770849,8898,20261001,direct,vendor_covariate,test
48,229.78319108402442,8898,229.78319108402442,8898,20261001,direct,vendor_covariate,test
49,242.63397205639174,8898,242.63397205639174,8898,20261001,direct,vendor_covariate,test
50,246.35537723650845,8898,246.35537723650845,8898,20261001,direct,vendor_covariate,test
51,240.68920040083307,8898,240.68920040083307,8898,20261001,direct,vendor_covariate,test
52,235.13734216692592,8898,235.13734216692592,8898,20261001,direct,vendor_covariate,test
53,244.55469925704716,8898,244.55469925704716,8898,20261001,direct,vendor_covariate,test
54,237.59374201116353,8898,237.59374201116353,8898,20261001,direct,vendor_covariate,test
55,240.80648713352258,8898,240.80648713352258,8898,20261001,direct,vendor_covariate,test
56,234.52704670214445,8898,234.52704670214445,8898,20261001,direct,vendor_covariate,test
57,224.67690358762175,8898,224.67690358762175,8898,20261001,direct,vendor_covariate,test
58,230.68149926880102,8898,230.68149926880102,8898,20261001,direct,vendor_covariate,test
59,219.21240905867035,8898,219.21240905867035,8898,20261001,direct,vendor_covariate,test
60,219.8112756440064,8898,219.8112756440064,8898,20261001,direct,vendor_covariate,test
61,217.9665676692658,8898,217.9665676692658,8898,20261001,direct,vendor_covariate,test
62,206.39864402384515,8898,206.39864402384515,8898,20261001,direct,vendor_covariate,test
63,203.65870829054842,8898,203.65870829054842,8898,20261001,direct,vendor_covariate,test
64,195.72358426883082,8898,195.72358426883082,8898,20261001,direct,vendor_covariate,test
65,178.00642151203368,8898,178.00642151203368,8898,20261001,direct,vendor_covariate,test
66,169.979025624259,8898,169.979025624259,8898,20261001,direct,vendor_covariate,test
67,161.6586178244791,8898,161.6586178244791,8898,20261001,direct,vendor_covariate,test
68,147.04729540149992,8898,147.55706536034447,8847,20261001,direct,vendor_covariate,test
69,131.18518778268083,8898,135.57888250741013,8590,20261001,direct,vendor_covariate,test
70,116.23512464592253,8898,129.92195141671553,7935,20261001,direct,vendor_covariate,test
71,91.03611231323147,8898,104.40733689437705,7735,20261001,direct,vendor_covariate,test
72,81.41555955127716,8898,93.46990351283203,7735,20261001,direct,vendor_covariate,test
73,69.39266883603959,8898,79.85652435483924,7720,20261001,direct,vendor_covariate,test
74,53.17045873748478,8898,61.514670553485054,7676,20261001,direct,vendor_covariate,test
75,40.58015315883539,8898,48.8608416556169,7337,20261001,direct,vendor_covariate,test
76,27.490315032012518,8898,34.90753961717947,6903,20261001,direct,vendor_covariate,test
77,19.146183444075312,8898,25.320127113970006,6637,20261001,direct,vendor_covariate,test
78,11.921405809443986,8898,16.11640140139514,6510,20261001,direct,vendor_covariate,test
79,7.367965049658518,8898,11.7050750227574,5473,20261001,direct,vendor_covariate,test
80,4.014688599568935,8898,6.3223804716755545,5401,20261001,direct,vendor_covariate,test
81,2.3106246548715794,8898,3.504102627608101,5155,20261001,direct,vendor_covariate,test
82,1.313465495976873,8898,1.8185149891922092,4384,20261001,direct,vendor_covariate,test
83,1.0963448474567177,8898,1.4723914328211976,3906,20261001,direct,vendor_covariate,test
84,1.171254057309907,8898,1.5191139063181993,3862,20261001,direct,vendor_covariate,test
85,1.0991985117625147,8898,1.428727896368022,3862,20261001,direct,vendor_covariate,test
86,1.0393107677748141,8898,1.3494757282292515,3862,20261001,direct,vendor_covariate,test
87,1.057921262704561,8898,1.3890529221655914,3862,20261001,direct,vendor_covariate,test
88,1.066794292468751,8898,1.4214015855945372,3862,20261001,direct,vendor_covariate,test
89,0.851500100127316,8898,1.0384023640129247,3862,20261001,direct,vendor_covariate,test
90,0.8851123178806043,8898,1.0220209286195636,3862,20261001,direct,vendor_covariate,test
91,1.0452333708203931,8898,1.2581272418521525,3862,20261001,direct,vendor_covariate,test
92,1.0874805373857064,8898,1.3100205858497036,3862,20261001,direct,vendor_covariate,test
93,1.2057540273726335,8898,1.4216544995270572,3862,20261001,direct,vendor_covariate,test
94,1.1524702290348938,8898,1.2983421880475972,3862,20261001,direct,vendor_covariate,test
95,0.943724394354121,8898,1.0549570153038592,3862,20261001,direct,vendor_covariate,test
96,0.8459213599286325,8898,0.987840448089951,3862,20261001,direct,vendor_covariate,test
1,0.7198689832197716,4421,0.8030814737223143,2453,20261001,vendor_residual,target_only,calibration
2,0.7896864106883115,4421,1.1964872985698785,2453,20261001,vendor_residual,target_only,calibration
3,1.1048979636385505,4421,1.9012240120442299,2453,20261001,vendor_residual,target_only,calibration
4,1.3144914325832473,4421,2.2832286309120935,2453,20261001,vendor_residual,target_only,calibration
5,1.5276331086246475,4421,2.6763643038068445,2453,20261001,vendor_residual,target_only,calibration
6,1.6309521075808053,4421,2.852065669618512,2453,20261001,vendor_residual,target_only,calibration
7,1.9516005875450122,4421,3.430145314751482,2453,20261001,vendor_residual,target_only,calibration
8,1.9205454891477043,4421,3.3816195755433465,2453,20261001,vendor_residual,target_only,calibration
9,1.837434764289762,4421,3.2160414968352633,2453,20261001,vendor_residual,target_only,calibration
10,2.018536818859957,4421,3.5174952528150536,2453,20261001,vendor_residual,target_only,calibration
11,1.8984879428456864,4421,3.32763116418821,2453,20261001,vendor_residual,target_only,calibration
12,2.1597445746340513,4421,3.7555655676306228,2430,20261001,vendor_residual,target_only,calibration
13,2.0057588532635804,4421,3.4815318647055378,2430,20261001,vendor_residual,target_only,calibration
14,2.1310803539119294,4421,3.676618119416196,2438,20261001,vendor_residual,target_only,calibration
15,2.093960402747283,4421,3.5618175701895507,2430,20261001,vendor_residual,target_only,calibration
16,2.3971027052021805,4421,4.1926728069569545,2430,20261001,vendor_residual,target_only,calibration
17,2.4100712093965333,4421,4.193356173354921,2430,20261001,vendor_residual,target_only,calibration
18,2.327164012827563,4421,4.065477525731625,2430,20261001,vendor_residual,target_only,calibration
19,2.316671657583385,4421,3.9992576868637415,2430,20261001,vendor_residual,target_only,calibration
20,2.241110667644811,4421,3.9053946796385937,2431,20261001,vendor_residual,target_only,calibration
21,2.073234041315815,4421,3.591911544369749,2431,20261001,vendor_residual,target_only,calibration
22,2.1021797509767173,4421,3.627051191781435,2431,20261001,vendor_residual,target_only,calibration
23,2.141044370380197,4421,3.6651412530191907,2431,20261001,vendor_residual,target_only,calibration
24,2.15112860679625,4421,3.674824987605968,2431,20261001,vendor_residual,target_only,calibration
25,2.21902774369907,4421,3.6092647402938116,2577,20261001,vendor_residual,target_only,calibration
26,3.054928819975976,4421,3.9484520001171983,3400,20261001,vendor_residual,target_only,calibration
27,4.273554630286065,4421,5.26010586443011,3589,20261001,vendor_residual,target_only,calibration
28,5.863807758213201,4421,7.071353871975387,3663,20261001,vendor_residual,target_only,calibration
29,13.519104920634804,4421,14.707686745731595,4061,20261001,vendor_residual,target_only,calibration
30,22.493839776383318,4421,23.738261616254373,4188,20261001,vendor_residual,target_only,calibration
31,30.785604077193806,4421,31.15309989590981,4368,20261001,vendor_residual,target_only,calibration
32,45.5514709258612,4421,45.5514709258612,4421,20261001,vendor_residual,target_only,calibration
33,54.68979406842633,4421,54.68979406842633,4421,20261001,vendor_residual,target_only,calibration
34,66.92003184281356,4421,66.92003184281356,4421,20261001,vendor_residual,target_only,calibration
35,76.42827895535507,4421,76.42827895535507,4421,20261001,vendor_residual,target_only,calibration
36,87.38750698763585,4421,87.38750698763585,4421,20261001,vendor_residual,target_only,calibration
37,94.04529181581732,4421,94.04529181581732,4421,20261001,vendor_residual,target_only,calibration
38,107.79360746517717,4421,107.79360746517717,4421,20261001,vendor_residual,target_only,calibration
39,112.56589318727767,4421,112.56589318727767,4421,20261001,vendor_residual,target_only,calibration
40,107.89992112302171,4421,107.89992112302171,4421,20261001,vendor_residual,target_only,calibration
41,113.17277416121094,4421,113.17277416121094,4421,20261001,vendor_residual,target_only,calibration
42,126.39410823924032,4421,126.39410823924032,4421,20261001,vendor_residual,target_only,calibration
43,138.84509774942072,4421,138.84509774942072,4421,20261001,vendor_residual,target_only,calibration
44,125.86497072238241,4421,125.86497072238241,4421,20261001,vendor_residual,target_only,calibration
45,123.62409737203336,4421,123.62409737203336,4421,20261001,vendor_residual,target_only,calibration
46,125.983201284293,4421,125.983201284293,4421,20261001,vendor_residual,target_only,calibration
47,140.30942289463366,4421,140.30942289463366,4421,20261001,vendor_residual,target_only,calibration
48,135.74103797624363,4421,135.74103797624363,4421,20261001,vendor_residual,target_only,calibration
49,130.70580147328064,4421,130.70580147328064,4421,20261001,vendor_residual,target_only,calibration
50,148.03892567453877,4421,148.03892567453877,4421,20261001,vendor_residual,target_only,calibration
51,154.68214698769134,4421,154.68214698769134,4421,20261001,vendor_residual,target_only,calibration
52,147.81462343781007,4421,147.81462343781007,4421,20261001,vendor_residual,target_only,calibration
53,150.54714616855588,4421,150.54714616855588,4421,20261001,vendor_residual,target_only,calibration
54,154.419414762152,4421,154.419414762152,4421,20261001,vendor_residual,target_only,calibration
55,140.73365759356744,4421,140.73365759356744,4421,20261001,vendor_residual,target_only,calibration
56,138.86247197584945,4421,138.86247197584945,4421,20261001,vendor_residual,target_only,calibration
57,137.11033992839558,4421,137.11033992839558,4421,20261001,vendor_residual,target_only,calibration
58,136.2800590228277,4421,136.2800590228277,4421,20261001,vendor_residual,target_only,calibration
59,138.518325088465,4421,138.518325088465,4421,20261001,vendor_residual,target_only,calibration
60,141.2723349653609,4421,141.2723349653609,4421,20261001,vendor_residual,target_only,calibration
61,129.44543047879114,4421,129.44543047879114,4421,20261001,vendor_residual,target_only,calibration
62,132.2717174705816,4421,132.2717174705816,4421,20261001,vendor_residual,target_only,calibration
63,130.76777458752272,4421,130.76777458752272,4421,20261001,vendor_residual,target_only,calibration
64,110.41372974842852,4421,110.41372974842852,4421,20261001,vendor_residual,target_only,calibration
65,98.69977541198054,4421,98.69977541198054,4421,20261001,vendor_residual,target_only,calibration
66,93.99135663754534,4421,93.99135663754534,4421,20261001,vendor_residual,target_only,calibration
67,91.26813448110732,4421,91.2887833803112,4420,20261001,vendor_residual,target_only,calibration
68,75.24805607224555,4421,75.50087910060243,4405,20261001,vendor_residual,target_only,calibration
69,61.09515237607667,4421,61.457996837480884,4393,20261001,vendor_residual,target_only,calibration
70,54.684578229415095,4421,55.7795081101095,4330,20261001,vendor_residual,target_only,calibration
71,49.13432066090529,4421,50.42113515407869,4306,20261001,vendor_residual,target_only,calibration
72,38.06383410983903,4421,39.082951247421384,4304,20261001,vendor_residual,target_only,calibration
73,26.841315195445027,4421,27.577498958431896,4299,20261001,vendor_residual,target_only,calibration
74,20.448287233151476,4421,21.04985741775124,4288,20261001,vendor_residual,target_only,calibration
75,16.828845827004532,4421,17.632213011560296,4204,20261001,vendor_residual,target_only,calibration
76,11.610360771160114,4421,12.707563716876916,4021,20261001,vendor_residual,target_only,calibration
77,6.895569991295329,4421,7.600205676393728,3998,20261001,vendor_residual,target_only,calibration
78,4.7709408895313175,4421,5.2770939659963245,3985,20261001,vendor_residual,target_only,calibration
79,3.132802040729398,4421,3.7048657457498932,3710,20261001,vendor_residual,target_only,calibration
80,3.213184392348459,4421,3.9695938944163904,3548,20261001,vendor_residual,target_only,calibration
81,2.7825111207154904,4421,3.703305015749168,3245,20261001,vendor_residual,target_only,calibration
82,2.2318153618459218,4421,3.383312201689847,2746,20261001,vendor_residual,target_only,calibration
83,2.3837413228127904,4421,4.117097544009005,2476,20261001,vendor_residual,target_only,calibration
84,2.274203290045119,4421,4.009601692131954,2430,20261001,vendor_residual,target_only,calibration
85,2.2643218385391397,4421,4.008223209319514,2430,20261001,vendor_residual,target_only,calibration
86,2.151699957003435,4421,3.8180306577851897,2430,20261001,vendor_residual,target_only,calibration
87,2.1284539667206466,4421,3.7791796429174735,2430,20261001,vendor_residual,target_only,calibration
88,2.0891503291986906,4421,3.7128404459827906,2430,20261001,vendor_residual,target_only,calibration
89,2.1263185110895804,4421,3.807617462943059,2430,20261001,vendor_residual,target_only,calibration
90,2.2029296449053586,4421,3.949544754271959,2430,20261001,vendor_residual,target_only,calibration
91,2.1660925396874497,4421,3.8877316176738024,2430,20261001,vendor_residual,target_only,calibration
92,2.0385078673689248,4421,3.6651778069888183,2430,20261001,vendor_residual,target_only,calibration
93,2.215413145691203,4421,3.9728164694220243,2430,20261001,vendor_residual,target_only,calibration
94,2.281408208882178,4421,4.1000310785562535,2430,20261001,vendor_residual,target_only,calibration
95,2.3293551675460997,4421,4.187111637211278,2430,20261001,vendor_residual,target_only,calibration
96,2.0985721642719413,4421,3.793343084812195,2430,20261001,vendor_residual,target_only,calibration
1,1.4942138416874904,8898,1.5966432074549093,3866,20261001,vendor_residual,target_only,test
2,1.3848131374649308,8898,2.270585367817189,3866,20261001,vendor_residual,target_only,test
3,1.4678152514236495,8898,2.9736101263573955,3866,20261001,vendor_residual,target_only,test
4,1.6487292699418166,8898,3.392333648374123,3866,20261001,vendor_residual,target_only,test
5,1.700163926787517,8898,3.542937023967839,3866,20261001,vendor_residual,target_only,test
6,1.9947957386157316,8898,4.225801276858025,3866,20261001,vendor_residual,target_only,test
7,2.131785104601883,8898,4.520827827080448,3866,20261001,vendor_residual,target_only,test
8,2.0281705051887613,8898,4.343038811874145,3866,20261001,vendor_residual,target_only,test
9,1.9905007760001525,8898,4.178359958572786,3866,20261001,vendor_residual,target_only,test
10,2.2643558242489936,8898,4.73162504449784,3866,20261001,vendor_residual,target_only,test
11,2.1653810992981026,8898,4.564847892021642,3866,20261001,vendor_residual,target_only,test
12,2.590419969668572,8898,5.220933613551256,3862,20261001,vendor_residual,target_only,test
13,2.423696231991568,8898,4.802411465982172,3862,20261001,vendor_residual,target_only,test
14,2.723997007360515,8898,5.395798812356933,3868,20261001,vendor_residual,target_only,test
15,2.614525542735321,8898,4.66872599840903,3862,20261001,vendor_residual,target_only,test
16,2.414325128320288,8898,4.648433082998014,3862,20261001,vendor_residual,target_only,test
17,2.5711977666459367,8898,4.952517178439842,3862,20261001,vendor_residual,target_only,test
18,2.4061233842161176,8898,4.3944585389686255,3862,20261001,vendor_residual,target_only,test
19,2.679292026006328,8898,4.866611951777121,3862,20261001,vendor_residual,target_only,test
20,2.211228855126118,8898,3.8759403765092233,3865,20261001,vendor_residual,target_only,test
21,2.4445654311048646,8898,4.407837813367939,3865,20261001,vendor_residual,target_only,test
22,2.468408290281695,8898,4.3951935417635095,3865,20261001,vendor_residual,target_only,test
23,2.6326858199581697,8898,4.585478581961535,3865,20261001,vendor_residual,target_only,test
24,2.6830294634210876,8898,4.504619356723777,3865,20261001,vendor_residual,target_only,test
25,2.7517146903498535,8898,4.722386301476937,4107,20261001,vendor_residual,target_only,test
26,4.710735234349707,8898,7.743490365699942,5233,20261001,vendor_residual,target_only,test
27,7.654104863671381,8898,12.33291594890991,5459,20261001,vendor_residual,target_only,test
28,11.078314711490178,8898,16.886956510208623,5794,20261001,vendor_residual,target_only,test
29,17.714046033075338,8898,22.732255702961314,6898,20261001,vendor_residual,target_only,test
30,25.204673093373373,8898,27.579740725646726,8126,20261001,vendor_residual,target_only,test
31,39.33968706698583,8898,39.734700059737726,8809,20261001,vendor_residual,target_only,test
32,46.929557896265536,8898,46.929557896265536,8898,20261001,vendor_residual,target_only,test
33,63.10635349253768,8898,63.10635349253768,8898,20261001,vendor_residual,target_only,test
34,75.62904388541622,8898,75.62904388541622,8898,20261001,vendor_residual,target_only,test
35,87.40856894293715,8898,87.40856894293715,8898,20261001,vendor_residual,target_only,test
36,97.80640742449862,8898,97.80640742449862,8898,20261001,vendor_residual,target_only,test
37,104.9124340665696,8898,104.9124340665696,8898,20261001,vendor_residual,target_only,test
38,120.29725716023688,8898,120.29725716023688,8898,20261001,vendor_residual,target_only,test
39,138.0619445865767,8898,138.0619445865767,8898,20261001,vendor_residual,target_only,test
40,153.66860701244929,8898,153.66860701244929,8898,20261001,vendor_residual,target_only,test
41,162.2007514556839,8898,162.2007514556839,8898,20261001,vendor_residual,target_only,test
42,168.4629898445701,8898,168.4629898445701,8898,20261001,vendor_residual,target_only,test
43,174.25036908637566,8898,174.25036908637566,8898,20261001,vendor_residual,target_only,test
44,168.61221432907797,8898,168.61221432907797,8898,20261001,vendor_residual,target_only,test
45,174.86898299286034,8898,174.86898299286034,8898,20261001,vendor_residual,target_only,test
46,183.0392892286671,8898,183.0392892286671,8898,20261001,vendor_residual,target_only,test
47,189.33054643044062,8898,189.33054643044062,8898,20261001,vendor_residual,target_only,test
48,193.84397757013448,8898,193.84397757013448,8898,20261001,vendor_residual,target_only,test
49,196.7060408061109,8898,196.7060408061109,8898,20261001,vendor_residual,target_only,test
50,204.13980756022391,8898,204.13980756022391,8898,20261001,vendor_residual,target_only,test
51,207.0045237695914,8898,207.0045237695914,8898,20261001,vendor_residual,target_only,test
52,185.2101871337675,8898,185.2101871337675,8898,20261001,vendor_residual,target_only,test
53,193.6581572271505,8898,193.6581572271505,8898,20261001,vendor_residual,target_only,test
54,191.26986059771576,8898,191.26986059771576,8898,20261001,vendor_residual,target_only,test
55,187.7952064033972,8898,187.7952064033972,8898,20261001,vendor_residual,target_only,test
56,189.00728319595595,8898,189.00728319595595,8898,20261001,vendor_residual,target_only,test
57,171.96948696990333,8898,171.96948696990333,8898,20261001,vendor_residual,target_only,test
58,197.1553367563358,8898,197.1553367563358,8898,20261001,vendor_residual,target_only,test
59,186.21877348963642,8898,186.21877348963642,8898,20261001,vendor_residual,target_only,test
60,199.67877015196757,8898,199.67877015196757,8898,20261001,vendor_residual,target_only,test
61,181.28831532757536,8898,181.28831532757536,8898,20261001,vendor_residual,target_only,test
62,178.81534630358968,8898,178.81534630358968,8898,20261001,vendor_residual,target_only,test
63,179.06595451120378,8898,179.06595451120378,8898,20261001,vendor_residual,target_only,test
64,166.12940771268157,8898,166.12940771268157,8898,20261001,vendor_residual,target_only,test
65,156.63369097889262,8898,156.63369097889262,8898,20261001,vendor_residual,target_only,test
66,145.0471621373134,8898,145.0471621373134,8898,20261001,vendor_residual,target_only,test
67,141.8243024488637,8898,141.8243024488637,8898,20261001,vendor_residual,target_only,test
68,133.75534080948393,8898,134.48663159508374,8847,20261001,vendor_residual,target_only,test
69,116.37720804454193,8898,120.4235580555882,8590,20261001,vendor_residual,target_only,test
70,110.10458884139051,8898,123.163190034625,7935,20261001,vendor_residual,target_only,test
71,94.98816630476529,8898,109.11896052012023,7735,20261001,vendor_residual,target_only,test
72,75.78843367808118,8898,87.0509798390005,7735,20261001,vendor_residual,target_only,test
73,63.195592482844376,8898,72.69837885443175,7720,20261001,vendor_residual,target_only,test
74,47.73516680413773,8898,55.188011468127826,7676,20261001,vendor_residual,target_only,test
75,43.04916073182747,8898,52.02318551043124,7337,20261001,vendor_residual,target_only,test
76,27.638316735397094,8898,35.45221981035811,6903,20261001,vendor_residual,target_only,test
77,18.558390582876644,8898,24.78027597013795,6637,20261001,vendor_residual,target_only,test
78,12.224329659712888,8898,16.6091768719517,6510,20261001,vendor_residual,target_only,test
79,6.672424626087156,8898,10.689185551428755,5473,20261001,vendor_residual,target_only,test
80,5.295342389203541,8898,8.564126694290897,5401,20261001,vendor_residual,target_only,test
81,3.7031531404465294,8898,6.0565867480406155,5155,20261001,vendor_residual,target_only,test
82,2.2422958799216257,8898,3.725458805517499,4384,20261001,vendor_residual,target_only,test
83,2.12989221225392,8898,4.212754976070065,3906,20261001,vendor_residual,target_only,test
84,1.8018152195702333,8898,3.5100458231527316,3862,20261001,vendor_residual,target_only,test
85,1.7913233517043967,8898,3.496568308949783,3862,20261001,vendor_residual,target_only,test
86,1.723322121534322,8898,3.37485621590951,3862,20261001,vendor_residual,target_only,test
87,1.5729190619963007,8898,3.0764143531414976,3862,20261001,vendor_residual,target_only,test
88,1.5716422336780957,8898,3.0606138291927287,3862,20261001,vendor_residual,target_only,test
89,1.330977242682079,8898,2.6888420625746776,3862,20261001,vendor_residual,target_only,test
90,1.3324879079664487,8898,2.7178070299782062,3862,20261001,vendor_residual,target_only,test
91,1.2892716260543493,8898,2.6407294054806245,3862,20261001,vendor_residual,target_only,test
92,1.202691484071548,8898,2.501381291927922,3862,20261001,vendor_residual,target_only,test
93,1.3325826188014134,8898,2.723118869111266,3862,20261001,vendor_residual,target_only,test
94,1.3811650099515915,8898,2.8615058059746263,3862,20261001,vendor_residual,target_only,test
95,1.3203478467853869,8898,2.6853776081745644,3862,20261001,vendor_residual,target_only,test
96,1.341362464474933,8898,2.8937390676740815,3862,20261001,vendor_residual,target_only,test
1,0.895040724426587,4421,1.062750632873149,2453,20261001,vendor_residual,vendor_covariate,calibration
2,1.7344791909621813,4421,2.8692554659006073,2453,20261001,vendor_residual,vendor_covariate,calibration
3,2.4878290048944183,4421,4.336085216518867,2453,20261001,vendor_residual,vendor_covariate,calibration
4,2.3708853497285984,4421,4.151075497135703,2453,20261001,vendor_residual,vendor_covariate,calibration
5,2.9224224652549085,4421,5.17153857935918,2453,20261001,vendor_residual,vendor_covariate,calibration
6,2.9932173404376425,4421,5.349348731163334,2453,20261001,vendor_residual,vendor_covariate,calibration
7,3.4367399789310316,4421,6.1402959095762535,2453,20261001,vendor_residual,vendor_covariate,calibration
8,3.5831792931790707,4421,6.41109537393693,2453,20261001,vendor_residual,vendor_covariate,calibration
9,3.671986024599122,4421,6.580382911386758,2453,20261001,vendor_residual,vendor_covariate,calibration
10,3.3852870439591762,4421,6.040255511803691,2453,20261001,vendor_residual,vendor_covariate,calibration
11,3.913258964932337,4421,6.9928720725090985,2453,20261001,vendor_residual,vendor_covariate,calibration
12,3.845481953634084,4421,6.90793866700696,2430,20261001,vendor_residual,vendor_covariate,calibration
13,3.4508643041359477,4421,6.209324881071014,2430,20261001,vendor_residual,vendor_covariate,calibration
14,3.3877109595547266,4421,6.048979835720084,2438,20261001,vendor_residual,vendor_covariate,calibration
15,3.390882921971914,4421,6.079280448726229,2430,20261001,vendor_residual,vendor_covariate,calibration
16,3.764859154183278,4421,6.7518883171860695,2430,20261001,vendor_residual,vendor_covariate,calibration
17,3.7788713888264773,4421,6.77554728836856,2430,20261001,vendor_residual,vendor_covariate,calibration
18,3.7074796983133402,4421,6.6536404653213275,2430,20261001,vendor_residual,vendor_covariate,calibration
19,3.728516560498701,4421,6.685519802306085,2430,20261001,vendor_residual,vendor_covariate,calibration
20,3.6270643215928193,4421,6.529421991310249,2431,20261001,vendor_residual,vendor_covariate,calibration
21,3.75935279483469,4421,6.7698333370809625,2431,20261001,vendor_residual,vendor_covariate,calibration
22,3.5993745883186703,4421,6.48860584396305,2431,20261001,vendor_residual,vendor_covariate,calibration
23,3.734657610823573,4421,6.724700370084392,2431,20261001,vendor_residual,vendor_covariate,calibration
24,3.956890570169026,4421,7.121543747486898,2431,20261001,vendor_residual,vendor_covariate,calibration
25,3.8690074306988285,4421,6.589761783608066,2577,20261001,vendor_residual,vendor_covariate,calibration
26,4.36737785908185,4421,5.671343177261382,3400,20261001,vendor_residual,vendor_covariate,calibration
27,5.485436874456443,4421,6.7531509095340745,3589,20261001,vendor_residual,vendor_covariate,calibration
28,7.076037720520381,4421,8.539354287277684,3663,20261001,vendor_residual,vendor_covariate,calibration
29,14.069209774935674,4421,15.310553867426995,4061,20261001,vendor_residual,vendor_covariate,calibration
30,21.98529545814703,4421,23.208350300769602,4188,20261001,vendor_residual,vendor_covariate,calibration
31,29.998814822722164,4421,30.36073403524994,4368,20261001,vendor_residual,vendor_covariate,calibration
32,51.107641445924486,4421,51.107641445924486,4421,20261001,vendor_residual,vendor_covariate,calibration
33,60.43318048804186,4421,60.43318048804186,4421,20261001,vendor_residual,vendor_covariate,calibration
34,73.62286376267537,4421,73.62286376267537,4421,20261001,vendor_residual,vendor_covariate,calibration
35,88.52200646633847,4421,88.52200646633847,4421,20261001,vendor_residual,vendor_covariate,calibration
36,93.29940851657379,4421,93.29940851657379,4421,20261001,vendor_residual,vendor_covariate,calibration
37,101.62030453419533,4421,101.62030453419533,4421,20261001,vendor_residual,vendor_covariate,calibration
38,110.89010112366995,4421,110.89010112366995,4421,20261001,vendor_residual,vendor_covariate,calibration
39,121.28050446746202,4421,121.28050446746202,4421,20261001,vendor_residual,vendor_covariate,calibration
40,116.27634540258525,4421,116.27634540258525,4421,20261001,vendor_residual,vendor_covariate,calibration
41,119.34529251771977,4421,119.34529251771977,4421,20261001,vendor_residual,vendor_covariate,calibration
42,136.4139274017635,4421,136.4139274017635,4421,20261001,vendor_residual,vendor_covariate,calibration
43,147.06549536772724,4421,147.06549536772724,4421,20261001,vendor_residual,vendor_covariate,calibration
44,134.34127309959044,4421,134.34127309959044,4421,20261001,vendor_residual,vendor_covariate,calibration
45,137.63972719301856,4421,137.63972719301856,4421,20261001,vendor_residual,vendor_covariate,calibration
46,137.66095458633944,4421,137.66095458633944,4421,20261001,vendor_residual,vendor_covariate,calibration
47,151.45837470497008,4421,151.45837470497008,4421,20261001,vendor_residual,vendor_covariate,calibration
48,141.35417679626266,4421,141.35417679626266,4421,20261001,vendor_residual,vendor_covariate,calibration
49,138.84342616161436,4421,138.84342616161436,4421,20261001,vendor_residual,vendor_covariate,calibration
50,153.74539461717606,4421,153.74539461717606,4421,20261001,vendor_residual,vendor_covariate,calibration
51,164.59026067883116,4421,164.59026067883116,4421,20261001,vendor_residual,vendor_covariate,calibration
52,159.81323987887743,4421,159.81323987887743,4421,20261001,vendor_residual,vendor_covariate,calibration
53,160.12854334757336,4421,160.12854334757336,4421,20261001,vendor_residual,vendor_covariate,calibration
54,162.64900302515545,4421,162.64900302515545,4421,20261001,vendor_residual,vendor_covariate,calibration
55,146.85118818422438,4421,146.85118818422438,4421,20261001,vendor_residual,vendor_covariate,calibration
56,151.0916849771352,4421,151.0916849771352,4421,20261001,vendor_residual,vendor_covariate,calibration
57,145.18647707844372,4421,145.18647707844372,4421,20261001,vendor_residual,vendor_covariate,calibration
58,138.73166044984393,4421,138.73166044984393,4421,20261001,vendor_residual,vendor_covariate,calibration
59,135.25366373306306,4421,135.25366373306306,4421,20261001,vendor_residual,vendor_covariate,calibration
60,144.37468081532325,4421,144.37468081532325,4421,20261001,vendor_residual,vendor_covariate,calibration
61,137.54236457311717,4421,137.54236457311717,4421,20261001,vendor_residual,vendor_covariate,calibration
62,136.16495925896763,4421,136.16495925896763,4421,20261001,vendor_residual,vendor_covariate,calibration
63,136.2128729339746,4421,136.2128729339746,4421,20261001,vendor_residual,vendor_covariate,calibration
64,124.09364957388024,4421,124.09364957388024,4421,20261001,vendor_residual,vendor_covariate,calibration
65,108.21000192564225,4421,108.21000192564225,4421,20261001,vendor_residual,vendor_covariate,calibration
66,101.44909684057211,4421,101.44909684057211,4421,20261001,vendor_residual,vendor_covariate,calibration
67,101.699315360599,4421,101.72232425547696,4420,20261001,vendor_residual,vendor_covariate,calibration
68,80.31035455315144,4421,80.60206072178944,4405,20261001,vendor_residual,vendor_covariate,calibration
69,64.34235987109022,4421,64.75238400875456,4393,20261001,vendor_residual,vendor_covariate,calibration
70,58.4899165548012,4421,59.71606694930061,4330,20261001,vendor_residual,vendor_covariate,calibration
71,53.557507858116836,4421,54.98786396672887,4306,20261001,vendor_residual,vendor_covariate,calibration
72,39.416310778009304,4421,40.486467774974564,4304,20261001,vendor_residual,vendor_covariate,calibration
73,27.438028313073062,4421,28.20721386407025,4299,20261001,vendor_residual,vendor_covariate,calibration
74,21.468662583379974,4421,22.13122446679595,4288,20261001,vendor_residual,vendor_covariate,calibration
75,18.250280823230703,4421,19.19073089871983,4204,20261001,vendor_residual,vendor_covariate,calibration
76,12.633226929921543,4421,13.885028913981463,4021,20261001,vendor_residual,vendor_covariate,calibration
77,7.919322095026505,4421,8.75132282421403,3998,20261001,vendor_residual,vendor_covariate,calibration
78,6.407440654144851,4421,7.100741414673547,3985,20261001,vendor_residual,vendor_covariate,calibration
79,4.96454093736602,4421,5.907472657956995,3710,20261001,vendor_residual,vendor_covariate,calibration
80,4.851887292325075,4421,6.033149241065767,3548,20261001,vendor_residual,vendor_covariate,calibration
81,4.429496642351425,4421,6.019789614961407,3245,20261001,vendor_residual,vendor_covariate,calibration
82,4.039783593632302,4421,6.469255016909317,2746,20261001,vendor_residual,vendor_covariate,calibration
83,4.192985134939306,4421,7.446768070532053,2476,20261001,vendor_residual,vendor_covariate,calibration
84,4.291637719861976,4421,7.756495333828584,2430,20261001,vendor_residual,vendor_covariate,calibration
85,4.139101545380051,4421,7.487488839996465,2430,20261001,vendor_residual,vendor_covariate,calibration
86,4.19509637861799,4421,7.5927432095559135,2430,20261001,vendor_residual,vendor_covariate,calibration
87,4.19972422557545,4421,7.597212646056902,2430,20261001,vendor_residual,vendor_covariate,calibration
88,4.175279504191243,4421,7.550882403854158,2430,20261001,vendor_residual,vendor_covariate,calibration
89,4.145251836516547,4421,7.507085604128455,2430,20261001,vendor_residual,vendor_covariate,calibration
90,4.218996790694696,4421,7.641267314697175,2430,20261001,vendor_residual,vendor_covariate,calibration
91,4.205834387651862,4421,7.625305292335503,2430,20261001,vendor_residual,vendor_covariate,calibration
92,4.070724608835226,4421,7.380683213222481,2430,20261001,vendor_residual,vendor_covariate,calibration
93,4.092601440221737,4421,7.416987036559884,2430,20261001,vendor_residual,vendor_covariate,calibration
94,4.137067813810919,4421,7.507674319223297,2430,20261001,vendor_residual,vendor_covariate,calibration
95,4.145459492587691,4421,7.530064316728601,2430,20261001,vendor_residual,vendor_covariate,calibration
96,3.6217209547022375,4421,6.586131321643805,2430,20261001,vendor_residual,vendor_covariate,calibration
1,1.5690630353128898,8898,1.229369460013553,3866,20261001,vendor_residual,vendor_covariate,test
2,1.5392833437789732,8898,2.346257158650216,3866,20261001,vendor_residual,vendor_covariate,test
3,1.7646081988608817,8898,3.3522273675888266,3866,20261001,vendor_residual,vendor_covariate,test
4,1.9506126204959684,8898,3.911627143774567,3866,20261001,vendor_residual,vendor_covariate,test
5,2.1065408555269753,8898,4.453558359675843,3866,20261001,vendor_residual,vendor_covariate,test
6,2.0303018148526384,8898,4.407474276713728,3866,20261001,vendor_residual,vendor_covariate,test
7,2.1503692056225034,8898,4.691146586378082,3866,20261001,vendor_residual,vendor_covariate,test
8,2.363306028270914,8898,5.164450421254416,3866,20261001,vendor_residual,vendor_covariate,test
9,2.361460981298906,8898,5.221098153197459,3866,20261001,vendor_residual,vendor_covariate,test
10,2.567356628164698,8898,5.5317318105725795,3866,20261001,vendor_residual,vendor_covariate,test
11,2.552278403202545,8898,5.503955947830432,3866,20261001,vendor_residual,vendor_covariate,test
12,2.6570554288470456,8898,5.579803411652668,3862,20261001,vendor_residual,vendor_covariate,test
13,2.3460062956193073,8898,5.004073033696146,3862,20261001,vendor_residual,vendor_covariate,test
14,2.949042210958725,8898,6.16676298301647,3868,20261001,vendor_residual,vendor_covariate,test
15,2.680253954235737,8898,5.586370816752051,3862,20261001,vendor_residual,vendor_covariate,test
16,2.9813574662515125,8898,6.2401946270537545,3862,20261001,vendor_residual,vendor_covariate,test
17,2.884517239106626,8898,5.994929779360625,3862,20261001,vendor_residual,vendor_covariate,test
18,2.7473724645985427,8898,5.744053211194935,3862,20261001,vendor_residual,vendor_covariate,test
19,2.4741747259897466,8898,5.127260296655837,3862,20261001,vendor_residual,vendor_covariate,test
20,2.1688568375481205,8898,4.670116216338446,3865,20261001,vendor_residual,vendor_covariate,test
21,1.9530582215355703,8898,4.204078362925601,3865,20261001,vendor_residual,vendor_covariate,test
22,1.8692151598223508,8898,4.051488209469545,3865,20261001,vendor_residual,vendor_covariate,test
23,1.8974644163548013,8898,4.085880853614064,3865,20261001,vendor_residual,vendor_covariate,test
24,1.8478957585052147,8898,3.9224776798942975,3865,20261001,vendor_residual,vendor_covariate,test
25,2.104224046615806,8898,4.362257253118106,4107,20261001,vendor_residual,vendor_covariate,test
26,4.187974772756548,8898,7.08193483137847,5233,20261001,vendor_residual,vendor_covariate,test
27,6.593573701607198,8898,10.675336479452472,5459,20261001,vendor_residual,vendor_covariate,test
28,10.970099083849183,8898,16.821470362807894,5794,20261001,vendor_residual,vendor_covariate,test
29,17.04785452592652,8898,21.908465030438606,6898,20261001,vendor_residual,vendor_covariate,test
30,24.06537093431229,8898,26.33924835456709,8126,20261001,vendor_residual,vendor_covariate,test
31,38.208864477090664,8898,38.59404806905705,8809,20261001,vendor_residual,vendor_covariate,test
32,47.531972181385306,8898,47.531972181385306,8898,20261001,vendor_residual,vendor_covariate,test
33,59.39570907034539,8898,59.39570907034539,8898,20261001,vendor_residual,vendor_covariate,test
34,71.64373689308266,8898,71.64373689308266,8898,20261001,vendor_residual,vendor_covariate,test
35,86.29725462535912,8898,86.29725462535912,8898,20261001,vendor_residual,vendor_covariate,test
36,92.43658280453288,8898,92.43658280453288,8898,20261001,vendor_residual,vendor_covariate,test
37,100.62748734418015,8898,100.62748734418015,8898,20261001,vendor_residual,vendor_covariate,test
38,114.70151356693395,8898,114.70151356693395,8898,20261001,vendor_residual,vendor_covariate,test
39,132.52040740835767,8898,132.52040740835767,8898,20261001,vendor_residual,vendor_covariate,test
40,142.9489415441228,8898,142.9489415441228,8898,20261001,vendor_residual,vendor_covariate,test
41,150.131758762518,8898,150.131758762518,8898,20261001,vendor_residual,vendor_covariate,test
42,161.37212282083377,8898,161.37212282083377,8898,20261001,vendor_residual,vendor_covariate,test
43,168.9336252551789,8898,168.9336252551789,8898,20261001,vendor_residual,vendor_covariate,test
44,160.66531418419893,8898,160.66531418419893,8898,20261001,vendor_residual,vendor_covariate,test
45,168.42827898746046,8898,168.42827898746046,8898,20261001,vendor_residual,vendor_covariate,test
46,179.33119543931826,8898,179.33119543931826,8898,20261001,vendor_residual,vendor_covariate,test
47,183.4630913518101,8898,183.4630913518101,8898,20261001,vendor_residual,vendor_covariate,test
48,185.30469776934484,8898,185.30469776934484,8898,20261001,vendor_residual,vendor_covariate,test
49,193.3116834478823,8898,193.3116834478823,8898,20261001,vendor_residual,vendor_covariate,test
50,197.48830739423798,8898,197.48830739423798,8898,20261001,vendor_residual,vendor_covariate,test
51,197.33806126721447,8898,197.33806126721447,8898,20261001,vendor_residual,vendor_covariate,test
52,175.83951028342935,8898,175.83951028342935,8898,20261001,vendor_residual,vendor_covariate,test
53,189.74558750487736,8898,189.74558750487736,8898,20261001,vendor_residual,vendor_covariate,test
54,190.1409849977553,8898,190.1409849977553,8898,20261001,vendor_residual,vendor_covariate,test
55,188.12811249784977,8898,188.12811249784977,8898,20261001,vendor_residual,vendor_covariate,test
56,181.84963606370968,8898,181.84963606370968,8898,20261001,vendor_residual,vendor_covariate,test
57,170.64621995911105,8898,170.64621995911105,8898,20261001,vendor_residual,vendor_covariate,test
58,189.06204996954517,8898,189.06204996954517,8898,20261001,vendor_residual,vendor_covariate,test
59,169.80027124087306,8898,169.80027124087306,8898,20261001,vendor_residual,vendor_covariate,test
60,178.0537699191565,8898,178.0537699191565,8898,20261001,vendor_residual,vendor_covariate,test
61,164.01600737957247,8898,164.01600737957247,8898,20261001,vendor_residual,vendor_covariate,test
62,162.22422252237743,8898,162.22422252237743,8898,20261001,vendor_residual,vendor_covariate,test
63,164.2975915783765,8898,164.2975915783765,8898,20261001,vendor_residual,vendor_covariate,test
64,152.6120154201053,8898,152.6120154201053,8898,20261001,vendor_residual,vendor_covariate,test
65,146.22806800086366,8898,146.22806800086366,8898,20261001,vendor_residual,vendor_covariate,test
66,142.19875315615803,8898,142.19875315615803,8898,20261001,vendor_residual,vendor_covariate,test
67,146.2765173797661,8898,146.2765173797661,8898,20261001,vendor_residual,vendor_covariate,test
68,132.30380360684137,8898,133.06649084363903,8847,20261001,vendor_residual,vendor_covariate,test
69,115.57620740119413,8898,119.720266991365,8590,20261001,vendor_residual,vendor_covariate,test
70,113.30067199332616,8898,127.02269099314864,7935,20261001,vendor_residual,vendor_covariate,test
71,100.2839697866692,8898,115.35345115253926,7735,20261001,vendor_residual,vendor_covariate,test
72,78.37151461416626,8898,90.14528677869775,7735,20261001,vendor_residual,vendor_covariate,test
73,63.78309011984915,8898,73.4833421517638,7720,20261001,vendor_residual,vendor_covariate,test
74,49.42308268157088,8898,57.274192036547134,7676,20261001,vendor_residual,vendor_covariate,test
75,43.422944171198864,8898,52.652759254185526,7337,20261001,vendor_residual,vendor_covariate,test
76,27.01173085847311,8898,34.80831343488254,6903,20261001,vendor_residual,vendor_covariate,test
77,17.256697792925934,8898,23.122848717197368,6637,20261001,vendor_residual,vendor_covariate,test
78,12.63477625952023,8898,17.251226986178548,6510,20261001,vendor_residual,vendor_covariate,test
79,6.680716531497035,8898,10.834840498408902,5473,20261001,vendor_residual,vendor_covariate,test
80,4.4490047672231015,8898,7.284800793906823,5401,20261001,vendor_residual,vendor_covariate,test
81,2.7237623952516565,8898,4.652014360349638,5155,20261001,vendor_residual,vendor_covariate,test
82,1.7119835556660756,8898,3.3542073728446273,4384,20261001,vendor_residual,vendor_covariate,test
83,1.8627521988849183,8898,4.130493500733197,3906,20261001,vendor_residual,vendor_covariate,test
84,1.7628682192142107,8898,3.9098055345989398,3862,20261001,vendor_residual,vendor_covariate,test
85,1.7210429130040112,8898,3.833679768299647,3862,20261001,vendor_residual,vendor_covariate,test
86,1.6907964758218965,8898,3.7608269165482664,3862,20261001,vendor_residual,vendor_covariate,test
87,1.7350501262836497,8898,3.8552348558045946,3862,20261001,vendor_residual,vendor_covariate,test
88,1.78870001246642,8898,3.965956561993419,3862,20261001,vendor_residual,vendor_covariate,test
89,1.7284994827442675,8898,3.8485942116903127,3862,20261001,vendor_residual,vendor_covariate,test
90,1.798791535986147,8898,4.012698645967072,3862,20261001,vendor_residual,vendor_covariate,test
91,1.6851688099061708,8898,3.7767413136742696,3862,20261001,vendor_residual,vendor_covariate,test
92,1.6584401504245685,8898,3.705252753721395,3862,20261001,vendor_residual,vendor_covariate,test
93,1.7440259410548813,8898,3.8849836277192122,3862,20261001,vendor_residual,vendor_covariate,test
94,1.68819910157474,8898,3.7985025973928344,3862,20261001,vendor_residual,vendor_covariate,test
95,1.5797419896536586,8898,3.5795996208087826,3862,20261001,vendor_residual,vendor_covariate,test
96,1.343782986367384,8898,3.081203060564584,3862,20261001,vendor_residual,vendor_covariate,test
1,0.8181432760422773,4421,1.2481820075637922,2453,20261002,direct,target_only,calibration
2,0.9723937151082714,4421,1.5179205697972922,2453,20261002,direct,target_only,calibration
3,0.9515897620615108,4421,1.5146585657624654,2453,20261002,direct,target_only,calibration
4,0.7990677998605774,4421,1.2566000667339532,2453,20261002,direct,target_only,calibration
5,0.7593861412405681,4421,1.1785002398686966,2453,20261002,direct,target_only,calibration
6,0.9732550093371171,4421,1.5413006698986826,2453,20261002,direct,target_only,calibration
7,0.8439174174450993,4421,1.3325363358484996,2453,20261002,direct,target_only,calibration
8,1.0892051059901848,4421,1.7038038789639778,2453,20261002,direct,target_only,calibration
9,0.8236299966662293,4421,1.2949916602450635,2453,20261002,direct,target_only,calibration
10,0.7487540691487714,4421,1.1576155262987466,2453,20261002,direct,target_only,calibration
11,0.7869894960673989,4421,1.2141011378006865,2453,20261002,direct,target_only,calibration
12,0.6838620682911611,4421,1.0234780097571912,2430,20261002,direct,target_only,calibration
13,0.69478243133346,4421,1.0156247756302113,2430,20261002,direct,target_only,calibration
14,0.9255956859415987,4421,1.383071707550916,2438,20261002,direct,target_only,calibration
15,0.6771349100645878,4421,1.022006894350665,2430,20261002,direct,target_only,calibration
16,0.8285180300632582,4421,1.3047380767548036,2430,20261002,direct,target_only,calibration
17,0.7736165369470056,4421,1.1995153728167338,2430,20261002,direct,target_only,calibration
18,0.8261915006820392,4421,1.2920338888227203,2430,20261002,direct,target_only,calibration
19,1.01593430630229,4421,1.535011970096746,2430,20261002,direct,target_only,calibration
20,0.9132096334744992,4421,1.4140183565152042,2431,20261002,direct,target_only,calibration
21,0.7189703079914176,4421,1.109876619761481,2431,20261002,direct,target_only,calibration
22,0.9164657261324981,4421,1.3621505292091123,2431,20261002,direct,target_only,calibration
23,1.1473110374758428,4421,1.6640346325759239,2431,20261002,direct,target_only,calibration
24,1.250287382896746,4421,1.7792439763531922,2431,20261002,direct,target_only,calibration
25,1.3836828957684044,4421,1.8567993582971176,2577,20261002,direct,target_only,calibration
26,1.6384395994792533,4421,1.9889260783855742,3400,20261002,direct,target_only,calibration
27,3.476423875647558,4421,4.184688547991959,3589,20261002,direct,target_only,calibration
28,6.047388815720885,4421,7.068049652063897,3663,20261002,direct,target_only,calibration
29,11.295880910984417,4421,12.151164917050476,4061,20261002,direct,target_only,calibration
30,19.715964283319973,4421,20.593710281090267,4188,20261002,direct,target_only,calibration
31,32.3904663224073,4421,32.691873337843965,4368,20261002,direct,target_only,calibration
32,47.08438369424821,4421,47.08438369424821,4421,20261002,direct,target_only,calibration
33,63.182695329572276,4421,63.182695329572276,4421,20261002,direct,target_only,calibration
34,82.00926623293223,4421,82.00926623293223,4421,20261002,direct,target_only,calibration
35,99.96611829554492,4421,99.96611829554492,4421,20261002,direct,target_only,calibration
36,117.76215000669654,4421,117.76215000669654,4421,20261002,direct,target_only,calibration
37,136.80350552956446,4421,136.80350552956446,4421,20261002,direct,target_only,calibration
38,151.76440411994182,4421,151.76440411994182,4421,20261002,direct,target_only,calibration
39,167.75202914118748,4421,167.75202914118748,4421,20261002,direct,target_only,calibration
40,175.2671740094511,4421,175.2671740094511,4421,20261002,direct,target_only,calibration
41,178.65762163718728,4421,178.65762163718728,4421,20261002,direct,target_only,calibration
42,187.956844960506,4421,187.956844960506,4421,20261002,direct,target_only,calibration
43,199.69765586972918,4421,199.69765586972918,4421,20261002,direct,target_only,calibration
44,203.84369604282116,4421,203.84369604282116,4421,20261002,direct,target_only,calibration
45,203.48360177135743,4421,203.48360177135743,4421,20261002,direct,target_only,calibration
46,208.13721468458547,4421,208.13721468458547,4421,20261002,direct,target_only,calibration
47,223.9122757971762,4421,223.9122757971762,4421,20261002,direct,target_only,calibration
48,210.57105467003365,4421,210.57105467003365,4421,20261002,direct,target_only,calibration
49,216.63297697611523,4421,216.63297697611523,4421,20261002,direct,target_only,calibration
50,207.85897989750407,4421,207.85897989750407,4421,20261002,direct,target_only,calibration
51,218.204882260669,4421,218.204882260669,4421,20261002,direct,target_only,calibration
52,215.2666559989529,4421,215.2666559989529,4421,20261002,direct,target_only,calibration
53,206.6839122628278,4421,206.6839122628278,4421,20261002,direct,target_only,calibration
54,195.97656375829368,4421,195.97656375829368,4421,20261002,direct,target_only,calibration
55,192.58101451079773,4421,192.58101451079773,4421,20261002,direct,target_only,calibration
56,191.61942406476987,4421,191.61942406476987,4421,20261002,direct,target_only,calibration
57,199.63594248760438,4421,199.63594248760438,4421,20261002,direct,target_only,calibration
58,198.9155337107051,4421,198.9155337107051,4421,20261002,direct,target_only,calibration
59,188.4948596283962,4421,188.4948596283962,4421,20261002,direct,target_only,calibration
60,181.53305187436473,4421,181.53305187436473,4421,20261002,direct,target_only,calibration
61,168.87194124573335,4421,168.87194124573335,4421,20261002,direct,target_only,calibration
62,162.77765389286645,4421,162.77765389286645,4421,20261002,direct,target_only,calibration
63,167.1998404621559,4421,167.1998404621559,4421,20261002,direct,target_only,calibration
64,154.66585441108847,4421,154.66585441108847,4421,20261002,direct,target_only,calibration
65,133.9604591002523,4421,133.9604591002523,4421,20261002,direct,target_only,calibration
66,121.51757054857099,4421,121.51757054857099,4421,20261002,direct,target_only,calibration
67,108.23544824639833,4421,108.2595388818254,4420,20261002,direct,target_only,calibration
68,94.3145081603959,4421,94.51135516146856,4405,20261002,direct,target_only,calibration
69,75.83300163795973,4421,76.20585091691983,4393,20261002,direct,target_only,calibration
70,59.03513834453732,4421,60.14173516702341,4330,20261002,direct,target_only,calibration
71,42.59086525732611,4421,43.63188930234236,4306,20261002,direct,target_only,calibration
72,33.88935298128142,4421,34.74407181379328,4304,20261002,direct,target_only,calibration
73,29.371179531553995,4421,30.152191527357235,4299,20261002,direct,target_only,calibration
74,20.542669871458614,4421,21.123605922703092,4288,20261002,direct,target_only,calibration
75,16.170263809204297,4421,16.836865312002796,4204,20261002,direct,target_only,calibration
76,10.72294882144385,4421,11.318136714625728,4021,20261002,direct,target_only,calibration
77,7.751112509732733,4421,8.281277910313614,3998,20261002,direct,target_only,calibration
78,4.824137410318453,4421,5.214467583086875,3985,20261002,direct,target_only,calibration
79,2.749269006584447,4421,3.1353151456814388,3710,20261002,direct,target_only,calibration
80,1.6237089594347274,4421,1.9072721470894163,3548,20261002,direct,target_only,calibration
81,1.0143201315418948,4421,1.232115833359955,3245,20261002,direct,target_only,calibration
82,0.7538736007383957,4421,0.9843730987316407,2746,20261002,direct,target_only,calibration
83,0.7317973945386596,4421,0.9697038803038677,2476,20261002,direct,target_only,calibration
84,0.7926510732736396,4421,1.0978257793580555,2430,20261002,direct,target_only,calibration
85,0.6927675256373736,4421,0.9354991248728316,2430,20261002,direct,target_only,calibration
86,0.8321704687953022,4421,1.1653251744101567,2430,20261002,direct,target_only,calibration
87,0.7350355867811308,4421,1.0225817572862033,2430,20261002,direct,target_only,calibration
88,0.8299687745559812,4421,1.1725002642766928,2430,20261002,direct,target_only,calibration
89,0.6679070198517044,4421,0.9861216197533863,2430,20261002,direct,target_only,calibration
90,0.6234052003548982,4421,0.9014068399314528,2430,20261002,direct,target_only,calibration
91,0.628387668389752,4421,0.9106195046087351,2430,20261002,direct,target_only,calibration
92,0.6832358141178406,4421,0.9646918903039806,2430,20261002,direct,target_only,calibration
93,0.7419980540719946,4421,1.0488024802610216,2430,20261002,direct,target_only,calibration
94,0.9384889006412452,4421,1.322692094712591,2430,20261002,direct,target_only,calibration
95,0.677319859648096,4421,0.977406054821034,2430,20261002,direct,target_only,calibration
96,0.6114871143094827,4421,0.8805984207018903,2430,20261002,direct,target_only,calibration
1,0.77219980772647,8898,1.0756062368495378,3866,20261002,direct,target_only,test
2,0.689008030988908,8898,0.9009771355313012,3866,20261002,direct,target_only,test
3,0.47930784499136103,8898,0.5371811379905159,3866,20261002,direct,target_only,test
4,0.43124446319489435,8898,0.39644022092446723,3866,20261002,direct,target_only,test
5,0.5044880190084021,8898,0.5235969482446972,3866,20261002,direct,target_only,test
6,0.5580474292097672,8898,0.582469554750918,3866,20261002,direct,target_only,test
7,0.520011237756821,8898,0.49311983289621797,3866,20261002,direct,target_only,test
8,0.7316723457576265,8898,0.7890736770885587,3866,20261002,direct,target_only,test
9,0.501121058478949,8898,0.4708568488940704,3866,20261002,direct,target_only,test
10,0.4893363851949515,8898,0.38722094978246574,3866,20261002,direct,target_only,test
11,0.5186798343284785,8898,0.430992349594592,3866,20261002,direct,target_only,test
12,0.6238303770287941,8898,0.6405292820592484,3862,20261002,direct,target_only,test
13,0.8388069001537407,8898,1.030826592571658,3862,20261002,direct,target_only,test
14,1.239139816272599,8898,1.7478434288336855,3868,20261002,direct,target_only,test
15,0.6329457779253386,8898,0.6381212366192008,3862,20261002,direct,target_only,test
16,0.5960640363674883,8898,0.5411149641042667,3862,20261002,direct,target_only,test
17,0.6345036963439472,8898,0.6481535280926565,3862,20261002,direct,target_only,test
18,0.6149872195759933,8898,0.6350486737105403,3862,20261002,direct,target_only,test
19,1.1662042412857587,8898,1.38052908523859,3862,20261002,direct,target_only,test
20,0.7827192446878551,8898,0.7742469803172309,3865,20261002,direct,target_only,test
21,0.6940496368465315,8898,0.7581539095102907,3865,20261002,direct,target_only,test
22,0.8497702272296551,8898,0.7853337589357371,3865,20261002,direct,target_only,test
23,1.233588028801288,8898,1.171777228800939,3865,20261002,direct,target_only,test
24,1.388882417060433,8898,1.138288405252305,3865,20261002,direct,target_only,test
25,1.7455550631139596,8898,1.6489790875456969,4107,20261002,direct,target_only,test
26,2.612246309472786,8898,3.856626173988207,5233,20261002,direct,target_only,test
27,5.88211506655158,8898,9.239099414110864,5459,20261002,direct,target_only,test
28,11.414964705283548,8898,16.858443465599528,5794,20261002,direct,target_only,test
29,19.94651338313777,8898,25.16980873695504,6898,20261002,direct,target_only,test
30,31.842425288545837,8898,34.57776722720718,8126,20261002,direct,target_only,test
31,46.089943873008174,8898,46.439630160548035,8809,20261002,direct,target_only,test
32,63.068117310546995,8898,63.068117310546995,8898,20261002,direct,target_only,test
33,79.81839362563929,8898,79.81839362563929,8898,20261002,direct,target_only,test
34,99.44973005917562,8898,99.44973005917562,8898,20261002,direct,target_only,test
35,110.74669245145918,8898,110.74669245145918,8898,20261002,direct,target_only,test
36,127.29498287018728,8898,127.29498287018728,8898,20261002,direct,target_only,test
37,140.81781418793454,8898,140.81781418793454,8898,20261002,direct,target_only,test
38,156.3655065233181,8898,156.3655065233181,8898,20261002,direct,target_only,test
39,176.01869897860183,8898,176.01869897860183,8898,20261002,direct,target_only,test
40,191.7948298435043,8898,191.7948298435043,8898,20261002,direct,target_only,test
41,198.66590926797454,8898,198.66590926797454,8898,20261002,direct,target_only,test
42,209.40453508980158,8898,209.40453508980158,8898,20261002,direct,target_only,test
43,220.729181878432,8898,220.729181878432,8898,20261002,direct,target_only,test
44,224.8072963535039,8898,224.8072963535039,8898,20261002,direct,target_only,test
45,219.50510103077244,8898,219.50510103077244,8898,20261002,direct,target_only,test
46,240.5615542201339,8898,240.5615542201339,8898,20261002,direct,target_only,test
47,253.2810941560742,8898,253.2810941560742,8898,20261002,direct,target_only,test
48,239.05892599389045,8898,239.05892599389045,8898,20261002,direct,target_only,test
49,250.62026389081856,8898,250.62026389081856,8898,20261002,direct,target_only,test
50,253.78002843072616,8898,253.78002843072616,8898,20261002,direct,target_only,test
51,250.71890091887516,8898,250.71890091887516,8898,20261002,direct,target_only,test
52,238.85936605823065,8898,238.85936605823065,8898,20261002,direct,target_only,test
53,253.06384025153153,8898,253.06384025153153,8898,20261002,direct,target_only,test
54,250.77248691392958,8898,250.77248691392958,8898,20261002,direct,target_only,test
55,246.59084042894452,8898,246.59084042894452,8898,20261002,direct,target_only,test
56,242.30699040623503,8898,242.30699040623503,8898,20261002,direct,target_only,test
57,233.299744404947,8898,233.299744404947,8898,20261002,direct,target_only,test
58,233.32666902117737,8898,233.32666902117737,8898,20261002,direct,target_only,test
59,224.97594980363058,8898,224.97594980363058,8898,20261002,direct,target_only,test
60,220.61487214502878,8898,220.61487214502878,8898,20261002,direct,target_only,test
61,222.00691370945717,8898,222.00691370945717,8898,20261002,direct,target_only,test
62,206.43499426640759,8898,206.43499426640759,8898,20261002,direct,target_only,test
63,203.3721922585139,8898,203.3721922585139,8898,20261002,direct,target_only,test
64,194.25096525049153,8898,194.25096525049153,8898,20261002,direct,target_only,test
65,181.64390432406273,8898,181.64390432406273,8898,20261002,direct,target_only,test
66,171.94521030593904,8898,171.94521030593904,8898,20261002,direct,target_only,test
67,162.7764188033916,8898,162.7764188033916,8898,20261002,direct,target_only,test
68,151.5730169886167,8898,152.16694722673301,8847,20261002,direct,target_only,test
69,132.03841863523076,8898,136.5138765703818,8590,20261002,direct,target_only,test
70,115.01316107690002,8898,128.6022464582729,7935,20261002,direct,target_only,test
71,88.8896310827906,8898,101.97580351385922,7735,20261002,direct,target_only,test
72,78.89661569074313,8898,90.57027509873305,7735,20261002,direct,target_only,test
73,68.35013309414714,8898,78.63671618940643,7720,20261002,direct,target_only,test
74,50.42513291360111,8898,58.29162230899127,7676,20261002,direct,target_only,test
75,40.43013932207822,8898,48.55162152128437,7337,20261002,direct,target_only,test
76,26.705366405824346,8898,33.60416473662728,6903,20261002,direct,target_only,test
77,19.348301642739482,8898,25.34402893487729,6637,20261002,direct,target_only,test
78,12.165401699613414,8898,16.328326226791997,6510,20261002,direct,target_only,test
79,7.146921447641148,8898,11.195207635160003,5473,20261002,direct,target_only,test
80,3.6720592645041097,8898,5.721740353401279,5401,20261002,direct,target_only,test
81,1.784649198501669,8898,2.6502744304507186,5155,20261002,direct,target_only,test
82,0.9515216882732795,8898,1.046387330376238,4384,20261002,direct,target_only,test
83,0.9009185179665679,8898,0.7880031256676597,3906,20261002,direct,target_only,test
84,0.9189090041536231,8898,0.8351935627067231,3862,20261002,direct,target_only,test
85,0.8865725799865818,8898,0.8703423596837556,3862,20261002,direct,target_only,test
86,0.8941553630651544,8898,0.8726463771079378,3862,20261002,direct,target_only,test
87,0.7777978023147819,8898,0.7188570369970669,3862,20261002,direct,target_only,test
88,0.8803517294532263,8898,0.8555913860627495,3862,20261002,direct,target_only,test
89,0.6364333846351556,8898,0.6119748369584671,3862,20261002,direct,target_only,test
90,0.7279704402412932,8898,0.7235018992820655,3862,20261002,direct,target_only,test
91,0.653968988526106,8898,0.6123023928870875,3862,20261002,direct,target_only,test
92,0.6788259893295724,8898,0.5776855491684361,3862,20261002,direct,target_only,test
93,0.7500388120412224,8898,0.6156800060476558,3862,20261002,direct,target_only,test
94,0.8497533187434282,8898,0.7311535423427651,3862,20261002,direct,target_only,test
95,0.6451722973123256,8898,0.6134113386265667,3862,20261002,direct,target_only,test
96,0.6150633110159246,8898,0.5559123591522304,3862,20261002,direct,target_only,test
1,0.7903077120710905,4421,1.16829219872198,2453,20261002,direct,vendor_covariate,calibration
2,0.8366452767984515,4421,1.2701645991842794,2453,20261002,direct,vendor_covariate,calibration
3,0.7243177069086069,4421,1.1244539920858738,2453,20261002,direct,vendor_covariate,calibration
4,1.111840613151074,4421,1.7853712771335428,2453,20261002,direct,vendor_covariate,calibration
5,0.8621821447269891,4421,1.3481520348351146,2453,20261002,direct,vendor_covariate,calibration
6,1.0595888808433678,4421,1.6724392974371818,2453,20261002,direct,vendor_covariate,calibration
7,1.0256341192715446,4421,1.6051100735737507,2453,20261002,direct,vendor_covariate,calibration
8,1.2530015622862012,4421,1.9476521020239583,2453,20261002,direct,vendor_covariate,calibration
9,1.203773500533887,4421,1.8555832781502046,2453,20261002,direct,vendor_covariate,calibration
10,0.9113903240218769,4421,1.3918730094542904,2453,20261002,direct,vendor_covariate,calibration
11,0.8194896123209601,4421,1.1981654903060603,2453,20261002,direct,vendor_covariate,calibration
12,1.1079325976380663,4421,1.7033354686182223,2430,20261002,direct,vendor_covariate,calibration
13,1.0096618637562242,4421,1.5119761876869227,2430,20261002,direct,vendor_covariate,calibration
14,1.1405884556015593,4421,1.7354010407666969,2438,20261002,direct,vendor_covariate,calibration
15,1.0280521421701059,4421,1.540545631896076,2430,20261002,direct,vendor_covariate,calibration
16,1.3948872137374062,4421,2.15415773925222,2430,20261002,direct,vendor_covariate,calibration
17,1.233485255642775,4421,1.8077191156745263,2430,20261002,direct,vendor_covariate,calibration
18,1.3548704445247493,4421,2.007812789376871,2430,20261002,direct,vendor_covariate,calibration
19,1.2235667103522794,4421,1.7807806778959299,2430,20261002,direct,vendor_covariate,calibration
20,1.2613924426121754,4421,1.861289019546334,2431,20261002,direct,vendor_covariate,calibration
21,1.0975798621050739,4421,1.5639380222283754,2431,20261002,direct,vendor_covariate,calibration
22,1.3378125737973983,4421,1.9015278789518972,2431,20261002,direct,vendor_covariate,calibration
23,1.2014720469253553,4421,1.6103863606837792,2431,20261002,direct,vendor_covariate,calibration
24,1.7410803938518769,4421,2.368030529734742,2431,20261002,direct,vendor_covariate,calibration
25,1.5359767707541048,4421,1.9165171227767719,2577,20261002,direct,vendor_covariate,calibration
26,1.5062079807082673,4421,1.7788346687427496,3400,20261002,direct,vendor_covariate,calibration
27,2.704719156112631,4421,3.2186710461204098,3589,20261002,direct,vendor_covariate,calibration
28,5.076646971301044,4421,5.951562395150297,3663,20261002,direct,vendor_covariate,calibration
29,11.57828219069916,4421,12.473364690668236,4061,20261002,direct,vendor_covariate,calibration
30,22.15611728510759,4421,23.165333322596485,4188,20261002,direct,vendor_covariate,calibration
31,36.03563467548672,4421,36.378622311343,4368,20261002,direct,vendor_covariate,calibration
32,53.76675347190754,4421,53.76675347190754,4421,20261002,direct,vendor_covariate,calibration
33,73.77235224703358,4421,73.77235224703358,4421,20261002,direct,vendor_covariate,calibration
34,93.48664988969192,4421,93.48664988969192,4421,20261002,direct,vendor_covariate,calibration
35,110.79134439071272,4421,110.79134439071272,4421,20261002,direct,vendor_covariate,calibration
36,130.42855055239858,4421,130.42855055239858,4421,20261002,direct,vendor_covariate,calibration
37,142.39908166908825,4421,142.39908166908825,4421,20261002,direct,vendor_covariate,calibration
38,157.8254204665447,4421,157.8254204665447,4421,20261002,direct,vendor_covariate,calibration
39,172.57609313769063,4421,172.57609313769063,4421,20261002,direct,vendor_covariate,calibration
40,185.83491209771142,4421,185.83491209771142,4421,20261002,direct,vendor_covariate,calibration
41,187.98226356744476,4421,187.98226356744476,4421,20261002,direct,vendor_covariate,calibration
42,202.11613337951084,4421,202.11613337951084,4421,20261002,direct,vendor_covariate,calibration
43,206.73981055323588,4421,206.73981055323588,4421,20261002,direct,vendor_covariate,calibration
44,213.73757162483213,4421,213.73757162483213,4421,20261002,direct,vendor_covariate,calibration
45,216.0193571685983,4421,216.0193571685983,4421,20261002,direct,vendor_covariate,calibration
46,220.00698598004243,4421,220.00698598004243,4421,20261002,direct,vendor_covariate,calibration
47,232.21527377709162,4421,232.21527377709162,4421,20261002,direct,vendor_covariate,calibration
48,221.40469450911087,4421,221.40469450911087,4421,20261002,direct,vendor_covariate,calibration
49,222.29383331431413,4421,222.29383331431413,4421,20261002,direct,vendor_covariate,calibration
50,219.99079390235872,4421,219.99079390235872,4421,20261002,direct,vendor_covariate,calibration
51,229.13114661940944,4421,229.13114661940944,4421,20261002,direct,vendor_covariate,calibration
52,229.46986625269915,4421,229.46986625269915,4421,20261002,direct,vendor_covariate,calibration
53,224.98437941474623,4421,224.98437941474623,4421,20261002,direct,vendor_covariate,calibration
54,213.9292810496109,4421,213.9292810496109,4421,20261002,direct,vendor_covariate,calibration
55,211.28775551787763,4421,211.28775551787763,4421,20261002,direct,vendor_covariate,calibration
56,206.70986269578233,4421,206.70986269578233,4421,20261002,direct,vendor_covariate,calibration
57,218.48039260996032,4421,218.48039260996032,4421,20261002,direct,vendor_covariate,calibration
58,212.65579433443926,4421,212.65579433443926,4421,20261002,direct,vendor_covariate,calibration
59,199.81431777811858,4421,199.81431777811858,4421,20261002,direct,vendor_covariate,calibration
60,194.7445700024654,4421,194.7445700024654,4421,20261002,direct,vendor_covariate,calibration
61,189.5393793677797,4421,189.5393793677797,4421,20261002,direct,vendor_covariate,calibration
62,178.39010934086778,4421,178.39010934086778,4421,20261002,direct,vendor_covariate,calibration
63,172.1919300860745,4421,172.1919300860745,4421,20261002,direct,vendor_covariate,calibration
64,156.36044783907312,4421,156.36044783907312,4421,20261002,direct,vendor_covariate,calibration
65,133.0906833259701,4421,133.0906833259701,4421,20261002,direct,vendor_covariate,calibration
66,120.96039556746544,4421,120.96039556746544,4421,20261002,direct,vendor_covariate,calibration
67,109.0998894462589,4421,109.12426754648278,4420,20261002,direct,vendor_covariate,calibration
68,93.50763744652208,4421,93.61444143968656,4405,20261002,direct,vendor_covariate,calibration
69,77.10413059713323,4421,77.40751954633372,4393,20261002,direct,vendor_covariate,calibration
70,62.06709987143599,4421,63.187439072146525,4330,20261002,direct,vendor_covariate,calibration
71,45.06885211057649,4421,46.09311836104731,4306,20261002,direct,vendor_covariate,calibration
72,36.90639706166778,4421,37.80010947189175,4304,20261002,direct,vendor_covariate,calibration
73,31.177285282878305,4421,31.99477550018363,4299,20261002,direct,vendor_covariate,calibration
74,21.63184540950961,4421,22.241997040642485,4288,20261002,direct,vendor_covariate,calibration
75,16.19362970668112,4421,16.888438362871355,4204,20261002,direct,vendor_covariate,calibration
76,10.582198082339744,4421,11.280493843496227,4021,20261002,direct,vendor_covariate,calibration
77,7.911001773413178,4421,8.542082343795435,3998,20261002,direct,vendor_covariate,calibration
78,4.934273243142244,4421,5.389421722442122,3985,20261002,direct,vendor_covariate,calibration
79,3.563014058265612,4421,4.096314189547416,3710,20261002,direct,vendor_covariate,calibration
80,2.4110023575184836,4421,2.8534407937830197,3548,20261002,direct,vendor_covariate,calibration
81,1.9236716335276944,4421,2.3904108678111453,3245,20261002,direct,vendor_covariate,calibration
82,1.5803140665429474,4421,2.2132174078577767,2746,20261002,direct,vendor_covariate,calibration
83,1.4211958832497678,4421,2.1216807202094214,2476,20261002,direct,vendor_covariate,calibration
84,1.7302412439446944,4421,2.6485775493422654,2430,20261002,direct,vendor_covariate,calibration
85,1.6309500208802419,4421,2.459713156239241,2430,20261002,direct,vendor_covariate,calibration
86,1.910368940805828,4421,2.9182756736384006,2430,20261002,direct,vendor_covariate,calibration
87,1.7456190386149604,4421,2.6630930346961863,2430,20261002,direct,vendor_covariate,calibration
88,1.7456487750230507,4421,2.69757072011875,2430,20261002,direct,vendor_covariate,calibration
89,1.5944963147591154,4421,2.4571750808645176,2430,20261002,direct,vendor_covariate,calibration
90,1.5731297567995715,4421,2.372719602820314,2430,20261002,direct,vendor_covariate,calibration
91,1.7851355568204792,4421,2.7046325747368267,2430,20261002,direct,vendor_covariate,calibration
92,1.83846674973111,4421,2.7170855079290797,2430,20261002,direct,vendor_covariate,calibration
93,2.0146086882935528,4421,2.999798264437252,2430,20261002,direct,vendor_covariate,calibration
94,1.8882847591186374,4421,2.7944214791304782,2430,20261002,direct,vendor_covariate,calibration
95,1.956824354926835,4421,3.0230967536813926,2430,20261002,direct,vendor_covariate,calibration
96,2.021051699763724,4421,3.164498073077251,2430,20261002,direct,vendor_covariate,calibration
1,0.9525369326944355,8898,1.2611092050678823,3866,20261002,direct,vendor_covariate,test
2,0.7123891114264131,8898,0.8091654415287904,3866,20261002,direct,vendor_covariate,test
3,0.6271715939026531,8898,0.645096185713991,3866,20261002,direct,vendor_covariate,test
4,0.6263721300367391,8898,0.6095020182910769,3866,20261002,direct,vendor_covariate,test
5,0.6987688701614647,8898,0.6262618686263202,3866,20261002,direct,vendor_covariate,test
6,0.7829596928649897,8898,0.7786407877034154,3866,20261002,direct,vendor_covariate,test
7,0.8983668903611407,8898,1.0525403888350466,3866,20261002,direct,vendor_covariate,test
8,1.0936661475807943,8898,1.2244371292572778,3866,20261002,direct,vendor_covariate,test
9,1.004487106668276,8898,1.021780569690284,3866,20261002,direct,vendor_covariate,test
10,0.7582881987457496,8898,0.7186448970491951,3866,20261002,direct,vendor_covariate,test
11,0.9420123517318176,8898,0.9493565039542508,3866,20261002,direct,vendor_covariate,test
12,1.0039617501837161,8898,1.1437516995738641,3862,20261002,direct,vendor_covariate,test
13,1.2238036560354795,8898,1.4295073700118626,3862,20261002,direct,vendor_covariate,test
14,1.4939951483636895,8898,2.0882319292860663,3868,20261002,direct,vendor_covariate,test
15,1.063453999779839,8898,1.1262187178944565,3862,20261002,direct,vendor_covariate,test
16,1.214969548304424,8898,1.367511017727381,3862,20261002,direct,vendor_covariate,test
17,1.4728527123237873,8898,1.6014641784912853,3862,20261002,direct,vendor_covariate,test
18,1.587934456661587,8898,1.8209902406150473,3862,20261002,direct,vendor_covariate,test
19,1.6142579098063317,8898,1.7857700812460102,3862,20261002,direct,vendor_covariate,test
20,1.573809671111256,8898,1.7545805571381519,3865,20261002,direct,vendor_covariate,test
21,1.5990902624327659,8898,1.918503345774648,3865,20261002,direct,vendor_covariate,test
22,1.8610768020687367,8898,2.1713514211664715,3865,20261002,direct,vendor_covariate,test
23,1.9832572254473058,8898,2.1303964260331854,3865,20261002,direct,vendor_covariate,test
24,2.6730703168579417,8898,2.65420848218794,3865,20261002,direct,vendor_covariate,test
25,2.6834373592854255,8898,2.752321112711737,4107,20261002,direct,vendor_covariate,test
26,3.21326332941051,8898,4.708021067112425,5233,20261002,direct,vendor_covariate,test
27,5.499726996004982,8898,8.556385744287663,5459,20261002,direct,vendor_covariate,test
28,11.250998473121475,8898,16.66122677011344,5794,20261002,direct,vendor_covariate,test
29,19.358116235530417,8898,24.457028359641857,6898,20261002,direct,vendor_covariate,test
30,31.725248603448563,8898,34.37737631833871,8126,20261002,direct,vendor_covariate,test
31,43.01925200708362,8898,43.32864000876837,8809,20261002,direct,vendor_covariate,test
32,59.01636860919688,8898,59.01636860919688,8898,20261002,direct,vendor_covariate,test
33,76.26157746701482,8898,76.26157746701482,8898,20261002,direct,vendor_covariate,test
34,92.63908310333488,8898,92.63908310333488,8898,20261002,direct,vendor_covariate,test
35,104.16862095542487,8898,104.16862095542487,8898,20261002,direct,vendor_covariate,test
36,119.05271144599838,8898,119.05271144599838,8898,20261002,direct,vendor_covariate,test
37,134.56347058771348,8898,134.56347058771348,8898,20261002,direct,vendor_covariate,test
38,150.57698754827283,8898,150.57698754827283,8898,20261002,direct,vendor_covariate,test
39,171.57844831121955,8898,171.57844831121955,8898,20261002,direct,vendor_covariate,test
40,189.3791434904525,8898,189.3791434904525,8898,20261002,direct,vendor_covariate,test
41,193.07127292284767,8898,193.07127292284767,8898,20261002,direct,vendor_covariate,test
42,204.4441773618979,8898,204.4441773618979,8898,20261002,direct,vendor_covariate,test
43,214.9747904077236,8898,214.9747904077236,8898,20261002,direct,vendor_covariate,test
44,215.66937694012796,8898,215.66937694012796,8898,20261002,direct,vendor_covariate,test
45,215.55923109926044,8898,215.55923109926044,8898,20261002,direct,vendor_covariate,test
46,232.64885833935975,8898,232.64885833935975,8898,20261002,direct,vendor_covariate,test
47,241.6238586721026,8898,241.6238586721026,8898,20261002,direct,vendor_covariate,test
48,230.20843781121903,8898,230.20843781121903,8898,20261002,direct,vendor_covariate,test
49,238.4088063831258,8898,238.4088063831258,8898,20261002,direct,vendor_covariate,test
50,242.96812407008903,8898,242.96812407008903,8898,20261002,direct,vendor_covariate,test
51,240.34246653499017,8898,240.34246653499017,8898,20261002,direct,vendor_covariate,test
52,233.3210203118026,8898,233.3210203118026,8898,20261002,direct,vendor_covariate,test
53,244.26673026518907,8898,244.26673026518907,8898,20261002,direct,vendor_covariate,test
54,237.16247569683168,8898,237.16247569683168,8898,20261002,direct,vendor_covariate,test
55,240.1463421819094,8898,240.1463421819094,8898,20261002,direct,vendor_covariate,test
56,232.14778226106156,8898,232.14778226106156,8898,20261002,direct,vendor_covariate,test
57,214.020624848732,8898,214.020624848732,8898,20261002,direct,vendor_covariate,test
58,223.28622653835973,8898,223.28622653835973,8898,20261002,direct,vendor_covariate,test
59,218.82953610616113,8898,218.82953610616113,8898,20261002,direct,vendor_covariate,test
60,217.09260833167272,8898,217.09260833167272,8898,20261002,direct,vendor_covariate,test
61,214.1240898857729,8898,214.1240898857729,8898,20261002,direct,vendor_covariate,test
62,205.37298634776602,8898,205.37298634776602,8898,20261002,direct,vendor_covariate,test
63,199.77056192720815,8898,199.77056192720815,8898,20261002,direct,vendor_covariate,test
64,193.20039229897571,8898,193.20039229897571,8898,20261002,direct,vendor_covariate,test
65,172.8705355946281,8898,172.8705355946281,8898,20261002,direct,vendor_covariate,test
66,165.17046905902203,8898,165.17046905902203,8898,20261002,direct,vendor_covariate,test
67,160.84154892991452,8898,160.84154892991452,8898,20261002,direct,vendor_covariate,test
68,145.69421056787832,8898,146.08609788831433,8847,20261002,direct,vendor_covariate,test
69,129.9704613793872,8898,134.2019029688022,8590,20261002,direct,vendor_covariate,test
70,116.07516373865904,8898,129.6398471687134,7935,20261002,direct,vendor_covariate,test
71,89.12522915806113,8898,102.0427432874655,7735,20261002,direct,vendor_covariate,test
72,79.50655042498478,8898,91.16056834958577,7735,20261002,direct,vendor_covariate,test
73,67.11368315795444,8898,77.15355583346869,7720,20261002,direct,vendor_covariate,test
74,50.70634656301761,8898,58.57519772761441,7676,20261002,direct,vendor_covariate,test
75,39.31390646590122,8898,47.23099698601139,7337,20261002,direct,vendor_covariate,test
76,25.503921977897985,8898,32.259909803491006,6903,20261002,direct,vendor_covariate,test
77,18.07370369810255,8898,23.772071372928593,6637,20261002,direct,vendor_covariate,test
78,11.133834834018263,8898,14.984371721991263,6510,20261002,direct,vendor_covariate,test
79,7.504597599438346,8898,11.76098706300509,5473,20261002,direct,vendor_covariate,test
80,4.595638843576589,8898,7.0899519152607535,5401,20261002,direct,vendor_covariate,test
81,3.0599984360600954,8898,4.525559171324119,5155,20261002,direct,vendor_covariate,test
82,1.768305641229893,8898,2.3269665063209923,4384,20261002,direct,vendor_covariate,test
83,1.5388369323944502,8898,2.037970044738835,3906,20261002,direct,vendor_covariate,test
84,1.8673091230867525,8898,2.5149770679057477,3862,20261002,direct,vendor_covariate,test
85,1.774566799004923,8898,2.295083758672521,3862,20261002,direct,vendor_covariate,test
86,2.0653011235350918,8898,2.8448065501198383,3862,20261002,direct,vendor_covariate,test
87,1.901958273368274,8898,2.5648036576741906,3862,20261002,direct,vendor_covariate,test
88,1.708625059885074,8898,2.296070178580031,3862,20261002,direct,vendor_covariate,test
89,1.61035582615336,8898,2.119183431722413,3862,20261002,direct,vendor_covariate,test
90,1.7592968045358954,8898,2.292218805092533,3862,20261002,direct,vendor_covariate,test
91,1.8531170662778882,8898,2.344446511041124,3862,20261002,direct,vendor_covariate,test
92,2.134135443455994,8898,2.729589138282265,3862,20261002,direct,vendor_covariate,test
93,2.2693000588324077,8898,2.7680489136372004,3862,20261002,direct,vendor_covariate,test
94,1.9439675098238607,8898,2.1802414438148534,3862,20261002,direct,vendor_covariate,test
95,1.837791359272699,8898,2.2193765681080717,3862,20261002,direct,vendor_covariate,test
96,1.682691068223358,8898,2.028849861798263,3862,20261002,direct,vendor_covariate,test
1,0.7944581252013104,4421,0.9282769896317831,2453,20261002,vendor_residual,target_only,calibration
2,0.8518678773182518,4421,1.305762420606329,2453,20261002,vendor_residual,target_only,calibration
3,1.147998140876965,4421,1.9682376936162167,2453,20261002,vendor_residual,target_only,calibration
4,1.3394968409379415,4421,2.3474550611289016,2453,20261002,vendor_residual,target_only,calibration
5,1.5774849207943695,4421,2.774625051798146,2453,20261002,vendor_residual,target_only,calibration
6,1.816104973780468,4421,3.1927755540674396,2453,20261002,vendor_residual,target_only,calibration
7,1.989813352218276,4421,3.519089842902757,2453,20261002,vendor_residual,target_only,calibration
8,2.0437704669453574,4421,3.5998445280129565,2453,20261002,vendor_residual,target_only,calibration
9,2.0755331118310587,4421,3.6425047529027204,2453,20261002,vendor_residual,target_only,calibration
10,2.020151272716514,4421,3.5373185630958934,2453,20261002,vendor_residual,target_only,calibration
11,2.085070043823222,4421,3.67179386364353,2453,20261002,vendor_residual,target_only,calibration
12,2.2647403907341017,4421,3.9869517844894693,2430,20261002,vendor_residual,target_only,calibration
13,2.0463583678523976,4421,3.6079187351535746,2430,20261002,vendor_residual,target_only,calibration
14,2.088192530938499,4421,3.652041427106379,2438,20261002,vendor_residual,target_only,calibration
15,2.004291128815099,4421,3.452006672648138,2430,20261002,vendor_residual,target_only,calibration
16,2.3183944660464433,4421,4.087667833157449,2430,20261002,vendor_residual,target_only,calibration
17,2.4035007174112217,4421,4.220170588603142,2430,20261002,vendor_residual,target_only,calibration
18,2.4506626310993704,4421,4.293067289341755,2430,20261002,vendor_residual,target_only,calibration
19,2.2099851256988643,4421,3.815266747717121,2430,20261002,vendor_residual,target_only,calibration
20,2.4039710285179194,4421,4.203824824512775,2431,20261002,vendor_residual,target_only,calibration
21,2.265549279765298,4421,3.9325438099001513,2431,20261002,vendor_residual,target_only,calibration
22,2.2574032534386674,4421,3.8996675348149537,2431,20261002,vendor_residual,target_only,calibration
23,2.304387966104497,4421,3.947680938034998,2431,20261002,vendor_residual,target_only,calibration
24,2.2375566114389667,4421,3.827248019594408,2431,20261002,vendor_residual,target_only,calibration
25,2.289430397550148,4421,3.7210762729498943,2577,20261002,vendor_residual,target_only,calibration
26,3.0018927308083296,4421,3.881823075595911,3400,20261002,vendor_residual,target_only,calibration
27,4.02489405805398,4421,4.955748863345431,3589,20261002,vendor_residual,target_only,calibration
28,5.804976486610442,4421,7.002066935902051,3663,20261002,vendor_residual,target_only,calibration
29,12.578700180327624,4421,13.6851549984417,4061,20261002,vendor_residual,target_only,calibration
30,21.12847152172536,4421,22.301496163464474,4188,20261002,vendor_residual,target_only,calibration
31,29.422892218189453,4421,29.774447376863325,4368,20261002,vendor_residual,target_only,calibration
32,46.08936501775783,4421,46.08936501775783,4421,20261002,vendor_residual,target_only,calibration
33,55.32850802540086,4421,55.32850802540086,4421,20261002,vendor_residual,target_only,calibration
34,67.99925744279024,4421,67.99925744279024,4421,20261002,vendor_residual,target_only,calibration
35,77.84290409699834,4421,77.84290409699834,4421,20261002,vendor_residual,target_only,calibration
36,89.14495031588217,4421,89.14495031588217,4421,20261002,vendor_residual,target_only,calibration
37,95.86544628549336,4421,95.86544628549336,4421,20261002,vendor_residual,target_only,calibration
38,109.52183957713534,4421,109.52183957713534,4421,20261002,vendor_residual,target_only,calibration
39,114.23367198239012,4421,114.23367198239012,4421,20261002,vendor_residual,target_only,calibration
40,109.60187058127491,4421,109.60187058127491,4421,20261002,vendor_residual,target_only,calibration
41,114.10199540121029,4421,114.10199540121029,4421,20261002,vendor_residual,target_only,calibration
42,129.36042849752067,4421,129.36042849752067,4421,20261002,vendor_residual,target_only,calibration
43,141.82949460002516,4421,141.82949460002516,4421,20261002,vendor_residual,target_only,calibration
44,128.6311407443762,4421,128.6311407443762,4421,20261002,vendor_residual,target_only,calibration
45,128.35645915538393,4421,128.35645915538393,4421,20261002,vendor_residual,target_only,calibration
46,130.30657066412275,4421,130.30657066412275,4421,20261002,vendor_residual,target_only,calibration
47,142.6267562027546,4421,142.6267562027546,4421,20261002,vendor_residual,target_only,calibration
48,137.0077402362132,4421,137.0077402362132,4421,20261002,vendor_residual,target_only,calibration
49,132.0534778557129,4421,132.0534778557129,4421,20261002,vendor_residual,target_only,calibration
50,146.23585867964653,4421,146.23585867964653,4421,20261002,vendor_residual,target_only,calibration
51,154.99861311774603,4421,154.99861311774603,4421,20261002,vendor_residual,target_only,calibration
52,148.9764958277921,4421,148.9764958277921,4421,20261002,vendor_residual,target_only,calibration
53,153.41193483610783,4421,153.41193483610783,4421,20261002,vendor_residual,target_only,calibration
54,155.9840344167824,4421,155.9840344167824,4421,20261002,vendor_residual,target_only,calibration
55,142.14381325321725,4421,142.14381325321725,4421,20261002,vendor_residual,target_only,calibration
56,140.57691209545035,4421,140.57691209545035,4421,20261002,vendor_residual,target_only,calibration
57,139.8747508463435,4421,139.8747508463435,4421,20261002,vendor_residual,target_only,calibration
58,135.38615257530836,4421,135.38615257530836,4421,20261002,vendor_residual,target_only,calibration
59,137.17601255571358,4421,137.17601255571358,4421,20261002,vendor_residual,target_only,calibration
60,139.15638617396934,4421,139.15638617396934,4421,20261002,vendor_residual,target_only,calibration
61,127.77203294369036,4421,127.77203294369036,4421,20261002,vendor_residual,target_only,calibration
62,131.12939888829447,4421,131.12939888829447,4421,20261002,vendor_residual,target_only,calibration
63,130.8497853529276,4421,130.8497853529276,4421,20261002,vendor_residual,target_only,calibration
64,109.65983618099692,4421,109.65983618099692,4421,20261002,vendor_residual,target_only,calibration
65,96.33848811409128,4421,96.33848811409128,4421,20261002,vendor_residual,target_only,calibration
66,94.15593480951414,4421,94.15593480951414,4421,20261002,vendor_residual,target_only,calibration
67,89.42193124571965,4421,89.44216245188383,4420,20261002,vendor_residual,target_only,calibration
68,77.46097328415453,4421,77.72818622858352,4405,20261002,vendor_residual,target_only,calibration
69,60.07897731046947,4421,60.44256973424267,4393,20261002,vendor_residual,target_only,calibration
70,51.99485575650501,4421,53.04550533428413,4330,20261002,vendor_residual,target_only,calibration
71,48.04668561461091,4421,49.3145819221285,4306,20261002,vendor_residual,target_only,calibration
72,38.560772592409144,4421,39.6003734969684,4304,20261002,vendor_residual,target_only,calibration
73,26.5391212670586,4421,27.277156917535557,4299,20261002,vendor_residual,target_only,calibration
74,20.19489334018202,4421,20.799021698267993,4288,20261002,vendor_residual,target_only,calibration
75,16.619088434031873,4421,17.42814364355533,4204,20261002,vendor_residual,target_only,calibration
76,11.60716855112808,4421,12.719466755031647,4021,20261002,vendor_residual,target_only,calibration
77,7.059674707099872,4421,7.783481742939177,3998,20261002,vendor_residual,target_only,calibration
78,5.035371708263458,4421,5.573950795372223,3985,20261002,vendor_residual,target_only,calibration
79,3.439290347468258,4421,4.079242825656022,3710,20261002,vendor_residual,target_only,calibration
80,3.5425547524080443,4421,4.398621106370412,3548,20261002,vendor_residual,target_only,calibration
81,3.0251743848933685,4421,4.048920357671527,3245,20261002,vendor_residual,target_only,calibration
82,2.6263950066628925,4421,4.034194191523116,2746,20261002,vendor_residual,target_only,calibration
83,2.8791927383771103,4421,5.019129380063521,2476,20261002,vendor_residual,target_only,calibration
84,2.703219969889353,4421,4.814982417113734,2430,20261002,vendor_residual,target_only,calibration
85,2.6587953338787353,4421,4.747994286645924,2430,20261002,vendor_residual,target_only,calibration
86,2.6075833439392744,4421,4.66365396923351,2430,20261002,vendor_residual,target_only,calibration
87,2.547008885531287,4421,4.56164204776402,2430,20261002,vendor_residual,target_only,calibration
88,2.528355832920751,4421,4.519248052742026,2430,20261002,vendor_residual,target_only,calibration
89,2.591180019404711,4421,4.669741031860956,2430,20261002,vendor_residual,target_only,calibration
90,2.5771254323406003,4421,4.645068608949712,2430,20261002,vendor_residual,target_only,calibration
91,2.5518286768327014,4421,4.604003397137915,2430,20261002,vendor_residual,target_only,calibration
92,2.425198382259987,4421,4.382411120149763,2430,20261002,vendor_residual,target_only,calibration
93,2.5853127647379615,4421,4.66408062643705,2430,20261002,vendor_residual,target_only,calibration
94,2.6501778499776796,4421,4.78115383333952,2430,20261002,vendor_residual,target_only,calibration
95,2.7574178297098455,4421,4.973190593176403,2430,20261002,vendor_residual,target_only,calibration
96,2.489399401597177,4421,4.504267630680108,2430,20261002,vendor_residual,target_only,calibration
1,1.4329138863538495,8898,1.5300249880758165,3866,20261002,vendor_residual,target_only,test
2,1.3382642604890218,8898,2.221264153470459,3866,20261002,vendor_residual,target_only,test
3,1.5077118763673791,8898,3.0421057707114327,3866,20261002,vendor_residual,target_only,test
4,1.5877496600627556,8898,3.348275585360348,3866,20261002,vendor_residual,target_only,test
5,1.7282490089942761,8898,3.6471422769919912,3866,20261002,vendor_residual,target_only,test
6,2.0801555800116014,8898,4.401746175472205,3866,20261002,vendor_residual,target_only,test
7,2.0890334892112277,8898,4.499487431483937,3866,20261002,vendor_residual,target_only,test
8,2.1442437699506254,8898,4.656818496493841,3866,20261002,vendor_residual,target_only,test
9,2.193024330326109,8898,4.64592630311363,3866,20261002,vendor_residual,target_only,test
10,2.2752728557816915,8898,4.842431890316557,3866,20261002,vendor_residual,target_only,test
11,2.315781134402356,8898,4.94383528567099,3866,20261002,vendor_residual,target_only,test
12,2.6480685536073305,8898,5.501961190253858,3862,20261002,vendor_residual,target_only,test
13,2.3430850226676743,8898,4.84647922182843,3862,20261002,vendor_residual,target_only,test
14,2.6412373356547874,8898,5.466642217949284,3868,20261002,vendor_residual,target_only,test
15,2.505362057884007,8898,4.633316513642274,3862,20261002,vendor_residual,target_only,test
16,2.3811433386563885,8898,4.750009950067836,3862,20261002,vendor_residual,target_only,test
17,2.5065977635137546,8898,4.953020261777377,3862,20261002,vendor_residual,target_only,test
18,2.539596485986623,8898,4.739613718929923,3862,20261002,vendor_residual,target_only,test
19,2.6696214834587164,8898,4.948933522927043,3862,20261002,vendor_residual,target_only,test
20,2.4285942103799996,8898,4.360605892239145,3865,20261002,vendor_residual,target_only,test
21,2.6924489805144445,8898,4.905423791054395,3865,20261002,vendor_residual,target_only,test
22,2.641788995215543,8898,4.746182177862921,3865,20261002,vendor_residual,target_only,test
23,2.7840077411795776,8898,4.829240677044528,3865,20261002,vendor_residual,target_only,test
24,2.696883048535555,8898,4.534609838248379,3865,20261002,vendor_residual,target_only,test
25,2.825668403667643,8898,4.864212909234347,4107,20261002,vendor_residual,target_only,test
26,4.694245959477088,8898,7.751671935760371,5233,20261002,vendor_residual,target_only,test
27,7.442859528619814,8898,12.03384748913587,5459,20261002,vendor_residual,target_only,test
28,10.971133999201433,8898,16.756675863618952,5794,20261002,vendor_residual,target_only,test
29,17.161432809835127,8898,22.054030410355594,6898,20261002,vendor_residual,target_only,test
30,24.77470064930698,8898,27.11677196999675,8126,20261002,vendor_residual,target_only,test
31,39.60546958944754,8898,40.003399257267354,8809,20261002,vendor_residual,target_only,test
32,47.338136410483116,8898,47.338136410483116,8898,20261002,vendor_residual,target_only,test
33,64.01661212175462,8898,64.01661212175462,8898,20261002,vendor_residual,target_only,test
34,76.28661894054798,8898,76.28661894054798,8898,20261002,vendor_residual,target_only,test
35,87.80992181972637,8898,87.80992181972637,8898,20261002,vendor_residual,target_only,test
36,98.64316499168594,8898,98.64316499168594,8898,20261002,vendor_residual,target_only,test
37,105.35290111075233,8898,105.35290111075233,8898,20261002,vendor_residual,target_only,test
38,119.99530194515813,8898,119.99530194515813,8898,20261002,vendor_residual,target_only,test
39,138.03353182081452,8898,138.03353182081452,8898,20261002,vendor_residual,target_only,test
40,152.33478521702986,8898,152.33478521702986,8898,20261002,vendor_residual,target_only,test
41,162.67912793994063,8898,162.67912793994063,8898,20261002,vendor_residual,target_only,test
42,167.8770218473703,8898,167.8770218473703,8898,20261002,vendor_residual,target_only,test
43,171.24038777886327,8898,171.24038777886327,8898,20261002,vendor_residual,target_only,test
44,166.48071779877526,8898,166.48071779877526,8898,20261002,vendor_residual,target_only,test
45,172.9662861216902,8898,172.9662861216902,8898,20261002,vendor_residual,target_only,test
46,184.080531035096,8898,184.080531035096,8898,20261002,vendor_residual,target_only,test
47,190.74958339467307,8898,190.74958339467307,8898,20261002,vendor_residual,target_only,test
48,192.88552764997925,8898,192.88552764997925,8898,20261002,vendor_residual,target_only,test
49,197.7661795961984,8898,197.7661795961984,8898,20261002,vendor_residual,target_only,test
50,206.39444101721872,8898,206.39444101721872,8898,20261002,vendor_residual,target_only,test
51,207.3010583358882,8898,207.3010583358882,8898,20261002,vendor_residual,target_only,test
52,185.2240216932975,8898,185.2240216932975,8898,20261002,vendor_residual,target_only,test
53,194.99070973823808,8898,194.99070973823808,8898,20261002,vendor_residual,target_only,test
54,190.74056055798667,8898,190.74056055798667,8898,20261002,vendor_residual,target_only,test
55,187.93855961978417,8898,187.93855961978417,8898,20261002,vendor_residual,target_only,test
56,191.60134876692942,8898,191.60134876692942,8898,20261002,vendor_residual,target_only,test
57,172.9684868294347,8898,172.9684868294347,8898,20261002,vendor_residual,target_only,test
58,196.31820058210266,8898,196.31820058210266,8898,20261002,vendor_residual,target_only,test
59,183.04948333642105,8898,183.04948333642105,8898,20261002,vendor_residual,target_only,test
60,195.02761829111023,8898,195.02761829111023,8898,20261002,vendor_residual,target_only,test
61,177.8818115399398,8898,177.8818115399398,8898,20261002,vendor_residual,target_only,test
62,177.76443941038028,8898,177.76443941038028,8898,20261002,vendor_residual,target_only,test
63,179.1534912172253,8898,179.1534912172253,8898,20261002,vendor_residual,target_only,test
64,166.2523417691755,8898,166.2523417691755,8898,20261002,vendor_residual,target_only,test
65,156.27256201529158,8898,156.27256201529158,8898,20261002,vendor_residual,target_only,test
66,144.52311346333784,8898,144.52311346333784,8898,20261002,vendor_residual,target_only,test
67,139.7786804428606,8898,139.7786804428606,8898,20261002,vendor_residual,target_only,test
68,134.7346754055898,8898,135.48322767197354,8847,20261002,vendor_residual,target_only,test
69,114.12380579588772,8898,118.11477555711252,8590,20261002,vendor_residual,target_only,test
70,108.09682266123622,8898,120.97906274685707,7935,20261002,vendor_residual,target_only,test
71,92.92190596914264,8898,106.79983906711857,7735,20261002,vendor_residual,target_only,test
72,75.34352738929466,8898,86.57493092068562,7735,20261002,vendor_residual,target_only,test
73,62.41560286068434,8898,71.84916938398023,7720,20261002,vendor_residual,target_only,test
74,47.04364134148225,8898,54.41876269410009,7676,20261002,vendor_residual,target_only,test
75,42.2774446186573,8898,51.15168901455487,7337,20261002,vendor_residual,target_only,test
76,27.198035733386096,8898,34.95476877463725,6903,20261002,vendor_residual,target_only,test
77,18.212831015953228,8898,24.33042675666719,6637,20261002,vendor_residual,target_only,test
78,12.130326358783865,8898,16.49166069526556,6510,20261002,vendor_residual,target_only,test
79,6.884834823132629,8898,11.015228748813408,5473,20261002,vendor_residual,target_only,test
80,5.548389659391809,8898,8.97919365762316,5401,20261002,vendor_residual,target_only,test
81,3.851695612018034,8898,6.323512114842411,5155,20261002,vendor_residual,target_only,test
82,2.5230742589740456,8898,4.283459748741389,4384,20261002,vendor_residual,target_only,test
83,2.5193410166238075,8898,5.064683999782855,3906,20261002,vendor_residual,target_only,test
84,2.11846536559174,8898,4.234233080081774,3862,20261002,vendor_residual,target_only,test
85,1.9946905651782012,8898,3.9825491514112987,3862,20261002,vendor_residual,target_only,test
86,1.9662417417557272,8898,3.928029591815057,3862,20261002,vendor_residual,target_only,test
87,1.7606323207821717,8898,3.5157161998617497,3862,20261002,vendor_residual,target_only,test
88,1.7633096330158238,8898,3.443684855923898,3862,20261002,vendor_residual,target_only,test
89,1.486961852905839,8898,3.0681972569499165,3862,20261002,vendor_residual,target_only,test
90,1.466726616110222,8898,3.0478611263066218,3862,20261002,vendor_residual,target_only,test
91,1.4133597448659538,8898,2.959439303667841,3862,20261002,vendor_residual,target_only,test
92,1.3584797506491044,8898,2.8789196268457977,3862,20261002,vendor_residual,target_only,test
93,1.4836549911480097,8898,3.1040156984077534,3862,20261002,vendor_residual,target_only,test
94,1.5249417377467585,8898,3.1970542346360404,3862,20261002,vendor_residual,target_only,test
95,1.5223407394096347,8898,3.1444836741941296,3862,20261002,vendor_residual,target_only,test
96,1.5489453846937742,8898,3.328325918622728,3862,20261002,vendor_residual,target_only,test
1,0.46675848188431446,4421,0.5618846473348894,2453,20261002,vendor_residual,vendor_covariate,calibration
2,1.3366476886025729,4421,2.292863122244505,2453,20261002,vendor_residual,vendor_covariate,calibration
3,1.9023403380584587,4421,3.393851063309824,2453,20261002,vendor_residual,vendor_covariate,calibration
4,2.029913346707668,4421,3.626849244389139,2453,20261002,vendor_residual,vendor_covariate,calibration
5,2.4917551742783055,4421,4.469740936325128,2453,20261002,vendor_residual,vendor_covariate,calibration
6,2.9385509386629334,4421,5.280786819291319,2453,20261002,vendor_residual,vendor_covariate,calibration
7,3.243762534242373,4421,5.8262687566700775,2453,20261002,vendor_residual,vendor_covariate,calibration
8,3.627367843252329,4421,6.519170662465657,2453,20261002,vendor_residual,vendor_covariate,calibration
9,3.6761633152977375,4421,6.611856442678828,2453,20261002,vendor_residual,vendor_covariate,calibration
10,3.2831091798323837,4421,5.887466757682817,2453,20261002,vendor_residual,vendor_covariate,calibration
11,3.4082700387735674,4421,6.12969382113883,2453,20261002,vendor_residual,vendor_covariate,calibration
12,3.4986259061622493,4421,6.331574197316354,2430,20261002,vendor_residual,vendor_covariate,calibration
13,3.2144512875345606,4421,5.8145359653695925,2430,20261002,vendor_residual,vendor_covariate,calibration
14,3.127302005802847,4421,5.63027184707639,2438,20261002,vendor_residual,vendor_covariate,calibration
15,3.1106910082113775,4421,5.6244176750995,2430,20261002,vendor_residual,vendor_covariate,calibration
16,3.467947903955349,4421,6.265257666458725,2430,20261002,vendor_residual,vendor_covariate,calibration
17,3.215546724006485,4421,5.819415745662273,2430,20261002,vendor_residual,vendor_covariate,calibration
18,3.20215949108841,4421,5.787540331486528,2430,20261002,vendor_residual,vendor_covariate,calibration
19,3.080801253751265,4421,5.571174033330523,2430,20261002,vendor_residual,vendor_covariate,calibration
20,3.0394193896829673,4421,5.503803539704355,2431,20261002,vendor_residual,vendor_covariate,calibration
21,3.195913281142682,4421,5.789527914186473,2431,20261002,vendor_residual,vendor_covariate,calibration
22,3.0523467384527563,4421,5.526097678835303,2431,20261002,vendor_residual,vendor_covariate,calibration
23,3.071700436460308,4421,5.561986800642161,2431,20261002,vendor_residual,vendor_covariate,calibration
24,3.269510719934171,4421,5.922207023698648,2431,20261002,vendor_residual,vendor_covariate,calibration
25,3.2468679229275645,4421,5.548045600351014,2577,20261002,vendor_residual,vendor_covariate,calibration
26,3.794711325252541,4421,4.932292825713058,3400,20261002,vendor_residual,vendor_covariate,calibration
27,4.620922279056921,4421,5.691197137290486,3589,20261002,vendor_residual,vendor_covariate,calibration
28,6.141045616095054,4421,7.411838020408472,3663,20261002,vendor_residual,vendor_covariate,calibration
29,13.499632710675275,4421,14.69365423527038,4061,20261002,vendor_residual,vendor_covariate,calibration
30,21.43898132536276,4421,22.63167449988684,4188,20261002,vendor_residual,vendor_covariate,calibration
31,29.966689114424362,4421,30.330295919155244,4368,20261002,vendor_residual,vendor_covariate,calibration
32,51.474380834114285,4421,51.474380834114285,4421,20261002,vendor_residual,vendor_covariate,calibration
33,61.44991640118367,4421,61.44991640118367,4421,20261002,vendor_residual,vendor_covariate,calibration
34,74.9425075029293,4421,74.9425075029293,4421,20261002,vendor_residual,vendor_covariate,calibration
35,90.7028435348641,4421,90.7028435348641,4421,20261002,vendor_residual,vendor_covariate,calibration
36,95.33587241186268,4421,95.33587241186268,4421,20261002,vendor_residual,vendor_covariate,calibration
37,103.10575498508717,4421,103.10575498508717,4421,20261002,vendor_residual,vendor_covariate,calibration
38,111.2653720044664,4421,111.2653720044664,4421,20261002,vendor_residual,vendor_covariate,calibration
39,122.49247804394062,4421,122.49247804394062,4421,20261002,vendor_residual,vendor_covariate,calibration
40,113.67606812750579,4421,113.67606812750579,4421,20261002,vendor_residual,vendor_covariate,calibration
41,118.78333391493454,4421,118.78333391493454,4421,20261002,vendor_residual,vendor_covariate,calibration
42,139.30735987844182,4421,139.30735987844182,4421,20261002,vendor_residual,vendor_covariate,calibration
43,150.0685834538231,4421,150.0685834538231,4421,20261002,vendor_residual,vendor_covariate,calibration
44,136.4982649966774,4421,136.4982649966774,4421,20261002,vendor_residual,vendor_covariate,calibration
45,138.18106339649458,4421,138.18106339649458,4421,20261002,vendor_residual,vendor_covariate,calibration
46,138.124279768037,4421,138.124279768037,4421,20261002,vendor_residual,vendor_covariate,calibration
47,150.67488737574112,4421,150.67488737574112,4421,20261002,vendor_residual,vendor_covariate,calibration
48,141.24637433899667,4421,141.24637433899667,4421,20261002,vendor_residual,vendor_covariate,calibration
49,139.8182249713786,4421,139.8182249713786,4421,20261002,vendor_residual,vendor_covariate,calibration
50,150.5500640567117,4421,150.5500640567117,4421,20261002,vendor_residual,vendor_covariate,calibration
51,162.4220844713095,4421,162.4220844713095,4421,20261002,vendor_residual,vendor_covariate,calibration
52,159.63451967547212,4421,159.63451967547212,4421,20261002,vendor_residual,vendor_covariate,calibration
53,162.61297480108598,4421,162.61297480108598,4421,20261002,vendor_residual,vendor_covariate,calibration
54,162.92446262130585,4421,162.92446262130585,4421,20261002,vendor_residual,vendor_covariate,calibration
55,147.8188419224971,4421,147.8188419224971,4421,20261002,vendor_residual,vendor_covariate,calibration
56,150.6820788283913,4421,150.6820788283913,4421,20261002,vendor_residual,vendor_covariate,calibration
57,147.92294312213645,4421,147.92294312213645,4421,20261002,vendor_residual,vendor_covariate,calibration
58,139.5064430224316,4421,139.5064430224316,4421,20261002,vendor_residual,vendor_covariate,calibration
59,138.19632304430914,4421,138.19632304430914,4421,20261002,vendor_residual,vendor_covariate,calibration
60,145.3071028467756,4421,145.3071028467756,4421,20261002,vendor_residual,vendor_covariate,calibration
61,137.31061013707023,4421,137.31061013707023,4421,20261002,vendor_residual,vendor_covariate,calibration
62,135.41412322298308,4421,135.41412322298308,4421,20261002,vendor_residual,vendor_covariate,calibration
63,136.7506672934813,4421,136.7506672934813,4421,20261002,vendor_residual,vendor_covariate,calibration
64,124.76115272622485,4421,124.76115272622485,4421,20261002,vendor_residual,vendor_covariate,calibration
65,108.8970366453845,4421,108.8970366453845,4421,20261002,vendor_residual,vendor_covariate,calibration
66,101.06025068388209,4421,101.06025068388209,4421,20261002,vendor_residual,vendor_covariate,calibration
67,99.27150955123561,4421,99.29396916878113,4420,20261002,vendor_residual,vendor_covariate,calibration
68,80.58823981037914,4421,80.88095532387881,4405,20261002,vendor_residual,vendor_covariate,calibration
69,63.2893581629664,4421,63.692731519587355,4393,20261002,vendor_residual,vendor_covariate,calibration
70,56.952216651341004,4421,58.14533622329452,4330,20261002,vendor_residual,vendor_covariate,calibration
71,52.4378449829442,4421,53.836390718073744,4306,20261002,vendor_residual,vendor_covariate,calibration
72,39.456463638893695,4421,40.52797296477338,4304,20261002,vendor_residual,vendor_covariate,calibration
73,26.968322940942198,4421,27.723209618147315,4299,20261002,vendor_residual,vendor_covariate,calibration
74,21.07053886070415,4421,21.717275727511502,4288,20261002,vendor_residual,vendor_covariate,calibration
75,17.719526520005754,4421,18.631050861694586,4204,20261002,vendor_residual,vendor_covariate,calibration
76,12.41825898477934,4421,13.649663906231217,4021,20261002,vendor_residual,vendor_covariate,calibration
77,8.06745649702326,4421,8.914253740969924,3998,20261002,vendor_residual,vendor_covariate,calibration
78,6.334466666230619,4421,7.018013867535459,3985,20261002,vendor_residual,vendor_covariate,calibration
79,4.8398770513852085,4421,5.7582534137960915,3710,20261002,vendor_residual,vendor_covariate,calibration
80,4.829890655571342,4421,5.996828026496105,3548,20261002,vendor_residual,vendor_covariate,calibration
81,4.34534856015024,4421,5.894710856273807,3245,20261002,vendor_residual,vendor_covariate,calibration
82,4.085119513343072,4421,6.531211771908646,2746,20261002,vendor_residual,vendor_covariate,calibration
83,4.261728813755511,4421,7.558563337674726,2476,20261002,vendor_residual,vendor_covariate,calibration
84,4.430424787779897,4421,8.00686263439759,2430,20261002,vendor_residual,vendor_covariate,calibration
85,4.162032544572939,4421,7.529445646002835,2430,20261002,vendor_residual,vendor_covariate,calibration
86,4.198453892720784,4421,7.591931311378578,2430,20261002,vendor_residual,vendor_covariate,calibration
87,4.159408883154306,4421,7.524707064025464,2430,20261002,vendor_residual,vendor_covariate,calibration
88,4.083317539370625,4421,7.383558442584458,2430,20261002,vendor_residual,vendor_covariate,calibration
89,4.10730213740084,4421,7.44004056997647,2430,20261002,vendor_residual,vendor_covariate,calibration
90,4.031506037972361,4421,7.3039140980194395,2430,20261002,vendor_residual,vendor_covariate,calibration
91,4.082169608516988,4421,7.404373760640414,2430,20261002,vendor_residual,vendor_covariate,calibration
92,3.8817859054966504,4421,7.042708952229378,2430,20261002,vendor_residual,vendor_covariate,calibration
93,3.9827714439648867,4421,7.2290831589017355,2430,20261002,vendor_residual,vendor_covariate,calibration
94,3.9345290597479345,4421,7.142310174370047,2430,20261002,vendor_residual,vendor_covariate,calibration
95,3.927301438479343,4421,7.1370350790986175,2430,20261002,vendor_residual,vendor_covariate,calibration
96,3.3650032279236584,4421,6.120905906805547,2430,20261002,vendor_residual,vendor_covariate,calibration
1,0.7533632443989523,8898,0.45154964503029,3866,20261002,vendor_residual,vendor_covariate,test
2,0.9480095175903844,8898,1.5747529016805868,3866,20261002,vendor_residual,vendor_covariate,test
3,1.028318180255498,8898,2.132439293954531,3866,20261002,vendor_residual,vendor_covariate,test
4,1.2861664851188417,8898,2.7259224374242326,3866,20261002,vendor_residual,vendor_covariate,test
5,1.4923529417905737,8898,3.300395648617963,3866,20261002,vendor_residual,vendor_covariate,test
6,1.6387438871421525,8898,3.6482933158728508,3866,20261002,vendor_residual,vendor_covariate,test
7,1.718888334081935,8898,3.827914875004329,3866,20261002,vendor_residual,vendor_covariate,test
8,1.9703207547478965,8898,4.394186459889291,3866,20261002,vendor_residual,vendor_covariate,test
9,1.942564655501157,8898,4.38388869340684,3866,20261002,vendor_residual,vendor_covariate,test
10,2.0375503987053696,8898,4.501602312874442,3866,20261002,vendor_residual,vendor_covariate,test
11,1.7724385414829162,8898,4.0186331420347905,3866,20261002,vendor_residual,vendor_covariate,test
12,1.9323598308995626,8898,4.291788819440844,3862,20261002,vendor_residual,vendor_covariate,test
13,1.812325769111233,8898,4.017132609667366,3862,20261002,vendor_residual,vendor_covariate,test
14,2.272354326131762,8898,5.005997774199929,3868,20261002,vendor_residual,vendor_covariate,test
15,2.0157104524509615,8898,4.43315643543752,3862,20261002,vendor_residual,vendor_covariate,test
16,2.2486908671577606,8898,4.937836062590674,3862,20261002,vendor_residual,vendor_covariate,test
17,2.0369492608306112,8898,4.522557312874307,3862,20261002,vendor_residual,vendor_covariate,test
18,2.03089782655925,8898,4.457543428987566,3862,20261002,vendor_residual,vendor_covariate,test
19,1.700226743760259,8898,3.753956675584583,3862,20261002,vendor_residual,vendor_covariate,test
20,1.569322192931544,8898,3.5071942663270823,3865,20261002,vendor_residual,vendor_covariate,test
21,1.4021145770397876,8898,3.1300866299653713,3865,20261002,vendor_residual,vendor_covariate,test
22,1.3883666534574806,8898,3.0767897072937918,3865,20261002,vendor_residual,vendor_covariate,test
23,1.3550434972156267,8898,3.0156808276558933,3865,20261002,vendor_residual,vendor_covariate,test
24,1.2553875506963812,8898,2.7768294470768904,3865,20261002,vendor_residual,vendor_covariate,test
25,1.4665041698077887,8898,3.078123208628693,4107,20261002,vendor_residual,vendor_covariate,test
26,3.6201622914796587,8898,6.135815549596732,5233,20261002,vendor_residual,vendor_covariate,test
27,6.170415175808238,8898,10.027175564378638,5459,20261002,vendor_residual,vendor_covariate,test
28,10.162933753471554,8898,15.595922662703872,5794,20261002,vendor_residual,vendor_covariate,test
29,16.82820010214589,8898,21.65649982059044,6898,20261002,vendor_residual,vendor_covariate,test
30,24.083148430747404,8898,26.360245160181876,8126,20261002,vendor_residual,vendor_covariate,test
31,38.652148228468526,8898,39.042662610615615,8809,20261002,vendor_residual,vendor_covariate,test
32,47.792621849209795,8898,47.792621849209795,8898,20261002,vendor_residual,vendor_covariate,test
33,59.5248597919926,8898,59.5248597919926,8898,20261002,vendor_residual,vendor_covariate,test
34,72.16181246169516,8898,72.16181246169516,8898,20261002,vendor_residual,vendor_covariate,test
35,86.87533059247342,8898,86.87533059247342,8898,20261002,vendor_residual,vendor_covariate,test
36,92.22768956928557,8898,92.22768956928557,8898,20261002,vendor_residual,vendor_covariate,test
37,100.47457517155492,8898,100.47457517155492,8898,20261002,vendor_residual,vendor_covariate,test
38,114.32659566633528,8898,114.32659566633528,8898,20261002,vendor_residual,vendor_covariate,test
39,132.63170183708573,8898,132.63170183708573,8898,20261002,vendor_residual,vendor_covariate,test
40,141.2989821314282,8898,141.2989821314282,8898,20261002,vendor_residual,vendor_covariate,test
41,148.47922591404614,8898,148.47922591404614,8898,20261002,vendor_residual,vendor_covariate,test
42,159.6366635776817,8898,159.6366635776817,8898,20261002,vendor_residual,vendor_covariate,test
43,168.866820539642,8898,168.866820539642,8898,20261002,vendor_residual,vendor_covariate,test
44,159.82376367988712,8898,159.82376367988712,8898,20261002,vendor_residual,vendor_covariate,test
45,169.97509937171276,8898,169.97509937171276,8898,20261002,vendor_residual,vendor_covariate,test
46,180.22844681038245,8898,180.22844681038245,8898,20261002,vendor_residual,vendor_covariate,test
47,183.6225446448525,8898,183.6225446448525,8898,20261002,vendor_residual,vendor_covariate,test
48,185.36932592599652,8898,185.36932592599652,8898,20261002,vendor_residual,vendor_covariate,test
49,195.57744598735857,8898,195.57744598735857,8898,20261002,vendor_residual,vendor_covariate,test
50,197.85769548484123,8898,197.85769548484123,8898,20261002,vendor_residual,vendor_covariate,test
51,198.06226917310394,8898,198.06226917310394,8898,20261002,vendor_residual,vendor_covariate,test
52,176.28711862677002,8898,176.28711862677002,8898,20261002,vendor_residual,vendor_covariate,test
53,192.52313700819104,8898,192.52313700819104,8898,20261002,vendor_residual,vendor_covariate,test
54,189.42755730966485,8898,189.42755730966485,8898,20261002,vendor_residual,vendor_covariate,test
55,186.52401911010293,8898,186.52401911010293,8898,20261002,vendor_residual,vendor_covariate,test
56,180.66924839364128,8898,180.66924839364128,8898,20261002,vendor_residual,vendor_covariate,test
57,166.9992906198916,8898,166.9992906198916,8898,20261002,vendor_residual,vendor_covariate,test
58,185.45342395215425,8898,185.45342395215425,8898,20261002,vendor_residual,vendor_covariate,test
59,167.0455069412024,8898,167.0455069412024,8898,20261002,vendor_residual,vendor_covariate,test
60,175.9802782474615,8898,175.9802782474615,8898,20261002,vendor_residual,vendor_covariate,test
61,161.56729970063316,8898,161.56729970063316,8898,20261002,vendor_residual,vendor_covariate,test
62,160.159349259676,8898,160.159349259676,8898,20261002,vendor_residual,vendor_covariate,test
63,163.8102172233814,8898,163.8102172233814,8898,20261002,vendor_residual,vendor_covariate,test
64,151.600335224601,8898,151.600335224601,8898,20261002,vendor_residual,vendor_covariate,test
65,145.2367694628156,8898,145.2367694628156,8898,20261002,vendor_residual,vendor_covariate,test
66,139.8201417947218,8898,139.8201417947218,8898,20261002,vendor_residual,vendor_covariate,test
67,141.03831532091033,8898,141.03831532091033,8898,20261002,vendor_residual,vendor_covariate,test
68,133.26450539788166,8898,134.0327307596192,8847,20261002,vendor_residual,vendor_covariate,test
69,115.69171610910404,8898,119.8399173386272,8590,20261002,vendor_residual,vendor_covariate,test
70,111.23084694494634,8898,124.70536726096518,7935,20261002,vendor_residual,vendor_covariate,test
71,97.77883502270416,8898,112.4704558100845,7735,20261002,vendor_residual,vendor_covariate,test
72,78.22005824217787,8898,89.97338686615429,7735,20261002,vendor_residual,vendor_covariate,test
73,63.20872185440832,8898,72.82580805418921,7720,20261002,vendor_residual,vendor_covariate,test
74,49.317367623841314,8898,57.14901458006419,7676,20261002,vendor_residual,vendor_covariate,test
75,42.855108836697916,8898,51.96391903224492,7337,20261002,vendor_residual,vendor_covariate,test
76,26.89710482368347,8898,34.66381837911972,6903,20261002,vendor_residual,vendor_covariate,test
77,17.54598416401712,8898,23.513779929452838,6637,20261002,vendor_residual,vendor_covariate,test
78,12.707171317788585,8898,17.355896570792186,6510,20261002,vendor_residual,vendor_covariate,test
79,6.634390988644975,8898,10.774717222950185,5473,20261002,vendor_residual,vendor_covariate,test
80,4.588361762246857,8898,7.523334456835993,5401,20261002,vendor_residual,vendor_covariate,test
81,2.7124517584697454,8898,4.6507150300597555,5155,20261002,vendor_residual,vendor_covariate,test
82,1.7842520027849422,8898,3.523421969876059,4384,20261002,vendor_residual,vendor_covariate,test
83,1.9703009284895217,8898,4.437568680152699,3906,20261002,vendor_residual,vendor_covariate,test
84,1.8542424193647145,8898,4.205699099970499,3862,20261002,vendor_residual,vendor_covariate,test
85,1.7213654487395196,8898,3.919364152322684,3862,20261002,vendor_residual,vendor_covariate,test
86,1.7197036795421694,8898,3.900698206200026,3862,20261002,vendor_residual,vendor_covariate,test
87,1.7185113410663422,8898,3.9026409520560903,3862,20261002,vendor_residual,vendor_covariate,test
88,1.7643715316838404,8898,4.004227226060417,3862,20261002,vendor_residual,vendor_covariate,test
89,1.7265078697506049,8898,3.9336625108644747,3862,20261002,vendor_residual,vendor_covariate,test
90,1.691546222202657,8898,3.8481236239340277,3862,20261002,vendor_residual,vendor_covariate,test
91,1.6249145993324392,8898,3.7056675586852283,3862,20261002,vendor_residual,vendor_covariate,test
92,1.5576638848245856,8898,3.546937763286901,3862,20261002,vendor_residual,vendor_covariate,test
93,1.7043063676556716,8898,3.871509551420148,3862,20261002,vendor_residual,vendor_covariate,test
94,1.5811226546005437,8898,3.6095895667180344,3862,20261002,vendor_residual,vendor_covariate,test
95,1.4588834683898544,8898,3.3401075880065094,3862,20261002,vendor_residual,vendor_covariate,test
96,1.110597837245996,8898,2.5558568837550015,3862,20261002,vendor_residual,vendor_covariate,test
1,0.7235207202419002,4421,1.099930471939988,2453,20261003,direct,target_only,calibration
2,0.8117944062214527,4421,1.2553081679626041,2453,20261003,direct,target_only,calibration
3,0.9046923606590134,4421,1.433909446420205,2453,20261003,direct,target_only,calibration
4,0.6369076584661925,4421,0.9779901752233979,2453,20261003,direct,target_only,calibration
5,0.5726154033790398,4421,0.868572065669738,2453,20261003,direct,target_only,calibration
6,0.7380892752107925,4421,1.1192127390177309,2453,20261003,direct,target_only,calibration
7,0.654495225812725,4421,0.9868944681181598,2453,20261003,direct,target_only,calibration
8,0.8229282504561476,4421,1.2567623354831716,2453,20261003,direct,target_only,calibration
9,0.7371286285596755,4421,1.1087645953841,2453,20261003,direct,target_only,calibration
10,0.7880980775115838,4421,1.1857975414694812,2453,20261003,direct,target_only,calibration
11,0.7812122925896905,4421,1.1916602942234538,2453,20261003,direct,target_only,calibration
12,1.0647269016052971,4421,1.5772320484642874,2430,20261003,direct,target_only,calibration
13,0.758107292196433,4421,1.0679570214738572,2430,20261003,direct,target_only,calibration
14,0.9879745385131161,4421,1.4871012851713536,2438,20261003,direct,target_only,calibration
15,0.7155721736846467,4421,1.0357843516846743,2430,20261003,direct,target_only,calibration
16,0.7704256746839598,4421,1.1747306555325603,2430,20261003,direct,target_only,calibration
17,0.7435225373543959,4421,1.0951683529855782,2430,20261003,direct,target_only,calibration
18,0.928003018796406,4421,1.3769724280684572,2430,20261003,direct,target_only,calibration
19,0.7723304555477316,4421,1.1242100221139413,2430,20261003,direct,target_only,calibration
20,1.1545195337418646,4421,1.7410755767178592,2431,20261003,direct,target_only,calibration
21,0.961706495817074,4421,1.4311377807259438,2431,20261003,direct,target_only,calibration
22,1.1216253023492448,4421,1.6054250909605898,2431,20261003,direct,target_only,calibration
23,1.097923960599916,4421,1.513430172314692,2431,20261003,direct,target_only,calibration
24,1.0300109441369163,4421,1.3928643160372058,2431,20261003,direct,target_only,calibration
25,1.2105185258908173,4421,1.5710220041735041,2577,20261003,direct,target_only,calibration
26,1.497743860037099,4421,1.810453543581928,3400,20261003,direct,target_only,calibration
27,2.8183653840768934,4421,3.3950526949477413,3589,20261003,direct,target_only,calibration
28,4.743309818342855,4421,5.582550420114152,3663,20261003,direct,target_only,calibration
29,10.773347360929794,4421,11.626730500791679,4061,20261003,direct,target_only,calibration
30,20.008885719903567,4421,20.972762433538275,4188,20261003,direct,target_only,calibration
31,32.961383823234485,4421,33.293515119374874,4368,20261003,direct,target_only,calibration
32,47.698100732601986,4421,47.698100732601986,4421,20261003,direct,target_only,calibration
33,64.08980120003125,4421,64.08980120003125,4421,20261003,direct,target_only,calibration
34,84.24311914384614,4421,84.24311914384614,4421,20261003,direct,target_only,calibration
35,105.10660666063322,4421,105.10660666063322,4421,20261003,direct,target_only,calibration
36,125.42537751353964,4421,125.42537751353964,4421,20261003,direct,target_only,calibration
37,141.4326221051185,4421,141.4326221051185,4421,20261003,direct,target_only,calibration
38,154.42675372792522,4421,154.42675372792522,4421,20261003,direct,target_only,calibration
39,168.28485606923394,4421,168.28485606923394,4421,20261003,direct,target_only,calibration
40,181.42251714951053,4421,181.42251714951053,4421,20261003,direct,target_only,calibration
41,184.81243832335062,4421,184.81243832335062,4421,20261003,direct,target_only,calibration
42,199.18613577059924,4421,199.18613577059924,4421,20261003,direct,target_only,calibration
43,208.28645896386323,4421,208.28645896386323,4421,20261003,direct,target_only,calibration
44,212.23656168747908,4421,212.23656168747908,4421,20261003,direct,target_only,calibration
45,215.00585336859504,4421,215.00585336859504,4421,20261003,direct,target_only,calibration
46,222.23369688177857,4421,222.23369688177857,4421,20261003,direct,target_only,calibration
47,236.89886987439021,4421,236.89886987439021,4421,20261003,direct,target_only,calibration
48,232.62809368832683,4421,232.62809368832683,4421,20261003,direct,target_only,calibration
49,234.03096687046147,4421,234.03096687046147,4421,20261003,direct,target_only,calibration
50,223.45872854553474,4421,223.45872854553474,4421,20261003,direct,target_only,calibration
51,230.87530115259918,4421,230.87530115259918,4421,20261003,direct,target_only,calibration
52,227.05173327133912,4421,227.05173327133912,4421,20261003,direct,target_only,calibration
53,221.44587708682874,4421,221.44587708682874,4421,20261003,direct,target_only,calibration
54,213.2446273731696,4421,213.2446273731696,4421,20261003,direct,target_only,calibration
55,208.80415377806173,4421,208.80415377806173,4421,20261003,direct,target_only,calibration
56,213.06558953284596,4421,213.06558953284596,4421,20261003,direct,target_only,calibration
57,219.898586186621,4421,219.898586186621,4421,20261003,direct,target_only,calibration
58,212.15704719628232,4421,212.15704719628232,4421,20261003,direct,target_only,calibration
59,202.08313216999917,4421,202.08313216999917,4421,20261003,direct,target_only,calibration
60,193.82437996882115,4421,193.82437996882115,4421,20261003,direct,target_only,calibration
61,180.92196176230598,4421,180.92196176230598,4421,20261003,direct,target_only,calibration
62,173.51118977698866,4421,173.51118977698866,4421,20261003,direct,target_only,calibration
63,175.25219369078553,4421,175.25219369078553,4421,20261003,direct,target_only,calibration
64,158.5983905888183,4421,158.5983905888183,4421,20261003,direct,target_only,calibration
65,139.07226738823442,4421,139.07226738823442,4421,20261003,direct,target_only,calibration
66,125.44544746926204,4421,125.44544746926204,4421,20261003,direct,target_only,calibration
67,112.55434809626244,4421,112.57949002896987,4420,20261003,direct,target_only,calibration
68,97.82736690046619,4421,98.03920427292678,4405,20261003,direct,target_only,calibration
69,77.80014471962761,4421,78.18738289815361,4393,20261003,direct,target_only,calibration
70,61.225700459236585,4421,62.390535028185695,4330,20261003,direct,target_only,calibration
71,43.9033250319406,4421,44.98671819420797,4306,20261003,direct,target_only,calibration
72,34.3294741307542,4421,35.202913361789896,4304,20261003,direct,target_only,calibration
73,29.32554645870185,4421,30.107222743221033,4299,20261003,direct,target_only,calibration
74,20.669174315993292,4421,21.263473474539847,4288,20261003,direct,target_only,calibration
75,16.3373124663753,4421,17.02769239002838,4204,20261003,direct,target_only,calibration
76,10.710303357325506,4421,11.32184420086041,4021,20261003,direct,target_only,calibration
77,7.933237302057275,4421,8.481864469157372,3998,20261003,direct,target_only,calibration
78,4.995434159520943,4421,5.397800689681995,3985,20261003,direct,target_only,calibration
79,3.014903297286554,4421,3.4465399780109864,3710,20261003,direct,target_only,calibration
80,1.835047688198568,4421,2.1510101425499006,3548,20261003,direct,target_only,calibration
81,1.336012999230325,4421,1.627629544432666,3245,20261003,direct,target_only,calibration
82,1.281381923175934,4421,1.6737562465258655,2746,20261003,direct,target_only,calibration
83,1.227753506419169,4421,1.688099731098056,2476,20261003,direct,target_only,calibration
84,1.3329537669759184,4421,1.8729757014616035,2430,20261003,direct,target_only,calibration
85,1.3441692934913134,4421,1.8684768953931674,2430,20261003,direct,target_only,calibration
86,1.370428839856428,4421,1.9331756802375424,2430,20261003,direct,target_only,calibration
87,1.227348594765565,4421,1.7370360684983523,2430,20261003,direct,target_only,calibration
88,1.5625007507475326,4421,2.2787518286778603,2430,20261003,direct,target_only,calibration
89,1.4259519632842523,4421,2.1531845217011103,2430,20261003,direct,target_only,calibration
90,1.2152032798648662,4421,1.8111350859879467,2430,20261003,direct,target_only,calibration
91,1.321989151133695,4421,1.9453377944329149,2430,20261003,direct,target_only,calibration
92,1.2834090735208015,4421,1.8449622922228197,2430,20261003,direct,target_only,calibration
93,1.2135028169856732,4421,1.786095778380402,2430,20261003,direct,target_only,calibration
94,1.2349763315030284,4421,1.7543927607344993,2430,20261003,direct,target_only,calibration
95,1.0661839964675084,4421,1.5756159179863125,2430,20261003,direct,target_only,calibration
96,1.0199115414394024,4421,1.5087022228128135,2430,20261003,direct,target_only,calibration
1,0.6997826272563347,8898,0.9114980797114239,3866,20261003,direct,target_only,test
2,0.6233495402571243,8898,0.7714302463720052,3866,20261003,direct,target_only,test
3,0.5500827360086882,8898,0.6572448891668017,3866,20261003,direct,target_only,test
4,0.450114643924085,8898,0.4240799508535964,3866,20261003,direct,target_only,test
5,0.48851693463720053,8898,0.523816388439574,3866,20261003,direct,target_only,test
6,0.5526344770053601,8898,0.5761188727895552,3866,20261003,direct,target_only,test
7,0.5308134338576999,8898,0.4726685111965168,3866,20261003,direct,target_only,test
8,0.622398914705092,8898,0.6280369913553064,3866,20261003,direct,target_only,test
9,0.6314408690922982,8898,0.6227814007436773,3866,20261003,direct,target_only,test
10,0.6931330963309728,8898,0.5669927600484758,3866,20261003,direct,target_only,test
11,0.6544760816990943,8898,0.6186985045754755,3866,20261003,direct,target_only,test
12,1.1918247284425156,8898,1.4099804261946016,3862,20261003,direct,target_only,test
13,1.1628745511001712,8898,1.437430925401056,3862,20261003,direct,target_only,test
14,1.4202941188754217,8898,1.9982154440277304,3868,20261003,direct,target_only,test
15,0.897689063529779,8898,0.9766407546941538,3862,20261003,direct,target_only,test
16,0.7408664860525795,8898,0.6834820381475198,3862,20261003,direct,target_only,test
17,0.8797533191475916,8898,0.9034207546133365,3862,20261003,direct,target_only,test
18,1.0638476066688227,8898,1.1977645648052073,3862,20261003,direct,target_only,test
19,1.112715380094237,8898,1.2497051965728874,3862,20261003,direct,target_only,test
20,1.3770071469819816,8898,1.5763278722608844,3865,20261003,direct,target_only,test
21,1.3073625006325131,8898,1.5553268988702307,3865,20261003,direct,target_only,test
22,1.5204763931495073,8898,1.6824438342455905,3865,20261003,direct,target_only,test
23,1.638534908676428,8898,1.7272694261597632,3865,20261003,direct,target_only,test
24,1.5403166602330451,8898,1.399205930910783,3865,20261003,direct,target_only,test
25,1.9621265004928543,8898,2.0129977519263833,4107,20261003,direct,target_only,test
26,3.062232203006314,8898,4.582402718088944,5233,20261003,direct,target_only,test
27,5.8656584092246415,8898,9.212002838832293,5459,20261003,direct,target_only,test
28,11.782375353337201,8898,17.550559693829854,5794,20261003,direct,target_only,test
29,21.354098123002967,8898,27.098202987482214,6898,20261003,direct,target_only,test
30,35.24932959870491,8898,38.3927772344619,8126,20261003,direct,target_only,test
31,50.13621263064623,8898,50.55391260556593,8809,20261003,direct,target_only,test
32,66.57873828487908,8898,66.57873828487908,8898,20261003,direct,target_only,test
33,83.19771323477688,8898,83.19771323477688,8898,20261003,direct,target_only,test
34,103.49916227521906,8898,103.49916227521906,8898,20261003,direct,target_only,test
35,117.9690047998618,8898,117.9690047998618,8898,20261003,direct,target_only,test
36,134.06407751116376,8898,134.06407751116376,8898,20261003,direct,target_only,test
37,147.68811879686018,8898,147.68811879686018,8898,20261003,direct,target_only,test
38,164.37516412705583,8898,164.37516412705583,8898,20261003,direct,target_only,test
39,185.60453996236066,8898,185.60453996236066,8898,20261003,direct,target_only,test
40,202.37610385772095,8898,202.37610385772095,8898,20261003,direct,target_only,test
41,209.85374687541972,8898,209.85374687541972,8898,20261003,direct,target_only,test
42,218.88792811230533,8898,218.88792811230533,8898,20261003,direct,target_only,test
43,232.39011910319525,8898,232.39011910319525,8898,20261003,direct,target_only,test
44,237.7001073531083,8898,237.7001073531083,8898,20261003,direct,target_only,test
45,232.29361339191436,8898,232.29361339191436,8898,20261003,direct,target_only,test
46,249.85053158422087,8898,249.85053158422087,8898,20261003,direct,target_only,test
47,261.2386590770902,8898,261.2386590770902,8898,20261003,direct,target_only,test
48,249.4202244840688,8898,249.4202244840688,8898,20261003,direct,target_only,test
49,263.09076209333165,8898,263.09076209333165,8898,20261003,direct,target_only,test
50,268.1025995202982,8898,268.1025995202982,8898,20261003,direct,target_only,test
51,261.9864326862413,8898,261.9864326862413,8898,20261003,direct,target_only,test
52,250.05962718367596,8898,250.05962718367596,8898,20261003,direct,target_only,test
53,264.5786025761104,8898,264.5786025761104,8898,20261003,direct,target_only,test
54,263.9877360391245,8898,263.9877360391245,8898,20261003,direct,target_only,test
55,252.5404003993921,8898,252.5404003993921,8898,20261003,direct,target_only,test
56,251.83153619386707,8898,251.83153619386707,8898,20261003,direct,target_only,test
57,239.65408115706137,8898,239.65408115706137,8898,20261003,direct,target_only,test
58,238.0923346871823,8898,238.0923346871823,8898,20261003,direct,target_only,test
59,226.29176498033235,8898,226.29176498033235,8898,20261003,direct,target_only,test
60,225.28668304614908,8898,225.28668304614908,8898,20261003,direct,target_only,test
61,227.95325942969635,8898,227.95325942969635,8898,20261003,direct,target_only,test
62,211.1584340936014,8898,211.1584340936014,8898,20261003,direct,target_only,test
63,209.52948907987337,8898,209.52948907987337,8898,20261003,direct,target_only,test
64,199.58615226583228,8898,199.58615226583228,8898,20261003,direct,target_only,test
65,188.0065180134005,8898,188.0065180134005,8898,20261003,direct,target_only,test
66,178.82865457040694,8898,178.82865457040694,8898,20261003,direct,target_only,test
67,168.3667144901631,8898,168.3667144901631,8898,20261003,direct,target_only,test
68,155.48057868562373,8898,156.09939557326146,8847,20261003,direct,target_only,test
69,134.78402543047343,8898,139.3682096914438,8590,20261003,direct,target_only,test
70,118.04959938622531,8898,132.05120087271172,7935,20261003,direct,target_only,test
71,92.02150250861688,8898,105.62676609904798,7735,20261003,direct,target_only,test
72,81.90459078642466,8898,94.06817720623563,7735,20261003,direct,target_only,test
73,70.99705947339916,8898,81.69874999319927,7720,20261003,direct,target_only,test
74,52.41474252607923,8898,60.637772238955904,7676,20261003,direct,target_only,test
75,41.66744852209713,8898,50.11070604687847,7337,20261003,direct,target_only,test
76,27.594773701265808,8898,34.800694700775615,6903,20261003,direct,target_only,test
77,19.934249808500155,8898,26.124707856856322,6637,20261003,direct,target_only,test
78,12.637287135592524,8898,16.94113783835973,6510,20261003,direct,target_only,test
79,7.293737995419673,8898,11.41342144491822,5473,20261003,direct,target_only,test
80,3.7878233926408824,8898,5.870394834895647,5401,20261003,direct,target_only,test
81,2.0560041737529358,8898,3.0110092507183435,5155,20261003,direct,target_only,test
82,1.415927219405198,8898,1.4535838782921795,4384,20261003,direct,target_only,test
83,1.34755960110513,8898,1.2610430431552708,3906,20261003,direct,target_only,test
84,1.5115167860902141,8898,1.4947218482302052,3862,20261003,direct,target_only,test
85,1.6714804438519515,8898,1.7990930708099189,3862,20261003,direct,target_only,test
86,1.5688021480149568,8898,1.7002250395294671,3862,20261003,direct,target_only,test
87,1.3645969373507898,8898,1.4616790156693795,3862,20261003,direct,target_only,test
88,1.5406168010290968,8898,1.645627968950879,3862,20261003,direct,target_only,test
89,1.28542952361094,8898,1.4431764341655449,3862,20261003,direct,target_only,test
90,1.2856556004489788,8898,1.4445121998207548,3862,20261003,direct,target_only,test
91,1.3607313729283395,8898,1.4635988253307182,3862,20261003,direct,target_only,test
92,1.3080304030577676,8898,1.3670710619212987,3862,20261003,direct,target_only,test
93,1.1207108571262983,8898,1.0560257582853396,3862,20261003,direct,target_only,test
94,1.2024329483750216,8898,1.1886006507816123,3862,20261003,direct,target_only,test
95,0.9656231251224343,8898,1.0005739630657673,3862,20261003,direct,target_only,test
96,1.0154428541615093,8898,1.099417446299824,3862,20261003,direct,target_only,test
1,0.5183214081761597,4421,0.7979798464811093,2453,20261003,direct,vendor_covariate,calibration
2,0.31290661156643285,4421,0.4648028698366756,2453,20261003,direct,vendor_covariate,calibration
3,0.43859091325010197,4421,0.6964800391001479,2453,20261003,direct,vendor_covariate,calibration
4,0.37703036086318237,4421,0.6215390249558288,2453,20261003,direct,vendor_covariate,calibration
5,0.43613158375719124,4421,0.6840086732282962,2453,20261003,direct,vendor_covariate,calibration
6,0.4026885927869464,4421,0.6228796679707289,2453,20261003,direct,vendor_covariate,calibration
7,0.333417496397279,4421,0.5195922374458056,2453,20261003,direct,vendor_covariate,calibration
8,0.4180044878044163,4421,0.6546003236923226,2453,20261003,direct,vendor_covariate,calibration
9,0.5641203645437288,4421,0.8691009239449677,2453,20261003,direct,vendor_covariate,calibration
10,0.43394774487082,4421,0.6709097840941309,2453,20261003,direct,vendor_covariate,calibration
11,0.3315207536920679,4421,0.48496532106078794,2453,20261003,direct,vendor_covariate,calibration
12,0.7300574424866401,4421,1.1272101761144682,2430,20261003,direct,vendor_covariate,calibration
13,0.6683198790917216,4421,1.0348982884744067,2430,20261003,direct,vendor_covariate,calibration
14,0.7031166482214062,4421,1.1331749947388656,2438,20261003,direct,vendor_covariate,calibration
15,0.5526308766643074,4421,0.8701973507065832,2430,20261003,direct,vendor_covariate,calibration
16,0.5954184753921837,4421,0.9660245601624373,2430,20261003,direct,vendor_covariate,calibration
17,0.6463347974809902,4421,0.9982820727697616,2430,20261003,direct,vendor_covariate,calibration
18,0.767024452140971,4421,1.185775987233549,2430,20261003,direct,vendor_covariate,calibration
19,0.7118932038500422,4421,1.079069686414283,2430,20261003,direct,vendor_covariate,calibration
20,0.8374938870463866,4421,1.2692438885530304,2431,20261003,direct,vendor_covariate,calibration
21,0.7755013030621496,4421,1.1120663890358427,2431,20261003,direct,vendor_covariate,calibration
22,0.8703606397041398,4421,1.2021181015039175,2431,20261003,direct,vendor_covariate,calibration
23,1.077011839952425,4421,1.4064413848107413,2431,20261003,direct,vendor_covariate,calibration
24,1.2037802960627157,4421,1.5302024556673275,2431,20261003,direct,vendor_covariate,calibration
25,1.4707181891468575,4421,1.764640920538185,2577,20261003,direct,vendor_covariate,calibration
26,1.5098345952739927,4421,1.8139904775623719,3400,20261003,direct,vendor_covariate,calibration
27,2.6325045472739954,4421,3.1290943281096166,3589,20261003,direct,vendor_covariate,calibration
28,4.937514769488197,4421,5.796795927572553,3663,20261003,direct,vendor_covariate,calibration
29,11.772746239249043,4421,12.698615052469806,4061,20261003,direct,vendor_covariate,calibration
30,22.582883078809907,4421,23.66437470502711,4188,20261003,direct,vendor_covariate,calibration
31,36.831101746719376,4421,37.198589503516814,4368,20261003,direct,vendor_covariate,calibration
32,54.17178230469782,4421,54.17178230469782,4421,20261003,direct,vendor_covariate,calibration
33,73.88116847103248,4421,73.88116847103248,4421,20261003,direct,vendor_covariate,calibration
34,93.8593908372969,4421,93.8593908372969,4421,20261003,direct,vendor_covariate,calibration
35,111.48859601420618,4421,111.48859601420618,4421,20261003,direct,vendor_covariate,calibration
36,131.92874639033488,4421,131.92874639033488,4421,20261003,direct,vendor_covariate,calibration
37,146.0304626423899,4421,146.0304626423899,4421,20261003,direct,vendor_covariate,calibration
38,159.99351683740662,4421,159.99351683740662,4421,20261003,direct,vendor_covariate,calibration
39,174.32783190149192,4421,174.32783190149192,4421,20261003,direct,vendor_covariate,calibration
40,186.3149889855254,4421,186.3149889855254,4421,20261003,direct,vendor_covariate,calibration
41,192.3256524779868,4421,192.3256524779868,4421,20261003,direct,vendor_covariate,calibration
42,204.63240266334643,4421,204.63240266334643,4421,20261003,direct,vendor_covariate,calibration
43,209.62835430585437,4421,209.62835430585437,4421,20261003,direct,vendor_covariate,calibration
44,218.31294528386343,4421,218.31294528386343,4421,20261003,direct,vendor_covariate,calibration
45,225.14794457366943,4421,225.14794457366943,4421,20261003,direct,vendor_covariate,calibration
46,226.61046925876386,4421,226.61046925876386,4421,20261003,direct,vendor_covariate,calibration
47,236.69617072109943,4421,236.69617072109943,4421,20261003,direct,vendor_covariate,calibration
48,227.22436070940196,4421,227.22436070940196,4421,20261003,direct,vendor_covariate,calibration
49,231.22082559367672,4421,231.22082559367672,4421,20261003,direct,vendor_covariate,calibration
50,228.15612034219217,4421,228.15612034219217,4421,20261003,direct,vendor_covariate,calibration
51,236.18404710228103,4421,236.18404710228103,4421,20261003,direct,vendor_covariate,calibration
52,235.46490447533276,4421,235.46490447533276,4421,20261003,direct,vendor_covariate,calibration
53,229.73869975099794,4421,229.73869975099794,4421,20261003,direct,vendor_covariate,calibration
54,220.05395186055276,4421,220.05395186055276,4421,20261003,direct,vendor_covariate,calibration
55,216.49888029244252,4421,216.49888029244252,4421,20261003,direct,vendor_covariate,calibration
56,215.4594982710798,4421,215.4594982710798,4421,20261003,direct,vendor_covariate,calibration
57,223.15055218112803,4421,223.15055218112803,4421,20261003,direct,vendor_covariate,calibration
58,217.36991752105732,4421,217.36991752105732,4421,20261003,direct,vendor_covariate,calibration
59,205.97807131705815,4421,205.97807131705815,4421,20261003,direct,vendor_covariate,calibration
60,199.22824159931932,4421,199.22824159931932,4421,20261003,direct,vendor_covariate,calibration
61,192.84353117633665,4421,192.84353117633665,4421,20261003,direct,vendor_covariate,calibration
62,179.53661064151063,4421,179.53661064151063,4421,20261003,direct,vendor_covariate,calibration
63,175.96513271527954,4421,175.96513271527954,4421,20261003,direct,vendor_covariate,calibration
64,156.87191528060532,4421,156.87191528060532,4421,20261003,direct,vendor_covariate,calibration
65,133.74850807277778,4421,133.74850807277778,4421,20261003,direct,vendor_covariate,calibration
66,122.45199918633783,4421,122.45199918633783,4421,20261003,direct,vendor_covariate,calibration
67,112.68793732974508,4421,112.71321145373383,4420,20261003,direct,vendor_covariate,calibration
68,99.00453075497046,4421,99.17245548423105,4405,20261003,direct,vendor_covariate,calibration
69,80.84331567791567,4421,81.21013367492351,4393,20261003,direct,vendor_covariate,calibration
70,64.69704103254534,4421,65.91932570532751,4330,20261003,direct,vendor_covariate,calibration
71,46.48363505031014,4421,47.59992240027244,4306,20261003,direct,vendor_covariate,calibration
72,37.77796755839437,4421,38.73231291170044,4304,20261003,direct,vendor_covariate,calibration
73,31.582323457478207,4421,32.435526103649146,4299,20261003,direct,vendor_covariate,calibration
74,22.02531972470647,4421,22.67104143617825,4288,20261003,direct,vendor_covariate,calibration
75,16.159063792124865,4421,16.89022504771383,4204,20261003,direct,vendor_covariate,calibration
76,10.49109427126068,4421,11.252810046040526,4021,20261003,direct,vendor_covariate,calibration
77,7.407017026052396,4421,8.052929326788062,3998,20261003,direct,vendor_covariate,calibration
78,4.777150736526063,4421,5.233094535249787,3985,20261003,direct,vendor_covariate,calibration
79,3.0651458933940203,4421,3.5599033117480072,3710,20261003,direct,vendor_covariate,calibration
80,1.946236855465033,4421,2.3403291095732244,3548,20261003,direct,vendor_covariate,calibration
81,1.3521279191557982,4421,1.72195470596311,3245,20261003,direct,vendor_covariate,calibration
82,1.2310289142502948,4421,1.8053654283083025,2746,20261003,direct,vendor_covariate,calibration
83,0.9283259261984981,4421,1.4733895334714262,2476,20261003,direct,vendor_covariate,calibration
84,1.2196299340344208,4421,1.9633370531684577,2430,20261003,direct,vendor_covariate,calibration
85,1.095068086807449,4421,1.757613172035649,2430,20261003,direct,vendor_covariate,calibration
86,1.0652334344815788,4421,1.689569440189703,2430,20261003,direct,vendor_covariate,calibration
87,1.1184446939655461,4421,1.809697870996018,2430,20261003,direct,vendor_covariate,calibration
88,1.202598717307187,4421,1.9613224433712018,2430,20261003,direct,vendor_covariate,calibration
89,1.0808713699703005,4421,1.7515302351595443,2430,20261003,direct,vendor_covariate,calibration
90,1.0068209805260198,4421,1.5909096255775832,2430,20261003,direct,vendor_covariate,calibration
91,1.1750361202691266,4421,1.8752888287659044,2430,20261003,direct,vendor_covariate,calibration
92,1.0235896135645197,4421,1.5708930336828095,2430,20261003,direct,vendor_covariate,calibration
93,1.0924510016946387,4421,1.6960452097862837,2430,20261003,direct,vendor_covariate,calibration
94,1.0936305674930094,4421,1.6694102231121848,2430,20261003,direct,vendor_covariate,calibration
95,1.2126297727345179,4421,1.9379249855814646,2430,20261003,direct,vendor_covariate,calibration
96,1.3027285076332318,4421,2.1151988466519387,2430,20261003,direct,vendor_covariate,calibration
1,0.48954276965960786,8898,0.6396754421158831,3866,20261003,direct,vendor_covariate,test
2,0.23464837238511477,8898,0.21204397012461534,3866,20261003,direct,vendor_covariate,test
3,0.3026769049661906,8898,0.2945084080871665,3866,20261003,direct,vendor_covariate,test
4,0.12917689300669957,8898,0.10053998963840872,3866,20261003,direct,vendor_covariate,test
5,0.32233598682619957,8898,0.27275247250929807,3866,20261003,direct,vendor_covariate,test
6,0.30379898633592706,8898,0.24449371783167848,3866,20261003,direct,vendor_covariate,test
7,0.2621545078846806,8898,0.27259669934321856,3866,20261003,direct,vendor_covariate,test
8,0.3165679703742704,8898,0.305409510557786,3866,20261003,direct,vendor_covariate,test
9,0.46640449991354677,8898,0.44254888162841716,3866,20261003,direct,vendor_covariate,test
10,0.31836266311295425,8898,0.2555786548023374,3866,20261003,direct,vendor_covariate,test
11,0.31962363047581127,8898,0.26948031190777005,3866,20261003,direct,vendor_covariate,test
12,0.6394682159698841,8898,0.7132711366285844,3862,20261003,direct,vendor_covariate,test
13,0.7595766918636716,8898,0.9223573119294273,3862,20261003,direct,vendor_covariate,test
14,0.8291690929322189,8898,1.318385749715337,3868,20261003,direct,vendor_covariate,test
15,0.4619045908622813,8898,0.4987315169382688,3862,20261003,direct,vendor_covariate,test
16,0.4147492164124692,8898,0.48559268363591407,3862,20261003,direct,vendor_covariate,test
17,0.6346856015755046,8898,0.6506978851554462,3862,20261003,direct,vendor_covariate,test
18,0.7607238261679051,8898,0.8667041125428437,3862,20261003,direct,vendor_covariate,test
19,0.8707649346983687,8898,1.0024239813213458,3862,20261003,direct,vendor_covariate,test
20,1.0314411182381293,8898,1.2237815212730059,3865,20261003,direct,vendor_covariate,test
21,1.216546452254805,8898,1.5533456999765176,3865,20261003,direct,vendor_covariate,test
22,1.399205063510528,8898,1.689514352639542,3865,20261003,direct,vendor_covariate,test
23,1.951402445500233,8898,2.2160341243925874,3865,20261003,direct,vendor_covariate,test
24,2.1522593284865215,8898,2.120449380992031,3865,20261003,direct,vendor_covariate,test
25,2.9825090147726736,8898,3.333444914358775,4107,20261003,direct,vendor_covariate,test
26,3.384862690143937,8898,5.159742827168969,5233,20261003,direct,vendor_covariate,test
27,5.623000888268835,8898,8.79098191026842,5459,20261003,direct,vendor_covariate,test
28,11.520074312999872,8898,17.195947144607096,5794,20261003,direct,vendor_covariate,test
29,20.555715756563714,8898,26.107187656960107,6898,20261003,direct,vendor_covariate,test
30,34.8212980512677,8898,37.864849950569635,8126,20261003,direct,vendor_covariate,test
31,46.510992889350106,8898,46.867487769442405,8809,20261003,direct,vendor_covariate,test
32,63.901152149806215,8898,63.901152149806215,8898,20261003,direct,vendor_covariate,test
33,81.23669357790959,8898,81.23669357790959,8898,20261003,direct,vendor_covariate,test
34,97.38762271449451,8898,97.38762271449451,8898,20261003,direct,vendor_covariate,test
35,109.61553140648508,8898,109.61553140648508,8898,20261003,direct,vendor_covariate,test
36,127.60124774816057,8898,127.60124774816057,8898,20261003,direct,vendor_covariate,test
37,141.12079448484576,8898,141.12079448484576,8898,20261003,direct,vendor_covariate,test
38,157.98244478546854,8898,157.98244478546854,8898,20261003,direct,vendor_covariate,test
39,179.6315216185589,8898,179.6315216185589,8898,20261003,direct,vendor_covariate,test
40,195.62507765775072,8898,195.62507765775072,8898,20261003,direct,vendor_covariate,test
41,203.41712142291982,8898,203.41712142291982,8898,20261003,direct,vendor_covariate,test
42,214.07598866110575,8898,214.07598866110575,8898,20261003,direct,vendor_covariate,test
43,225.64530530000124,8898,225.64530530000124,8898,20261003,direct,vendor_covariate,test
44,227.8618694363586,8898,227.8618694363586,8898,20261003,direct,vendor_covariate,test
45,225.14075278218397,8898,225.14075278218397,8898,20261003,direct,vendor_covariate,test
46,241.3162541065962,8898,241.3162541065962,8898,20261003,direct,vendor_covariate,test
47,251.00225603899247,8898,251.00225603899247,8898,20261003,direct,vendor_covariate,test
48,238.14419151560497,8898,238.14419151560497,8898,20261003,direct,vendor_covariate,test
49,248.90553151675542,8898,248.90553151675542,8898,20261003,direct,vendor_covariate,test
50,254.0098000934306,8898,254.0098000934306,8898,20261003,direct,vendor_covariate,test
51,251.27900576834068,8898,251.27900576834068,8898,20261003,direct,vendor_covariate,test
52,240.7163921008816,8898,240.7163921008816,8898,20261003,direct,vendor_covariate,test
53,251.23597795587008,8898,251.23597795587008,8898,20261003,direct,vendor_covariate,test
54,244.47584012170987,8898,244.47584012170987,8898,20261003,direct,vendor_covariate,test
55,248.0050473869011,8898,248.0050473869011,8898,20261003,direct,vendor_covariate,test
56,238.27552176993044,8898,238.27552176993044,8898,20261003,direct,vendor_covariate,test
57,219.9911555890986,8898,219.9911555890986,8898,20261003,direct,vendor_covariate,test
58,229.88562561243364,8898,229.88562561243364,8898,20261003,direct,vendor_covariate,test
59,222.56079546632537,8898,222.56079546632537,8898,20261003,direct,vendor_covariate,test
60,223.6188547381686,8898,223.6188547381686,8898,20261003,direct,vendor_covariate,test
61,220.46540390404837,8898,220.46540390404837,8898,20261003,direct,vendor_covariate,test
62,210.42556697656718,8898,210.42556697656718,8898,20261003,direct,vendor_covariate,test
63,206.9023202834879,8898,206.9023202834879,8898,20261003,direct,vendor_covariate,test
64,198.3629701742683,8898,198.3629701742683,8898,20261003,direct,vendor_covariate,test
65,178.61763765085803,8898,178.61763765085803,8898,20261003,direct,vendor_covariate,test
66,173.40131092008346,8898,173.40131092008346,8898,20261003,direct,vendor_covariate,test
67,165.92451562531414,8898,165.92451562531414,8898,20261003,direct,vendor_covariate,test
68,149.8243461701096,8898,150.3181207312113,8847,20261003,direct,vendor_covariate,test
69,133.7421927678369,8898,138.2105514054666,8590,20261003,direct,vendor_covariate,test
70,119.68625294681891,8898,133.8378270995159,7935,20261003,direct,vendor_covariate,test
71,93.12667789694493,8898,106.82509969493188,7735,20261003,direct,vendor_covariate,test
72,82.82046522284014,8898,95.09343126453585,7735,20261003,direct,vendor_covariate,test
73,69.3419874341031,8898,79.81269473505347,7720,20261003,direct,vendor_covariate,test
74,52.93109487164416,8898,61.24785476458043,7676,20261003,direct,vendor_covariate,test
75,41.14818475298716,8898,49.59810352555532,7337,20261003,direct,vendor_covariate,test
76,27.322843744411795,8898,34.78651988295258,6903,20261003,direct,vendor_covariate,test
77,18.90553744560684,8898,25.071439492278934,6637,20261003,direct,vendor_covariate,test
78,11.725210951511063,8898,15.841125456066449,6510,20261003,direct,vendor_covariate,test
79,7.405700817185709,8898,11.75350229520911,5473,20261003,direct,vendor_covariate,test
80,3.89083994510686,8898,6.1165550637243395,5401,20261003,direct,vendor_covariate,test
81,1.916434424384584,8898,2.8792883547475503,5155,20261003,direct,vendor_covariate,test
82,0.9994710887268677,8898,1.3307085128161795,4384,20261003,direct,vendor_covariate,test
83,0.6424122316784575,8898,0.7782992967464034,3906,20261003,direct,vendor_covariate,test
84,0.8782520378634391,8898,1.065454429226765,3862,20261003,direct,vendor_covariate,test
85,0.7752393844176756,8898,0.9073876498246798,3862,20261003,direct,vendor_covariate,test
86,0.8089973447339056,8898,0.9665322319012674,3862,20261003,direct,vendor_covariate,test
87,0.7820885037837115,8898,0.9471050218357316,3862,20261003,direct,vendor_covariate,test
88,0.7388836864342674,8898,0.8954496664250224,3862,20261003,direct,vendor_covariate,test
89,0.7126468150725952,8898,0.801053094650136,3862,20261003,direct,vendor_covariate,test
90,0.7411755118079468,8898,0.7728851292608379,3862,20261003,direct,vendor_covariate,test
91,0.805549004939727,8898,0.8335214573012184,3862,20261003,direct,vendor_covariate,test
92,0.8271970534770442,8898,0.8279710852076574,3862,20261003,direct,vendor_covariate,test
93,0.8453173112554593,8898,0.7694778597182033,3862,20261003,direct,vendor_covariate,test
94,0.8481826341986676,8898,0.7107242130395169,3862,20261003,direct,vendor_covariate,test
95,0.7809686328948656,8898,0.6912356301802604,3862,20261003,direct,vendor_covariate,test
96,0.7416933978302582,8898,0.7222375103240184,3862,20261003,direct,vendor_covariate,test
1,0.5534927275269942,4421,0.472447371135473,2453,20261003,vendor_residual,target_only,calibration
2,0.8484476294357682,4421,1.212172127113352,2453,20261003,vendor_residual,target_only,calibration
3,1.097190561642654,4421,1.8373849376715465,2453,20261003,vendor_residual,target_only,calibration
4,1.4992634203907265,4421,2.5668738839874115,2453,20261003,vendor_residual,target_only,calibration
5,1.835349203357928,4421,3.1735914058797667,2453,20261003,vendor_residual,target_only,calibration
6,2.0109146231431985,4421,3.4863116945153543,2453,20261003,vendor_residual,target_only,calibration
7,2.4401615308069196,4421,4.257477916317927,2453,20261003,vendor_residual,target_only,calibration
8,2.528419047922593,4421,4.415690181558383,2453,20261003,vendor_residual,target_only,calibration
9,2.681914517579078,4421,4.642099750439036,2453,20261003,vendor_residual,target_only,calibration
10,2.5389517992735438,4421,4.407913373186775,2453,20261003,vendor_residual,target_only,calibration
11,2.4965681972745126,4421,4.347353519414712,2453,20261003,vendor_residual,target_only,calibration
12,2.696115177131401,4421,4.657934104684652,2430,20261003,vendor_residual,target_only,calibration
13,2.6256901305826124,4421,4.540026190195045,2430,20261003,vendor_residual,target_only,calibration
14,2.6176943867047604,4421,4.495499645467109,2438,20261003,vendor_residual,target_only,calibration
15,2.6529611518355964,4421,4.461728984417409,2430,20261003,vendor_residual,target_only,calibration
16,3.056981569568389,4421,5.3224460306749855,2430,20261003,vendor_residual,target_only,calibration
17,3.1818296635213295,4421,5.500753381138968,2430,20261003,vendor_residual,target_only,calibration
18,3.309953892407472,4421,5.728953883578041,2430,20261003,vendor_residual,target_only,calibration
19,3.12134598826813,4421,5.311951941255971,2430,20261003,vendor_residual,target_only,calibration
20,3.3261160317015417,4421,5.733207480794609,2431,20261003,vendor_residual,target_only,calibration
21,2.955714128900014,4421,5.059083084196656,2431,20261003,vendor_residual,target_only,calibration
22,3.054448075835776,4421,5.247497094026029,2431,20261003,vendor_residual,target_only,calibration
23,3.1399093838901004,4421,5.333528591817186,2431,20261003,vendor_residual,target_only,calibration
24,2.9366654546926805,4421,4.972498166347662,2431,20261003,vendor_residual,target_only,calibration
25,2.933356455370177,4421,4.7200309770379425,2577,20261003,vendor_residual,target_only,calibration
26,3.6881097909465788,4421,4.746580855294228,3400,20261003,vendor_residual,target_only,calibration
27,4.547339735795505,4421,5.596051502200913,3589,20261003,vendor_residual,target_only,calibration
28,5.792784028281829,4421,6.9869083342337985,3663,20261003,vendor_residual,target_only,calibration
29,13.005303043068915,4421,14.149485226314006,4061,20261003,vendor_residual,target_only,calibration
30,21.673020786396382,4421,22.87279755905748,4188,20261003,vendor_residual,target_only,calibration
31,29.342772549148556,4421,29.693408308706044,4368,20261003,vendor_residual,target_only,calibration
32,45.968496389029966,4421,45.968496389029966,4421,20261003,vendor_residual,target_only,calibration
33,56.39567744832588,4421,56.39567744832588,4421,20261003,vendor_residual,target_only,calibration
34,70.08541194711641,4421,70.08541194711641,4421,20261003,vendor_residual,target_only,calibration
35,83.11543977660341,4421,83.11543977660341,4421,20261003,vendor_residual,target_only,calibration
36,91.46892102165062,4421,91.46892102165062,4421,20261003,vendor_residual,target_only,calibration
37,99.00722671352658,4421,99.00722671352658,4421,20261003,vendor_residual,target_only,calibration
38,111.36344133342115,4421,111.36344133342115,4421,20261003,vendor_residual,target_only,calibration
39,121.1606733803665,4421,121.1606733803665,4421,20261003,vendor_residual,target_only,calibration
40,115.9455049871221,4421,115.9455049871221,4421,20261003,vendor_residual,target_only,calibration
41,117.8883944000048,4421,117.8883944000048,4421,20261003,vendor_residual,target_only,calibration
42,131.9869408402772,4421,131.9869408402772,4421,20261003,vendor_residual,target_only,calibration
43,143.8539990404211,4421,143.8539990404211,4421,20261003,vendor_residual,target_only,calibration
44,132.3768200401052,4421,132.3768200401052,4421,20261003,vendor_residual,target_only,calibration
45,134.0021130587958,4421,134.0021130587958,4421,20261003,vendor_residual,target_only,calibration
46,130.5716347138464,4421,130.5716347138464,4421,20261003,vendor_residual,target_only,calibration
47,142.02409230400508,4421,142.02409230400508,4421,20261003,vendor_residual,target_only,calibration
48,140.54816335139424,4421,140.54816335139424,4421,20261003,vendor_residual,target_only,calibration
49,135.29854883355796,4421,135.29854883355796,4421,20261003,vendor_residual,target_only,calibration
50,149.09900018722053,4421,149.09900018722053,4421,20261003,vendor_residual,target_only,calibration
51,154.45238032454662,4421,154.45238032454662,4421,20261003,vendor_residual,target_only,calibration
52,153.63715759436846,4421,153.63715759436846,4421,20261003,vendor_residual,target_only,calibration
53,156.695481308532,4421,156.695481308532,4421,20261003,vendor_residual,target_only,calibration
54,159.46977494701184,4421,159.46977494701184,4421,20261003,vendor_residual,target_only,calibration
55,146.79128493534324,4421,146.79128493534324,4421,20261003,vendor_residual,target_only,calibration
56,150.42544308200684,4421,150.42544308200684,4421,20261003,vendor_residual,target_only,calibration
57,146.58229008442677,4421,146.58229008442677,4421,20261003,vendor_residual,target_only,calibration
58,141.31836656754447,4421,141.31836656754447,4421,20261003,vendor_residual,target_only,calibration
59,138.7765542442702,4421,138.7765542442702,4421,20261003,vendor_residual,target_only,calibration
60,145.61928245230166,4421,145.61928245230166,4421,20261003,vendor_residual,target_only,calibration
61,135.0280862166763,4421,135.0280862166763,4421,20261003,vendor_residual,target_only,calibration
62,136.06287110566075,4421,136.06287110566075,4421,20261003,vendor_residual,target_only,calibration
63,133.01366110514604,4421,133.01366110514604,4421,20261003,vendor_residual,target_only,calibration
64,120.13229988554401,4421,120.13229988554401,4421,20261003,vendor_residual,target_only,calibration
65,105.38139848718419,4421,105.38139848718419,4421,20261003,vendor_residual,target_only,calibration
66,98.72861136881583,4421,98.72861136881583,4421,20261003,vendor_residual,target_only,calibration
67,90.15539205371937,4421,90.17578920124284,4420,20261003,vendor_residual,target_only,calibration
68,79.96137388661519,4421,80.24726217827357,4405,20261003,vendor_residual,target_only,calibration
69,61.44154282703796,4421,61.82280461193874,4393,20261003,vendor_residual,target_only,calibration
70,52.449048272598716,4421,53.526423723877265,4330,20261003,vendor_residual,target_only,calibration
71,47.98844240979932,4421,49.264060986706845,4306,20261003,vendor_residual,target_only,calibration
72,39.1102666270414,4421,40.167861428091776,4304,20261003,vendor_residual,target_only,calibration
73,26.74875698119318,4421,27.497309946605434,4299,20261003,vendor_residual,target_only,calibration
74,20.208872977327722,4421,20.817719181100745,4288,20261003,vendor_residual,target_only,calibration
75,16.84336564819533,4421,17.67122229885243,4204,20261003,vendor_residual,target_only,calibration
76,11.892300324877052,4421,13.050837428534615,4021,20261003,vendor_residual,target_only,calibration
77,7.251816691772112,4421,8.01511515925661,3998,20261003,vendor_residual,target_only,calibration
78,5.041802886148659,4421,5.590756623868374,3985,20261003,vendor_residual,target_only,calibration
79,3.3908685553864286,4421,4.0329507558074695,3710,20261003,vendor_residual,target_only,calibration
80,3.3539934435656686,4421,4.158259283012494,3548,20261003,vendor_residual,target_only,calibration
81,2.942308918493776,4421,3.955891487739998,3245,20261003,vendor_residual,target_only,calibration
82,2.5705316795991706,4421,3.9968559538033714,2746,20261003,vendor_residual,target_only,calibration
83,2.8713896914995485,4421,5.0174556390611516,2476,20261003,vendor_residual,target_only,calibration
84,2.6853552404710803,4421,4.791677076287506,2430,20261003,vendor_residual,target_only,calibration
85,2.709260788376156,4421,4.83623834509276,2430,20261003,vendor_residual,target_only,calibration
86,2.654509753354177,4421,4.74188749882864,2430,20261003,vendor_residual,target_only,calibration
87,2.695019962096481,4421,4.822825962506281,2430,20261003,vendor_residual,target_only,calibration
88,2.6646796161014965,4421,4.764061440878314,2430,20261003,vendor_residual,target_only,calibration
89,2.7230812469557626,4421,4.891746750547179,2430,20261003,vendor_residual,target_only,calibration
90,2.791318371181739,4421,5.020932599529049,2430,20261003,vendor_residual,target_only,calibration
91,2.8200290967199786,4421,5.0792361436714515,2430,20261003,vendor_residual,target_only,calibration
92,2.675114745687604,4421,4.824459108705307,2430,20261003,vendor_residual,target_only,calibration
93,2.877813755698956,4421,5.181132727598296,2430,20261003,vendor_residual,target_only,calibration
94,2.9729823218111906,4421,5.35401276355502,2430,20261003,vendor_residual,target_only,calibration
95,3.023643202769084,4421,5.444549223617746,2430,20261003,vendor_residual,target_only,calibration
96,2.5944083678603844,4421,4.684980299859595,2430,20261003,vendor_residual,target_only,calibration
1,1.5625388521870553,8898,1.6970876152741599,3866,20261003,vendor_residual,target_only,test
2,1.6715293057951028,8898,2.6232281855184176,3866,20261003,vendor_residual,target_only,test
3,1.7267159127627376,8898,3.353543553958838,3866,20261003,vendor_residual,target_only,test
4,2.048338080133352,8898,4.0933652296886365,3866,20261003,vendor_residual,target_only,test
5,2.203370128673969,8898,4.469881810148165,3866,20261003,vendor_residual,target_only,test
6,2.446253453918639,8898,5.038630631055507,3866,20261003,vendor_residual,target_only,test
7,2.6981913812457625,8898,5.586521953597291,3866,20261003,vendor_residual,target_only,test
8,2.566102635775726,8898,5.400062022409708,3866,20261003,vendor_residual,target_only,test
9,2.8691126888739653,8898,5.8267847471736784,3866,20261003,vendor_residual,target_only,test
10,2.851537277010101,8898,5.890134219100084,3866,20261003,vendor_residual,target_only,test
11,2.897807058363493,8898,5.989673526768162,3866,20261003,vendor_residual,target_only,test
12,3.3954954636238734,8898,6.7237013689455,3862,20261003,vendor_residual,target_only,test
13,3.2213075461672966,8898,6.3475352527452165,3862,20261003,vendor_residual,target_only,test
14,3.4669781209647996,8898,6.847267259448533,3868,20261003,vendor_residual,target_only,test
15,3.528667326261083,8898,6.149548413020118,3862,20261003,vendor_residual,target_only,test
16,3.257453664249143,8898,6.204157711782361,3862,20261003,vendor_residual,target_only,test
17,3.4536812241551273,8898,6.516596881426887,3862,20261003,vendor_residual,target_only,test
18,3.453837256902217,8898,6.190081504405081,3862,20261003,vendor_residual,target_only,test
19,3.6870778541769202,8898,6.445178059857688,3862,20261003,vendor_residual,target_only,test
20,3.4451725597229697,8898,5.860518329819835,3865,20261003,vendor_residual,target_only,test
21,3.5517088878007215,8898,6.073755029476047,3865,20261003,vendor_residual,target_only,test
22,3.4470493610477115,8898,5.931814958837322,3865,20261003,vendor_residual,target_only,test
23,3.7854973205205,8898,6.3137017580709465,3865,20261003,vendor_residual,target_only,test
24,3.666919273275641,8898,5.950091113380842,3865,20261003,vendor_residual,target_only,test
25,3.808581342488964,8898,6.3185470527501035,4107,20261003,vendor_residual,target_only,test
26,5.586649886900634,8898,9.0349901345252,5233,20261003,vendor_residual,target_only,test
27,8.022633522142144,8898,12.904722363117129,5459,20261003,vendor_residual,target_only,test
28,11.05626472190564,8898,16.856848669702362,5794,20261003,vendor_residual,target_only,test
29,17.51733233201699,8898,22.49680503899466,6898,20261003,vendor_residual,target_only,test
30,25.01746475622045,8898,27.372636834743243,8126,20261003,vendor_residual,target_only,test
31,39.34795098338361,8898,39.7433151441732,8809,20261003,vendor_residual,target_only,test
32,46.980511920070185,8898,46.980511920070185,8898,20261003,vendor_residual,target_only,test
33,64.85023015785937,8898,64.85023015785937,8898,20261003,vendor_residual,target_only,test
34,77.43530398370908,8898,77.43530398370908,8898,20261003,vendor_residual,target_only,test
35,88.56299720568802,8898,88.56299720568802,8898,20261003,vendor_residual,target_only,test
36,98.65339136606198,8898,98.65339136606198,8898,20261003,vendor_residual,target_only,test
37,107.05352257142908,8898,107.05352257142908,8898,20261003,vendor_residual,target_only,test
38,122.6174540550679,8898,122.6174540550679,8898,20261003,vendor_residual,target_only,test
39,142.12315721601965,8898,142.12315721601965,8898,20261003,vendor_residual,target_only,test
40,153.06534583091238,8898,153.06534583091238,8898,20261003,vendor_residual,target_only,test
41,161.55796779943336,8898,161.55796779943336,8898,20261003,vendor_residual,target_only,test
42,169.34880713665098,8898,169.34880713665098,8898,20261003,vendor_residual,target_only,test
43,172.21574637387533,8898,172.21574637387533,8898,20261003,vendor_residual,target_only,test
44,170.03565232166696,8898,170.03565232166696,8898,20261003,vendor_residual,target_only,test
45,178.14187012686673,8898,178.14187012686673,8898,20261003,vendor_residual,target_only,test
46,189.26205384301542,8898,189.26205384301542,8898,20261003,vendor_residual,target_only,test
47,195.95564467896918,8898,195.95564467896918,8898,20261003,vendor_residual,target_only,test
48,196.8291508726349,8898,196.8291508726349,8898,20261003,vendor_residual,target_only,test
49,204.62970925619032,8898,204.62970925619032,8898,20261003,vendor_residual,target_only,test
50,213.68491636635753,8898,213.68491636635753,8898,20261003,vendor_residual,target_only,test
51,213.45235549917226,8898,213.45235549917226,8898,20261003,vendor_residual,target_only,test
52,193.68958456068677,8898,193.68958456068677,8898,20261003,vendor_residual,target_only,test
53,203.721730598583,8898,203.721730598583,8898,20261003,vendor_residual,target_only,test
54,195.98656811254068,8898,195.98656811254068,8898,20261003,vendor_residual,target_only,test
55,195.70085784936182,8898,195.70085784936182,8898,20261003,vendor_residual,target_only,test
56,199.93742097665074,8898,199.93742097665074,8898,20261003,vendor_residual,target_only,test
57,181.7816884275405,8898,181.7816884275405,8898,20261003,vendor_residual,target_only,test
58,202.07918714935516,8898,202.07918714935516,8898,20261003,vendor_residual,target_only,test
59,186.44592057905012,8898,186.44592057905012,8898,20261003,vendor_residual,target_only,test
60,197.8296094756568,8898,197.8296094756568,8898,20261003,vendor_residual,target_only,test
61,180.7468910025503,8898,180.7468910025503,8898,20261003,vendor_residual,target_only,test
62,180.41632823832182,8898,180.41632823832182,8898,20261003,vendor_residual,target_only,test
63,177.44640161396924,8898,177.44640161396924,8898,20261003,vendor_residual,target_only,test
64,169.3314458192063,8898,169.3314458192063,8898,20261003,vendor_residual,target_only,test
65,162.31304198688983,8898,162.31304198688983,8898,20261003,vendor_residual,target_only,test
66,148.35067446456102,8898,148.35067446456102,8898,20261003,vendor_residual,target_only,test
67,139.75143448163846,8898,139.75143448163846,8898,20261003,vendor_residual,target_only,test
68,138.32393902111033,8898,139.11292120617804,8847,20261003,vendor_residual,target_only,test
69,115.59505462117693,8898,119.68985180848671,8590,20261003,vendor_residual,target_only,test
70,107.06552282441433,8898,119.91371248761413,7935,20261003,vendor_residual,target_only,test
71,91.25912684283135,8898,104.93834804816387,7735,20261003,vendor_residual,target_only,test
72,75.73796981195805,8898,87.05552511803108,7735,20261003,vendor_residual,target_only,test
73,62.29896253910997,8898,71.74428110409319,7720,20261003,vendor_residual,target_only,test
74,46.89637570656319,8898,54.28151933868905,7676,20261003,vendor_residual,target_only,test
75,42.041958483241245,8898,50.89004121855471,7337,20261003,vendor_residual,target_only,test
76,27.163939225934715,8898,34.940746560083106,6903,20261003,vendor_residual,target_only,test
77,18.176914183915247,8898,24.333532650271966,6637,20261003,vendor_residual,target_only,test
78,11.997857327638222,8898,16.348875015536585,6510,20261003,vendor_residual,target_only,test
79,6.510946173693042,8898,10.478840634858658,5473,20261003,vendor_residual,target_only,test
80,5.106402769285744,8898,8.272063328804608,5401,20261003,vendor_residual,target_only,test
81,3.4355902715412014,8898,5.683542379240301,5155,20261003,vendor_residual,target_only,test
82,2.0972251453826063,8898,3.6265072381466137,4384,20261003,vendor_residual,target_only,test
83,2.266556472786883,8898,4.456738118406257,3906,20261003,vendor_residual,target_only,test
84,1.8711050518215453,8898,3.655019785620823,3862,20261003,vendor_residual,target_only,test
85,1.8710085992851104,8898,3.611654367146777,3862,20261003,vendor_residual,target_only,test
86,1.8808223615645099,8898,3.628361031497119,3862,20261003,vendor_residual,target_only,test
87,1.7938060340030186,8898,3.5010113726077763,3862,20261003,vendor_residual,target_only,test
88,1.7796011130769622,8898,3.4180783881832184,3862,20261003,vendor_residual,target_only,test
89,1.624493113526079,8898,3.2495938087203444,3862,20261003,vendor_residual,target_only,test
90,1.604638513771341,8898,3.2482998076210374,3862,20261003,vendor_residual,target_only,test
91,1.5980853165269757,8898,3.272601923407639,3862,20261003,vendor_residual,target_only,test
92,1.476471137010118,8898,3.0496322559750437,3862,20261003,vendor_residual,target_only,test
93,1.661090473807035,8898,3.3940478593794943,3862,20261003,vendor_residual,target_only,test
94,1.6857078383500816,8898,3.468725128860212,3862,20261003,vendor_residual,target_only,test
95,1.5989836942916642,8898,3.2283107487577416,3862,20261003,vendor_residual,target_only,test
96,1.485109193853102,8898,3.131146343672819,3862,20261003,vendor_residual,target_only,test
1,0.6304542846482847,4421,0.9621592730483441,2453,20261003,vendor_residual,vendor_covariate,calibration
2,1.348222884928784,4421,2.4018275966169975,2453,20261003,vendor_residual,vendor_covariate,calibration
3,1.7217961611765804,4421,3.092640204402484,2453,20261003,vendor_residual,vendor_covariate,calibration
4,1.971815278986469,4421,3.5421413379937565,2453,20261003,vendor_residual,vendor_covariate,calibration
5,2.462071127508925,4421,4.431403434066169,2453,20261003,vendor_residual,vendor_covariate,calibration
6,2.700767227506612,4421,4.86386732868239,2453,20261003,vendor_residual,vendor_covariate,calibration
7,2.757203615195929,4421,4.96606496394708,2453,20261003,vendor_residual,vendor_covariate,calibration
8,2.6981371150442537,4421,4.8604201501760445,2453,20261003,vendor_residual,vendor_covariate,calibration
9,2.818202211408969,4421,5.0773922600152215,2453,20261003,vendor_residual,vendor_covariate,calibration
10,2.7103569301704122,4421,4.8781618285089685,2453,20261003,vendor_residual,vendor_covariate,calibration
11,2.719587880735503,4421,4.893155846559498,2453,20261003,vendor_residual,vendor_covariate,calibration
12,2.8598279442009975,4421,5.187322250882033,2430,20261003,vendor_residual,vendor_covariate,calibration
13,2.630932147762014,4421,4.77363096571972,2430,20261003,vendor_residual,vendor_covariate,calibration
14,2.609433290224524,4421,4.715915703425761,2438,20261003,vendor_residual,vendor_covariate,calibration
15,2.6249233432017434,4421,4.761515593275988,2430,20261003,vendor_residual,vendor_covariate,calibration
16,2.90965164791025,4421,5.280583029740141,2430,20261003,vendor_residual,vendor_covariate,calibration
17,2.71457966906719,4421,4.928004937083748,2430,20261003,vendor_residual,vendor_covariate,calibration
18,2.32287682031916,4421,4.219779614158121,2430,20261003,vendor_residual,vendor_covariate,calibration
19,2.1404780651421853,4421,3.886871174901509,2430,20261003,vendor_residual,vendor_covariate,calibration
20,2.2552419390770706,4421,4.0955077975048635,2431,20261003,vendor_residual,vendor_covariate,calibration
21,2.4889836338350477,4421,4.520273730478314,2431,20261003,vendor_residual,vendor_covariate,calibration
22,2.5815597368115983,4421,4.686161877888365,2431,20261003,vendor_residual,vendor_covariate,calibration
23,2.28884930271574,4421,4.154391872339527,2431,20261003,vendor_residual,vendor_covariate,calibration
24,2.5719179531689007,4421,4.667128230345863,2431,20261003,vendor_residual,vendor_covariate,calibration
25,2.522164689452735,4421,4.31731835906392,2577,20261003,vendor_residual,vendor_covariate,calibration
26,3.1419168104220736,4421,4.083461069266212,3400,20261003,vendor_residual,vendor_covariate,calibration
27,4.307331786885119,4421,5.3002082087498135,3589,20261003,vendor_residual,vendor_covariate,calibration
28,6.196714977172306,4421,7.475801541326752,3663,20261003,vendor_residual,vendor_covariate,calibration
29,13.64698478760743,4421,14.853767373868264,4061,20261003,vendor_residual,vendor_covariate,calibration
30,21.640664453415074,4421,22.84459458822096,4188,20261003,vendor_residual,vendor_covariate,calibration
31,30.305326656966216,4421,30.673032385167165,4368,20261003,vendor_residual,vendor_covariate,calibration
32,52.84771742504886,4421,52.84771742504886,4421,20261003,vendor_residual,vendor_covariate,calibration
33,62.79322111661533,4421,62.79322111661533,4421,20261003,vendor_residual,vendor_covariate,calibration
34,76.62883890840794,4421,76.62883890840794,4421,20261003,vendor_residual,vendor_covariate,calibration
35,89.66410894898411,4421,89.66410894898411,4421,20261003,vendor_residual,vendor_covariate,calibration
36,95.44683027323296,4421,95.44683027323296,4421,20261003,vendor_residual,vendor_covariate,calibration
37,103.29339806782521,4421,103.29339806782521,4421,20261003,vendor_residual,vendor_covariate,calibration
38,111.16396241579984,4421,111.16396241579984,4421,20261003,vendor_residual,vendor_covariate,calibration
39,119.5334080564729,4421,119.5334080564729,4421,20261003,vendor_residual,vendor_covariate,calibration
40,111.38834062891492,4421,111.38834062891492,4421,20261003,vendor_residual,vendor_covariate,calibration
41,118.97285834368103,4421,118.97285834368103,4421,20261003,vendor_residual,vendor_covariate,calibration
42,141.75929687020098,4421,141.75929687020098,4421,20261003,vendor_residual,vendor_covariate,calibration
43,153.93952327241809,4421,153.93952327241809,4421,20261003,vendor_residual,vendor_covariate,calibration
44,143.16152802790478,4421,143.16152802790478,4421,20261003,vendor_residual,vendor_covariate,calibration
45,137.04109600054,4421,137.04109600054,4421,20261003,vendor_residual,vendor_covariate,calibration
46,143.0237438456489,4421,143.0237438456489,4421,20261003,vendor_residual,vendor_covariate,calibration
47,155.6739239334435,4421,155.6739239334435,4421,20261003,vendor_residual,vendor_covariate,calibration
48,146.3921693166647,4421,146.3921693166647,4421,20261003,vendor_residual,vendor_covariate,calibration
49,141.50469795550632,4421,141.50469795550632,4421,20261003,vendor_residual,vendor_covariate,calibration
50,152.28100862454204,4421,152.28100862454204,4421,20261003,vendor_residual,vendor_covariate,calibration
51,164.38983201562107,4421,164.38983201562107,4421,20261003,vendor_residual,vendor_covariate,calibration
52,162.83930574609568,4421,162.83930574609568,4421,20261003,vendor_residual,vendor_covariate,calibration
53,163.763688212835,4421,163.763688212835,4421,20261003,vendor_residual,vendor_covariate,calibration
54,161.6895229394889,4421,161.6895229394889,4421,20261003,vendor_residual,vendor_covariate,calibration
55,147.1213273470481,4421,147.1213273470481,4421,20261003,vendor_residual,vendor_covariate,calibration
56,145.64774084478557,4421,145.64774084478557,4421,20261003,vendor_residual,vendor_covariate,calibration
57,152.2110109111898,4421,152.2110109111898,4421,20261003,vendor_residual,vendor_covariate,calibration
58,144.9162149673699,4421,144.9162149673699,4421,20261003,vendor_residual,vendor_covariate,calibration
59,144.0117794867845,4421,144.0117794867845,4421,20261003,vendor_residual,vendor_covariate,calibration
60,148.4562683983344,4421,148.4562683983344,4421,20261003,vendor_residual,vendor_covariate,calibration
61,141.68913989281904,4421,141.68913989281904,4421,20261003,vendor_residual,vendor_covariate,calibration
62,143.17673985533065,4421,143.17673985533065,4421,20261003,vendor_residual,vendor_covariate,calibration
63,142.2648257621524,4421,142.2648257621524,4421,20261003,vendor_residual,vendor_covariate,calibration
64,124.74193028603695,4421,124.74193028603695,4421,20261003,vendor_residual,vendor_covariate,calibration
65,108.81161528182534,4421,108.81161528182534,4421,20261003,vendor_residual,vendor_covariate,calibration
66,102.41471604762819,4421,102.41471604762819,4421,20261003,vendor_residual,vendor_covariate,calibration
67,104.63918598111952,4421,104.66286000509716,4420,20261003,vendor_residual,vendor_covariate,calibration
68,79.77589646227132,4421,80.06228169089238,4405,20261003,vendor_residual,vendor_covariate,calibration
69,65.64858522687905,4421,66.06334457836931,4393,20261003,vendor_residual,vendor_covariate,calibration
70,61.2581356595507,4421,62.536873993934904,4330,20261003,vendor_residual,vendor_covariate,calibration
71,56.187783019182454,4421,57.68573685266434,4306,20261003,vendor_residual,vendor_covariate,calibration
72,41.36916906298932,4421,42.49295351202257,4304,20261003,vendor_residual,vendor_covariate,calibration
73,27.42841624474071,4421,28.20032272657839,4299,20261003,vendor_residual,vendor_covariate,calibration
74,21.21256874126481,4421,21.86648144418594,4288,20261003,vendor_residual,vendor_covariate,calibration
75,18.312735740692556,4421,19.25640825570121,4204,20261003,vendor_residual,vendor_covariate,calibration
76,12.763486134335198,4421,14.024786743571703,4021,20261003,vendor_residual,vendor_covariate,calibration
77,8.10464633029461,4421,8.950775660025801,3998,20261003,vendor_residual,vendor_covariate,calibration
78,6.6888499993418975,4421,7.407011388547758,3985,20261003,vendor_residual,vendor_covariate,calibration
79,5.11611743832114,4421,6.085397888429719,3710,20261003,vendor_residual,vendor_covariate,calibration
80,5.097565514976404,4421,6.332769712025667,3548,20261003,vendor_residual,vendor_covariate,calibration
81,4.716331085724661,4421,6.400817729468775,3245,20261003,vendor_residual,vendor_covariate,calibration
82,4.360066393788813,4421,6.9791501330251045,2746,20261003,vendor_residual,vendor_covariate,calibration
83,4.457429153441513,4421,7.914888878003365,2476,20261003,vendor_residual,vendor_covariate,calibration
84,4.43318554536533,4421,8.027981179743362,2430,20261003,vendor_residual,vendor_covariate,calibration
85,4.1335425343546115,4421,7.48543385640649,2430,20261003,vendor_residual,vendor_covariate,calibration
86,4.1630338004032295,4421,7.53791791694507,2430,20261003,vendor_residual,vendor_covariate,calibration
87,4.125513946282762,4421,7.4713626993197275,2430,20261003,vendor_residual,vendor_covariate,calibration
88,3.8957135272532266,4421,7.056290798853324,2430,20261003,vendor_residual,vendor_covariate,calibration
89,3.959598001532949,4421,7.177057177009283,2430,20261003,vendor_residual,vendor_covariate,calibration
90,3.864647500303173,4421,7.005955255482875,2430,20261003,vendor_residual,vendor_covariate,calibration
91,3.81657934129279,4421,6.925421243996087,2430,20261003,vendor_residual,vendor_covariate,calibration
92,3.6402095797190155,4421,6.610481554605143,2430,20261003,vendor_residual,vendor_covariate,calibration
93,3.7804461077017444,4421,6.86282639786076,2430,20261003,vendor_residual,vendor_covariate,calibration
94,3.8127564591268146,4421,6.925011843921992,2430,20261003,vendor_residual,vendor_covariate,calibration
95,4.031990634855642,4421,7.32738343889024,2430,20261003,vendor_residual,vendor_covariate,calibration
96,3.4865812332217923,4421,6.3432671475216535,2430,20261003,vendor_residual,vendor_covariate,calibration
1,0.4795598027961363,8898,0.30000590893393697,3866,20261003,vendor_residual,vendor_covariate,test
2,0.3708468569861767,8898,0.718501912954671,3866,20261003,vendor_residual,vendor_covariate,test
3,0.5863544600223944,8898,1.2993016270680937,3866,20261003,vendor_residual,vendor_covariate,test
4,0.7534901833703728,8898,1.6582114494787996,3866,20261003,vendor_residual,vendor_covariate,test
5,0.9335188265019005,8898,2.102185161888481,3866,20261003,vendor_residual,vendor_covariate,test
6,0.92091338406296,8898,2.087905373930424,3866,20261003,vendor_residual,vendor_covariate,test
7,0.8873836564442914,8898,2.0093978560622157,3866,20261003,vendor_residual,vendor_covariate,test
8,0.980328445477875,8898,2.237067349930571,3866,20261003,vendor_residual,vendor_covariate,test
9,0.9959561396322689,8898,2.2788656841572306,3866,20261003,vendor_residual,vendor_covariate,test
10,1.2396667544570077,8898,2.814374982245918,3866,20261003,vendor_residual,vendor_covariate,test
11,1.1011942056705075,8898,2.4736766455358015,3866,20261003,vendor_residual,vendor_covariate,test
12,1.1212206601159505,8898,2.510245910579859,3862,20261003,vendor_residual,vendor_covariate,test
13,1.0303557290098537,8898,2.313083632078621,3862,20261003,vendor_residual,vendor_covariate,test
14,1.6221527253802843,8898,3.6465781988677963,3868,20261003,vendor_residual,vendor_covariate,test
15,1.294584461822056,8898,2.902421696021912,3862,20261003,vendor_residual,vendor_covariate,test
16,1.3423678353030193,8898,3.0242665844156114,3862,20261003,vendor_residual,vendor_covariate,test
17,1.179055202160999,8898,2.6601670384189102,3862,20261003,vendor_residual,vendor_covariate,test
18,1.0724707853021722,8898,2.4367437420232276,3862,20261003,vendor_residual,vendor_covariate,test
19,0.9110632998515364,8898,2.065524761951714,3862,20261003,vendor_residual,vendor_covariate,test
20,0.8835954009813283,8898,1.998891422183724,3865,20261003,vendor_residual,vendor_covariate,test
21,0.8478326711402907,8898,1.9156489470157951,3865,20261003,vendor_residual,vendor_covariate,test
22,0.9613405397962226,8898,2.1451982741383895,3865,20261003,vendor_residual,vendor_covariate,test
23,0.8681819157131794,8898,1.93554396966453,3865,20261003,vendor_residual,vendor_covariate,test
24,0.9014731784261864,8898,1.9783322994243944,3865,20261003,vendor_residual,vendor_covariate,test
25,1.0624565551798157,8898,2.205707202406741,4107,20261003,vendor_residual,vendor_covariate,test
26,3.3253959546139202,8898,5.611119525064968,5233,20261003,vendor_residual,vendor_covariate,test
27,6.1272353008771505,8898,9.930828819130843,5459,20261003,vendor_residual,vendor_covariate,test
28,10.09309814245564,8898,15.4602421387898,5794,20261003,vendor_residual,vendor_covariate,test
29,17.02845101723524,8898,21.890886190607418,6898,20261003,vendor_residual,vendor_covariate,test
30,24.3559403354175,8898,26.643885161070507,8126,20261003,vendor_residual,vendor_covariate,test
31,38.7679561103887,8898,39.159640534707535,8809,20261003,vendor_residual,vendor_covariate,test
32,48.6411805649269,8898,48.6411805649269,8898,20261003,vendor_residual,vendor_covariate,test
33,59.76768143859231,8898,59.76768143859231,8898,20261003,vendor_residual,vendor_covariate,test
34,72.29190245185201,8898,72.29190245185201,8898,20261003,vendor_residual,vendor_covariate,test
35,86.904079749965,8898,86.904079749965,8898,20261003,vendor_residual,vendor_covariate,test
36,93.04578711180483,8898,93.04578711180483,8898,20261003,vendor_residual,vendor_covariate,test
37,98.92501693119958,8898,98.92501693119958,8898,20261003,vendor_residual,vendor_covariate,test
38,112.08059152201577,8898,112.08059152201577,8898,20261003,vendor_residual,vendor_covariate,test
39,130.03687036259436,8898,130.03687036259436,8898,20261003,vendor_residual,vendor_covariate,test
40,145.18484745599523,8898,145.18484745599523,8898,20261003,vendor_residual,vendor_covariate,test
41,154.49706407626633,8898,154.49706407626633,8898,20261003,vendor_residual,vendor_covariate,test
42,165.98400145374643,8898,165.98400145374643,8898,20261003,vendor_residual,vendor_covariate,test
43,176.73657572352147,8898,176.73657572352147,8898,20261003,vendor_residual,vendor_covariate,test
44,169.38133078066,8898,169.38133078066,8898,20261003,vendor_residual,vendor_covariate,test
45,172.1783052796252,8898,172.1783052796252,8898,20261003,vendor_residual,vendor_covariate,test
46,182.48786837028777,8898,182.48786837028777,8898,20261003,vendor_residual,vendor_covariate,test
47,187.524891839004,8898,187.524891839004,8898,20261003,vendor_residual,vendor_covariate,test
48,193.8044665955908,8898,193.8044665955908,8898,20261003,vendor_residual,vendor_covariate,test
49,192.79333470612704,8898,192.79333470612704,8898,20261003,vendor_residual,vendor_covariate,test
50,196.38858425340706,8898,196.38858425340706,8898,20261003,vendor_residual,vendor_covariate,test
51,195.66970524533247,8898,195.66970524533247,8898,20261003,vendor_residual,vendor_covariate,test
52,172.56017205587125,8898,172.56017205587125,8898,20261003,vendor_residual,vendor_covariate,test
53,188.57672104426376,8898,188.57672104426376,8898,20261003,vendor_residual,vendor_covariate,test
54,188.94078992206624,8898,188.94078992206624,8898,20261003,vendor_residual,vendor_covariate,test
55,185.32903911987418,8898,185.32903911987418,8898,20261003,vendor_residual,vendor_covariate,test
56,180.28231139344902,8898,180.28231139344902,8898,20261003,vendor_residual,vendor_covariate,test
57,170.71850500285407,8898,170.71850500285407,8898,20261003,vendor_residual,vendor_covariate,test
58,192.15357881908014,8898,192.15357881908014,8898,20261003,vendor_residual,vendor_covariate,test
59,177.10536664034214,8898,177.10536664034214,8898,20261003,vendor_residual,vendor_covariate,test
60,186.14382858985488,8898,186.14382858985488,8898,20261003,vendor_residual,vendor_covariate,test
61,174.44727830423105,8898,174.44727830423105,8898,20261003,vendor_residual,vendor_covariate,test
62,177.5891096633179,8898,177.5891096633179,8898,20261003,vendor_residual,vendor_covariate,test
63,182.09698931188294,8898,182.09698931188294,8898,20261003,vendor_residual,vendor_covariate,test
64,160.99228938703249,8898,160.99228938703249,8898,20261003,vendor_residual,vendor_covariate,test
65,151.92655304766544,8898,151.92655304766544,8898,20261003,vendor_residual,vendor_covariate,test
66,148.79991954855575,8898,148.79991954855575,8898,20261003,vendor_residual,vendor_covariate,test
67,156.42937376589046,8898,156.42937376589046,8898,20261003,vendor_residual,vendor_covariate,test
68,133.40320901346436,8898,134.1660189174271,8847,20261003,vendor_residual,vendor_covariate,test
69,118.35293583410522,8898,122.58464189087844,8590,20261003,vendor_residual,vendor_covariate,test
70,116.21243888943543,8898,130.26690752139368,7935,20261003,vendor_residual,vendor_covariate,test
71,103.46220145346359,8898,118.99600880922407,7735,20261003,vendor_residual,vendor_covariate,test
72,80.06316859161058,8898,92.08411128778991,7735,20261003,vendor_residual,vendor_covariate,test
73,64.56833741961512,8898,74.39025712377308,7720,20261003,vendor_residual,vendor_covariate,test
74,50.34972441208914,8898,58.34217212430111,7676,20261003,vendor_residual,vendor_covariate,test
75,44.27132027621012,8898,53.67541405543369,7337,20261003,vendor_residual,vendor_covariate,test
76,27.396951868477657,8898,35.299151716722406,6903,20261003,vendor_residual,vendor_covariate,test
77,17.946619855562883,8898,24.04103261614226,6637,20261003,vendor_residual,vendor_covariate,test
78,12.710381054849119,8898,17.35165901359025,6510,20261003,vendor_residual,vendor_covariate,test
79,6.765025809476948,8898,10.965788574256633,5473,20261003,vendor_residual,vendor_covariate,test
80,4.678976581336881,8898,7.672423824921658,5401,20261003,vendor_residual,vendor_covariate,test
81,2.9591824612949713,8898,5.065343965424693,5155,20261003,vendor_residual,vendor_covariate,test
82,1.853707730852052,8898,3.6654352722635073,4384,20261003,vendor_residual,vendor_covariate,test
83,2.023126460533909,8898,4.548003212514845,3906,20261003,vendor_residual,vendor_covariate,test
84,1.8328282712767685,8898,4.177563599941604,3862,20261003,vendor_residual,vendor_covariate,test
85,1.7377431738099764,8898,3.9613474684555574,3862,20261003,vendor_residual,vendor_covariate,test
86,1.703273407718381,8898,3.8741748279427455,3862,20261003,vendor_residual,vendor_covariate,test
87,1.729057845809855,8898,3.9362774709694652,3862,20261003,vendor_residual,vendor_covariate,test
88,1.6764588950335946,8898,3.8149248974492793,3862,20261003,vendor_residual,vendor_covariate,test
89,1.6160855361677806,8898,3.6810341689581376,3862,20261003,vendor_residual,vendor_covariate,test
90,1.5818579203571808,8898,3.6053881070265885,3862,20261003,vendor_residual,vendor_covariate,test
91,1.4866503804340054,8898,3.3927758450304935,3862,20261003,vendor_residual,vendor_covariate,test
92,1.4263971302536698,8898,3.2573048122213204,3862,20261003,vendor_residual,vendor_covariate,test
93,1.5336042416817786,8898,3.497858504623904,3862,20261003,vendor_residual,vendor_covariate,test
94,1.5367389310825235,8898,3.513820156077097,3862,20261003,vendor_residual,vendor_covariate,test
95,1.5486890409942686,8898,3.5468728298459786,3862,20261003,vendor_residual,vendor_covariate,test
96,1.0972102015014114,8898,2.5274248536525934,3862,20261003,vendor_residual,vendor_covariate,test
1,0.5749182999167769,4421,0.8892125391044085,2453,20261004,direct,target_only,calibration
2,0.781672248365288,4421,1.2160783647045135,2453,20261004,direct,target_only,calibration
3,0.9470390501998582,4421,1.501433746539181,2453,20261004,direct,target_only,calibration
4,0.7415180749967071,4421,1.1487864104645913,2453,20261004,direct,target_only,calibration
5,0.9579625196647075,4421,1.452394908952424,2453,20261004,direct,target_only,calibration
6,1.0673859876485108,4421,1.6574153878034692,2453,20261004,direct,target_only,calibration
7,0.9527322629058396,4421,1.4585266053142034,2453,20261004,direct,target_only,calibration
8,0.8633222177648296,4421,1.3215790400444805,2453,20261004,direct,target_only,calibration
9,0.794190177355645,4421,1.2157760664222317,2453,20261004,direct,target_only,calibration
10,0.7422488554267289,4421,1.1461677066480633,2453,20261004,direct,target_only,calibration
11,0.7611062215871601,4421,1.1708375387139773,2453,20261004,direct,target_only,calibration
12,0.6921636739859913,4421,1.0023228822789565,2430,20261004,direct,target_only,calibration
13,0.7322991901030774,4421,1.034771599077884,2430,20261004,direct,target_only,calibration
14,0.7261670658327395,4421,1.0562948028544015,2438,20261004,direct,target_only,calibration
15,0.6838957383871429,4421,1.0043736431885648,2430,20261004,direct,target_only,calibration
16,0.6050844865634547,4421,0.9431202560847188,2430,20261004,direct,target_only,calibration
17,0.6488402364321568,4421,0.9599316915671567,2430,20261004,direct,target_only,calibration
18,0.9704904080455159,4421,1.4361852728842217,2430,20261004,direct,target_only,calibration
19,0.9863889699161821,4421,1.472783976413095,2430,20261004,direct,target_only,calibration
20,0.9392386693684386,4421,1.4197995789810334,2431,20261004,direct,target_only,calibration
21,0.6757713182319737,4421,1.0072760642239926,2431,20261004,direct,target_only,calibration
22,0.9355092370543259,4421,1.3451765585866582,2431,20261004,direct,target_only,calibration
23,1.122783029849216,4421,1.5588860070169683,2431,20261004,direct,target_only,calibration
24,1.1359663720501159,4421,1.5623425134985947,2431,20261004,direct,target_only,calibration
25,1.2218083689569437,4421,1.6181555612465937,2577,20261004,direct,target_only,calibration
26,1.5354919798210303,4421,1.8599017470472266,3400,20261004,direct,target_only,calibration
27,2.8909099738649604,4421,3.4822240486394254,3589,20261004,direct,target_only,calibration
28,4.983374322777241,4421,5.884911398598135,3663,20261004,direct,target_only,calibration
29,10.446854527349918,4421,11.271130428437724,4061,20261004,direct,target_only,calibration
30,19.217039772153477,4421,20.161821694621448,4188,20261004,direct,target_only,calibration
31,31.44160569128455,4421,31.738868948226457,4368,20261004,direct,target_only,calibration
32,46.594522619774644,4421,46.594522619774644,4421,20261004,direct,target_only,calibration
33,62.094876193983474,4421,62.094876193983474,4421,20261004,direct,target_only,calibration
34,81.01552771674787,4421,81.01552771674787,4421,20261004,direct,target_only,calibration
35,99.23910241761746,4421,99.23910241761746,4421,20261004,direct,target_only,calibration
36,115.76490506639982,4421,115.76490506639982,4421,20261004,direct,target_only,calibration
37,134.51727489987482,4421,134.51727489987482,4421,20261004,direct,target_only,calibration
38,150.53172899119167,4421,150.53172899119167,4421,20261004,direct,target_only,calibration
39,166.0021563781987,4421,166.0021563781987,4421,20261004,direct,target_only,calibration
40,173.6725970221714,4421,173.6725970221714,4421,20261004,direct,target_only,calibration
41,176.74785362138377,4421,176.74785362138377,4421,20261004,direct,target_only,calibration
42,189.69232907900712,4421,189.69232907900712,4421,20261004,direct,target_only,calibration
43,200.35853839702727,4421,200.35853839702727,4421,20261004,direct,target_only,calibration
44,206.3345832363617,4421,206.3345832363617,4421,20261004,direct,target_only,calibration
45,205.2159453109699,4421,205.2159453109699,4421,20261004,direct,target_only,calibration
46,212.62439695732394,4421,212.62439695732394,4421,20261004,direct,target_only,calibration
47,224.31912301422292,4421,224.31912301422292,4421,20261004,direct,target_only,calibration
48,218.23789958326364,4421,218.23789958326364,4421,20261004,direct,target_only,calibration
49,220.10981438013863,4421,220.10981438013863,4421,20261004,direct,target_only,calibration
50,213.1866856053003,4421,213.1866856053003,4421,20261004,direct,target_only,calibration
51,220.04273955651038,4421,220.04273955651038,4421,20261004,direct,target_only,calibration
52,218.79494007197044,4421,218.79494007197044,4421,20261004,direct,target_only,calibration
53,212.37175331250577,4421,212.37175331250577,4421,20261004,direct,target_only,calibration
54,202.8456805601153,4421,202.8456805601153,4421,20261004,direct,target_only,calibration
55,199.3191982859051,4421,199.3191982859051,4421,20261004,direct,target_only,calibration
56,200.35663864606715,4421,200.35663864606715,4421,20261004,direct,target_only,calibration
57,207.94943509013424,4421,207.94943509013424,4421,20261004,direct,target_only,calibration
58,205.69491482500615,4421,205.69491482500615,4421,20261004,direct,target_only,calibration
59,194.38268180165733,4421,194.38268180165733,4421,20261004,direct,target_only,calibration
60,188.46733093087124,4421,188.46733093087124,4421,20261004,direct,target_only,calibration
61,170.32020053115468,4421,170.32020053115468,4421,20261004,direct,target_only,calibration
62,170.21482441792915,4421,170.21482441792915,4421,20261004,direct,target_only,calibration
63,170.85917141263408,4421,170.85917141263408,4421,20261004,direct,target_only,calibration
64,157.9975467770706,4421,157.9975467770706,4421,20261004,direct,target_only,calibration
65,138.1830720892928,4421,138.1830720892928,4421,20261004,direct,target_only,calibration
66,124.45133371125115,4421,124.45133371125115,4421,20261004,direct,target_only,calibration
67,111.80070353115937,4421,111.82570128889324,4420,20261004,direct,target_only,calibration
68,96.48413655150861,4421,96.68636515864914,4405,20261004,direct,target_only,calibration
69,76.85860141092179,4421,77.23241803060546,4393,20261004,direct,target_only,calibration
70,60.173472654641316,4421,61.302197707428725,4330,20261004,direct,target_only,calibration
71,43.38303337703225,4421,44.439883315476344,4306,20261004,direct,target_only,calibration
72,34.541301897518714,4421,35.41095564335545,4304,20261004,direct,target_only,calibration
73,29.714438657114336,4421,30.502076876462183,4299,20261004,direct,target_only,calibration
74,20.827534402362932,4421,21.418251928339284,4288,20261004,direct,target_only,calibration
75,16.388517892765805,4421,17.066974134651744,4204,20261004,direct,target_only,calibration
76,10.71351540620093,4421,11.326152668195228,4021,20261004,direct,target_only,calibration
77,7.801131857081574,4421,8.361002336949747,3998,20261004,direct,target_only,calibration
78,4.777764349521656,4421,5.182431761637783,3985,20261004,direct,target_only,calibration
79,2.664383248718625,4421,3.062050938156918,3710,20261004,direct,target_only,calibration
80,1.5743451554485566,4421,1.8624958261313849,3548,20261004,direct,target_only,calibration
81,0.963346321811013,4421,1.1941415487644937,3245,20261004,direct,target_only,calibration
82,0.846245128923276,4421,1.1310487419895772,2746,20261004,direct,target_only,calibration
83,0.8088796472487263,4421,1.144293261335018,2476,20261004,direct,target_only,calibration
84,0.7236929935948985,4421,1.0772233919474323,2430,20261004,direct,target_only,calibration
85,0.6602065393731109,4421,0.968388498896434,2430,20261004,direct,target_only,calibration
86,0.829697318595881,4421,1.235586561281004,2430,20261004,direct,target_only,calibration
87,0.7857596439976574,4421,1.168008426359161,2430,20261004,direct,target_only,calibration
88,0.690096221151354,4421,1.0220125420103348,2430,20261004,direct,target_only,calibration
89,0.600066439352055,4421,0.9498562139984021,2430,20261004,direct,target_only,calibration
90,0.579058960717179,4421,0.9154711213744717,2430,20261004,direct,target_only,calibration
91,0.5801746260591342,4421,0.90920891858668,2430,20261004,direct,target_only,calibration
92,0.5252830448584221,4421,0.7868478722655724,2430,20261004,direct,target_only,calibration
93,0.5775802586850363,4421,0.8895841196240711,2430,20261004,direct,target_only,calibration
94,0.49889101622951865,4421,0.7420204325590605,2430,20261004,direct,target_only,calibration
95,0.4245109409869081,4421,0.6605324521599483,2430,20261004,direct,target_only,calibration
96,0.36357167987390976,4421,0.5474037372281031,2430,20261004,direct,target_only,calibration
1,0.5059341201539869,8898,0.684944436374225,3866,20261004,direct,target_only,test
2,0.5789387178481215,8898,0.7560245903093581,3866,20261004,direct,target_only,test
3,0.5422085317797501,8898,0.6353143989862522,3866,20261004,direct,target_only,test
4,0.45432651514680644,8898,0.426018526053959,3866,20261004,direct,target_only,test
5,0.8224504309783633,8898,0.9749498208469205,3866,20261004,direct,target_only,test
6,0.7256190187451648,8898,0.7710296035589109,3866,20261004,direct,target_only,test
7,0.7184643165733459,8898,0.72342435901702,3866,20261004,direct,target_only,test
8,0.6738242989090263,8898,0.7055222601665326,3866,20261004,direct,target_only,test
9,0.5864347553905697,8898,0.5659126586637778,3866,20261004,direct,target_only,test
10,0.5351752865921434,8898,0.4207781164008841,3866,20261004,direct,target_only,test
11,0.5603874252051861,8898,0.5059711641529155,3866,20261004,direct,target_only,test
12,0.8220936811858957,8898,0.9665544344848268,3862,20261004,direct,target_only,test
13,1.1068568331228887,8898,1.385221368446048,3862,20261004,direct,target_only,test
14,1.2864560800476619,8898,1.8639131559515536,3868,20261004,direct,target_only,test
15,0.8629172411678196,8898,0.9847495372176599,3862,20261004,direct,target_only,test
16,0.5237596817715497,8898,0.5105649396458353,3862,20261004,direct,target_only,test
17,0.7446160313828905,8898,0.8018932447207229,3862,20261004,direct,target_only,test
18,1.107389992333587,8898,1.3153092430461755,3862,20261004,direct,target_only,test
19,1.3185705220315713,8898,1.6423898763870055,3862,20261004,direct,target_only,test
20,1.0862893565005467,8898,1.2518007284900194,3865,20261004,direct,target_only,test
21,0.9245722086889088,8898,1.1233981918199,3865,20261004,direct,target_only,test
22,1.2235425485487457,8898,1.3392087303902014,3865,20261004,direct,target_only,test
23,1.6302096467614522,8898,1.7286230327162704,3865,20261004,direct,target_only,test
24,1.5923052218783593,8898,1.4418355628711932,3865,20261004,direct,target_only,test
25,1.7915822363018032,8898,1.8287221467709076,4107,20261004,direct,target_only,test
26,2.7739446539426105,8898,4.158430781929761,5233,20261004,direct,target_only,test
27,5.86074510498831,8898,9.270129471156425,5459,20261004,direct,target_only,test
28,12.011421833906322,8898,18.031933540838605,5794,20261004,direct,target_only,test
29,21.65160156041173,8898,27.53513782912141,6898,20261004,direct,target_only,test
30,36.52637054838581,8898,39.821315818497666,8126,20261004,direct,target_only,test
31,50.257601384074974,8898,50.661638383678444,8809,20261004,direct,target_only,test
32,68.26217865245202,8898,68.26217865245202,8898,20261004,direct,target_only,test
33,85.68278247343322,8898,85.68278247343322,8898,20261004,direct,target_only,test
34,104.60056335234489,8898,104.60056335234489,8898,20261004,direct,target_only,test
35,118.77349164421302,8898,118.77349164421302,8898,20261004,direct,target_only,test
36,136.67655153684282,8898,136.67655153684282,8898,20261004,direct,target_only,test
37,150.33084368171376,8898,150.33084368171376,8898,20261004,direct,target_only,test
38,168.73617099878243,8898,168.73617099878243,8898,20261004,direct,target_only,test
39,187.12472252671708,8898,187.12472252671708,8898,20261004,direct,target_only,test
40,204.40281446200223,8898,204.40281446200223,8898,20261004,direct,target_only,test
41,208.18972438809797,8898,208.18972438809797,8898,20261004,direct,target_only,test
42,219.17143872665346,8898,219.17143872665346,8898,20261004,direct,target_only,test
43,230.71262275238428,8898,230.71262275238428,8898,20261004,direct,target_only,test
44,234.0769730136795,8898,234.0769730136795,8898,20261004,direct,target_only,test
45,227.75322738867592,8898,227.75322738867592,8898,20261004,direct,target_only,test
46,248.59424366071153,8898,248.59424366071153,8898,20261004,direct,target_only,test
47,254.67720415904637,8898,254.67720415904637,8898,20261004,direct,target_only,test
48,240.6023061256818,8898,240.6023061256818,8898,20261004,direct,target_only,test
49,255.87559926836,8898,255.87559926836,8898,20261004,direct,target_only,test
50,256.05564417853066,8898,256.05564417853066,8898,20261004,direct,target_only,test
51,254.42336592934296,8898,254.42336592934296,8898,20261004,direct,target_only,test
52,243.68741074239614,8898,243.68741074239614,8898,20261004,direct,target_only,test
53,260.6658920766742,8898,260.6658920766742,8898,20261004,direct,target_only,test
54,255.04640784390375,8898,255.04640784390375,8898,20261004,direct,target_only,test
55,250.70294984758476,8898,250.70294984758476,8898,20261004,direct,target_only,test
56,241.505770744732,8898,241.505770744732,8898,20261004,direct,target_only,test
57,234.80684429056612,8898,234.80684429056612,8898,20261004,direct,target_only,test
58,236.5414491923755,8898,236.5414491923755,8898,20261004,direct,target_only,test
59,225.3746757000906,8898,225.3746757000906,8898,20261004,direct,target_only,test
60,222.99832759583552,8898,222.99832759583552,8898,20261004,direct,target_only,test
61,224.5828346376012,8898,224.5828346376012,8898,20261004,direct,target_only,test
62,206.61213234627306,8898,206.61213234627306,8898,20261004,direct,target_only,test
63,205.94767777206096,8898,205.94767777206096,8898,20261004,direct,target_only,test
64,197.61688353769213,8898,197.61688353769213,8898,20261004,direct,target_only,test
65,185.67805220944607,8898,185.67805220944607,8898,20261004,direct,target_only,test
66,173.54388985769202,8898,173.54388985769202,8898,20261004,direct,target_only,test
67,166.1767786097696,8898,166.1767786097696,8898,20261004,direct,target_only,test
68,153.58029221681565,8898,154.18023400672485,8847,20261004,direct,target_only,test
69,134.67868733068303,8898,139.2503339743718,8590,20261004,direct,target_only,test
70,116.69293886378301,8898,130.49490779187767,7935,20261004,direct,target_only,test
71,89.5303250338394,8898,102.7208486201608,7735,20261004,direct,target_only,test
72,80.94559658896144,8898,92.93509699821755,7735,20261004,direct,target_only,test
73,70.24962701151195,8898,80.83188475003683,7720,20261004,direct,target_only,test
74,51.97997914352749,8898,60.11585663296047,7676,20261004,direct,target_only,test
75,41.460182201327314,8898,49.8200673335811,7337,20261004,direct,target_only,test
76,27.841551355454826,8898,35.116747523797514,6903,20261004,direct,target_only,test
77,20.502110988741062,8898,26.95818856786618,6637,20261004,direct,target_only,test
78,12.782823757157136,8898,17.2106319094632,6510,20261004,direct,target_only,test
79,7.325157236734349,8898,11.578739603775261,5473,20261004,direct,target_only,test
80,3.6006045783425287,8898,5.681234825881556,5401,20261004,direct,target_only,test
81,1.4006737585166267,8898,2.1348194145744306,5155,20261004,direct,target_only,test
82,0.723077390228498,8898,0.6588672924550789,4384,20261004,direct,target_only,test
83,0.6710790705580953,8898,0.48885466374268044,3906,20261004,direct,target_only,test
84,0.5674866612303133,8898,0.4518331021363719,3862,20261004,direct,target_only,test
85,0.5503838936126106,8898,0.4544448189279195,3862,20261004,direct,target_only,test
86,0.6148573626691062,8898,0.5369026729714556,3862,20261004,direct,target_only,test
87,0.5715077433188355,8898,0.4826527715022548,3862,20261004,direct,target_only,test
88,0.5389633621768446,8898,0.4505555877941436,3862,20261004,direct,target_only,test
89,0.37638445155329586,8898,0.3371755666124086,3862,20261004,direct,target_only,test
90,0.43208027414426586,8898,0.4068044902229173,3862,20261004,direct,target_only,test
91,0.3908906133925414,8898,0.3155387589377112,3862,20261004,direct,target_only,test
92,0.3713395860917811,8898,0.25857978629778855,3862,20261004,direct,target_only,test
93,0.36418939926606075,8898,0.2364169806319157,3862,20261004,direct,target_only,test
94,0.3028967229134047,8898,0.18672563374845058,3862,20261004,direct,target_only,test
95,0.23957888001965844,8898,0.16196318642501076,3862,20261004,direct,target_only,test
96,0.25983043967552144,8898,0.20111407535194054,3862,20261004,direct,target_only,test
1,0.6427678384225554,4421,0.9817496603768648,2453,20261004,direct,vendor_covariate,calibration
2,0.8709977911224892,4421,1.3577802947714213,2453,20261004,direct,vendor_covariate,calibration
3,0.8780142735825542,4421,1.3881068170872504,2453,20261004,direct,vendor_covariate,calibration
4,0.926286823129093,4421,1.4869179069825789,2453,20261004,direct,vendor_covariate,calibration
5,1.1972772892058112,4421,1.8516315724723469,2453,20261004,direct,vendor_covariate,calibration
6,1.306008466996979,4421,2.030701352123139,2453,20261004,direct,vendor_covariate,calibration
7,1.0055865814526572,4421,1.551997062102829,2453,20261004,direct,vendor_covariate,calibration
8,0.9785034912129625,4421,1.500154882472022,2453,20261004,direct,vendor_covariate,calibration
9,1.1411562991488426,4421,1.73472297445541,2453,20261004,direct,vendor_covariate,calibration
10,1.2161701107707343,4421,1.8298698255250856,2453,20261004,direct,vendor_covariate,calibration
11,0.8258931869680971,4421,1.203730359454812,2453,20261004,direct,vendor_covariate,calibration
12,1.0489420339488735,4421,1.5569911997995258,2430,20261004,direct,vendor_covariate,calibration
13,0.7720916553130182,4421,1.1120390877694872,2430,20261004,direct,vendor_covariate,calibration
14,0.8638081804745352,4421,1.2844179734966616,2438,20261004,direct,vendor_covariate,calibration
15,0.932681904402531,4421,1.3809593035544387,2430,20261004,direct,vendor_covariate,calibration
16,0.8395897194016739,4421,1.2907224051868964,2430,20261004,direct,vendor_covariate,calibration
17,1.2172963304693303,4421,1.7323344108499126,2430,20261004,direct,vendor_covariate,calibration
18,1.0273424590529325,4421,1.4875447771561796,2430,20261004,direct,vendor_covariate,calibration
19,1.1532900117718892,4421,1.6546051853348849,2430,20261004,direct,vendor_covariate,calibration
20,1.188159335288772,4421,1.7277386760272482,2431,20261004,direct,vendor_covariate,calibration
21,0.994563003645909,4421,1.3712110260599386,2431,20261004,direct,vendor_covariate,calibration
22,0.9319282024057093,4421,1.254455210447751,2431,20261004,direct,vendor_covariate,calibration
23,1.1731974506315481,4421,1.4990828048877636,2431,20261004,direct,vendor_covariate,calibration
24,1.3696537362461914,4421,1.7441458943997579,2431,20261004,direct,vendor_covariate,calibration
25,1.3073904711596822,4421,1.5701515557393315,2577,20261004,direct,vendor_covariate,calibration
26,1.7228056214623497,4421,2.0474509027486443,3400,20261004,direct,vendor_covariate,calibration
27,2.7585629528484548,4421,3.2960325487588724,3589,20261004,direct,vendor_covariate,calibration
28,4.937278279002776,4421,5.84786933258984,3663,20261004,direct,vendor_covariate,calibration
29,11.657929633646447,4421,12.59464318780103,4061,20261004,direct,vendor_covariate,calibration
30,22.54436445222408,4421,23.589256811303727,4188,20261004,direct,vendor_covariate,calibration
31,35.541062987400366,4421,35.88069125468706,4368,20261004,direct,vendor_covariate,calibration
32,51.055082724779204,4421,51.055082724779204,4421,20261004,direct,vendor_covariate,calibration
33,70.44737894891946,4421,70.44737894891946,4421,20261004,direct,vendor_covariate,calibration
34,89.99835550868822,4421,89.99835550868822,4421,20261004,direct,vendor_covariate,calibration
35,104.89260450164494,4421,104.89260450164494,4421,20261004,direct,vendor_covariate,calibration
36,125.11417633615555,4421,125.11417633615555,4421,20261004,direct,vendor_covariate,calibration
37,135.2767571834169,4421,135.2767571834169,4421,20261004,direct,vendor_covariate,calibration
38,148.40347054539708,4421,148.40347054539708,4421,20261004,direct,vendor_covariate,calibration
39,161.1051094837266,4421,161.1051094837266,4421,20261004,direct,vendor_covariate,calibration
40,171.48518470772245,4421,171.48518470772245,4421,20261004,direct,vendor_covariate,calibration
41,178.5453429284007,4421,178.5453429284007,4421,20261004,direct,vendor_covariate,calibration
42,188.40142478767737,4421,188.40142478767737,4421,20261004,direct,vendor_covariate,calibration
43,196.9748009080933,4421,196.9748009080933,4421,20261004,direct,vendor_covariate,calibration
44,206.0045414718196,4421,206.0045414718196,4421,20261004,direct,vendor_covariate,calibration
45,210.18964752625337,4421,210.18964752625337,4421,20261004,direct,vendor_covariate,calibration
46,213.06462080720067,4421,213.06462080720067,4421,20261004,direct,vendor_covariate,calibration
47,226.61177758976154,4421,226.61177758976154,4421,20261004,direct,vendor_covariate,calibration
48,217.27951794776294,4421,217.27951794776294,4421,20261004,direct,vendor_covariate,calibration
49,215.67793755753024,4421,215.67793755753024,4421,20261004,direct,vendor_covariate,calibration
50,210.81543813218454,4421,210.81543813218454,4421,20261004,direct,vendor_covariate,calibration
51,218.2397072662685,4421,218.2397072662685,4421,20261004,direct,vendor_covariate,calibration
52,216.6193311886634,4421,216.6193311886634,4421,20261004,direct,vendor_covariate,calibration
53,213.74084684438625,4421,213.74084684438625,4421,20261004,direct,vendor_covariate,calibration
54,201.4617206342982,4421,201.4617206342982,4421,20261004,direct,vendor_covariate,calibration
55,200.91170204624794,4421,200.91170204624794,4421,20261004,direct,vendor_covariate,calibration
56,201.01202104348346,4421,201.01202104348346,4421,20261004,direct,vendor_covariate,calibration
57,210.25293066532763,4421,210.25293066532763,4421,20261004,direct,vendor_covariate,calibration
58,203.76156864707096,4421,203.76156864707096,4421,20261004,direct,vendor_covariate,calibration
59,190.4817285076276,4421,190.4817285076276,4421,20261004,direct,vendor_covariate,calibration
60,183.60456387386202,4421,183.60456387386202,4421,20261004,direct,vendor_covariate,calibration
61,179.47694681298003,4421,179.47694681298003,4421,20261004,direct,vendor_covariate,calibration
62,167.24837551133325,4421,167.24837551133325,4421,20261004,direct,vendor_covariate,calibration
63,164.3899735549852,4421,164.3899735549852,4421,20261004,direct,vendor_covariate,calibration
64,147.84722283064477,4421,147.84722283064477,4421,20261004,direct,vendor_covariate,calibration
65,123.29725578541239,4421,123.29725578541239,4421,20261004,direct,vendor_covariate,calibration
66,113.97678113542287,4421,113.97678113542287,4421,20261004,direct,vendor_covariate,calibration
67,104.99580852543184,4421,105.01927636488008,4420,20261004,direct,vendor_covariate,calibration
68,91.07668255684567,4421,91.16959150449904,4405,20261004,direct,vendor_covariate,calibration
69,74.82732590922164,4421,75.10800437312481,4393,20261004,direct,vendor_covariate,calibration
70,60.96299590631874,4421,62.04925833146989,4330,20261004,direct,vendor_covariate,calibration
71,44.15271791192376,4421,45.155948442358074,4306,20261004,direct,vendor_covariate,calibration
72,36.85265551819385,4421,37.749538802484345,4304,20261004,direct,vendor_covariate,calibration
73,31.065701980545303,4421,31.88202059481559,4299,20261004,direct,vendor_covariate,calibration
74,21.5241770985665,4421,22.134560407029245,4288,20261004,direct,vendor_covariate,calibration
75,15.962667473503492,4421,16.667860612317856,4204,20261004,direct,vendor_covariate,calibration
76,10.60563740876169,4421,11.327546019169986,4021,20261004,direct,vendor_covariate,calibration
77,7.843491558118522,4421,8.493556636941257,3998,20261004,direct,vendor_covariate,calibration
78,4.604070239164777,4421,5.047239685877153,3985,20261004,direct,vendor_covariate,calibration
79,2.989767542338933,4421,3.462041795290404,3710,20261004,direct,vendor_covariate,calibration
80,1.8673866169869073,4421,2.2359662051009446,3548,20261004,direct,vendor_covariate,calibration
81,1.4445852550300586,4421,1.816787744941888,3245,20261004,direct,vendor_covariate,calibration
82,1.2648037946432062,4421,1.8002495583616562,2746,20261004,direct,vendor_covariate,calibration
83,1.097022715635587,4421,1.665823451947146,2476,20261004,direct,vendor_covariate,calibration
84,1.31730530918777,4421,2.0442468550531463,2430,20261004,direct,vendor_covariate,calibration
85,1.1928928091437858,4421,1.8460363983556076,2430,20261004,direct,vendor_covariate,calibration
86,1.1407048233903336,4421,1.7475642067843995,2430,20261004,direct,vendor_covariate,calibration
87,1.3352610130125084,4421,2.0755252813974034,2430,20261004,direct,vendor_covariate,calibration
88,1.1012653303824516,4421,1.7048946038256456,2430,20261004,direct,vendor_covariate,calibration
89,1.1205091105680933,4421,1.7590100126501955,2430,20261004,direct,vendor_covariate,calibration
90,1.1080768320981638,4421,1.7067496274601774,2430,20261004,direct,vendor_covariate,calibration
91,1.2952077797913384,4421,2.0005481358970143,2430,20261004,direct,vendor_covariate,calibration
92,1.149904028976619,4421,1.722845180872291,2430,20261004,direct,vendor_covariate,calibration
93,1.2888627557113035,4421,1.9597611973376432,2430,20261004,direct,vendor_covariate,calibration
94,1.178137377025827,4421,1.7701413065379048,2430,20261004,direct,vendor_covariate,calibration
95,1.2368168137012039,4421,1.9439587629994248,2430,20261004,direct,vendor_covariate,calibration
96,1.195636181914545,4421,1.886477844036901,2430,20261004,direct,vendor_covariate,calibration
1,0.6938089740911202,8898,0.9053741624811062,3866,20261004,direct,vendor_covariate,test
2,0.685449959474623,8898,0.8234563058741047,3866,20261004,direct,vendor_covariate,test
3,0.6941009266390433,8898,0.7341042952231419,3866,20261004,direct,vendor_covariate,test
4,0.5402897770130773,8898,0.5364126431790893,3866,20261004,direct,vendor_covariate,test
5,1.1318869940242575,8898,1.1953217410431274,3866,20261004,direct,vendor_covariate,test
6,1.114752281343688,8898,1.1667110116518042,3866,20261004,direct,vendor_covariate,test
7,1.0171034298268846,8898,1.2200527220918178,3866,20261004,direct,vendor_covariate,test
8,0.9858176078279656,8898,1.1188998831695247,3866,20261004,direct,vendor_covariate,test
9,1.0866296824007609,8898,1.1302647806291621,3866,20261004,direct,vendor_covariate,test
10,1.1805914631286372,8898,1.13501686375017,3866,20261004,direct,vendor_covariate,test
11,1.03166453746895,8898,1.0575765053873165,3866,20261004,direct,vendor_covariate,test
12,1.2183886212471577,8898,1.367181792361387,3862,20261004,direct,vendor_covariate,test
13,1.1892903439225837,8898,1.3854971675039234,3862,20261004,direct,vendor_covariate,test
14,1.3500849753551254,8898,1.8580456807816472,3868,20261004,direct,vendor_covariate,test
15,1.069792129739928,8898,1.1344668836998915,3862,20261004,direct,vendor_covariate,test
16,0.8239085165723501,8898,0.8990560852951015,3862,20261004,direct,vendor_covariate,test
17,1.6441741623176995,8898,1.7726311698085222,3862,20261004,direct,vendor_covariate,test
18,1.3482834899456404,8898,1.4940811952109174,3862,20261004,direct,vendor_covariate,test
19,1.6902171145225726,8898,1.8936957673250217,3862,20261004,direct,vendor_covariate,test
20,1.6278750734430105,8898,1.8167116587444234,3865,20261004,direct,vendor_covariate,test
21,1.6849956537872572,8898,1.9550153965629242,3865,20261004,direct,vendor_covariate,test
22,1.5450540386526253,8898,1.6686323276907689,3865,20261004,direct,vendor_covariate,test
23,2.136017516151445,8898,2.1452904533288826,3865,20261004,direct,vendor_covariate,test
24,2.3200877768381725,8898,2.0217735403259542,3865,20261004,direct,vendor_covariate,test
25,2.4618960676568142,8898,2.397162956870922,4107,20261004,direct,vendor_covariate,test
26,3.496093115101515,8898,5.137548649527692,5233,20261004,direct,vendor_covariate,test
27,5.610054654737488,8898,8.74436037810359,5459,20261004,direct,vendor_covariate,test
28,11.741253056733912,8898,17.566007405215004,5794,20261004,direct,vendor_covariate,test
29,20.988206178015936,8898,26.67842979360891,6898,20261004,direct,vendor_covariate,test
30,34.404733418042845,8898,37.324235035094894,8126,20261004,direct,vendor_covariate,test
31,46.445710856639046,8898,46.79309269759314,8809,20261004,direct,vendor_covariate,test
32,63.73615396777908,8898,63.73615396777908,8898,20261004,direct,vendor_covariate,test
33,81.45864611479085,8898,81.45864611479085,8898,20261004,direct,vendor_covariate,test
34,98.36914043714089,8898,98.36914043714089,8898,20261004,direct,vendor_covariate,test
35,110.30454396070867,8898,110.30454396070867,8898,20261004,direct,vendor_covariate,test
36,128.11379357253637,8898,128.11379357253637,8898,20261004,direct,vendor_covariate,test
37,143.4346725847954,8898,143.4346725847954,8898,20261004,direct,vendor_covariate,test
38,161.25595964499342,8898,161.25595964499342,8898,20261004,direct,vendor_covariate,test
39,182.3653884612038,8898,182.3653884612038,8898,20261004,direct,vendor_covariate,test
40,199.39137885505684,8898,199.39137885505684,8898,20261004,direct,vendor_covariate,test
41,203.20582268709035,8898,203.20582268709035,8898,20261004,direct,vendor_covariate,test
42,213.56317489782015,8898,213.56317489782015,8898,20261004,direct,vendor_covariate,test
43,225.70411097034594,8898,225.70411097034594,8898,20261004,direct,vendor_covariate,test
44,228.53181533519557,8898,228.53181533519557,8898,20261004,direct,vendor_covariate,test
45,227.444000699002,8898,227.444000699002,8898,20261004,direct,vendor_covariate,test
46,245.349508726073,8898,245.349508726073,8898,20261004,direct,vendor_covariate,test
47,250.51439329205598,8898,250.51439329205598,8898,20261004,direct,vendor_covariate,test
48,234.67274555508664,8898,234.67274555508664,8898,20261004,direct,vendor_covariate,test
49,245.26852671823062,8898,245.26852671823062,8898,20261004,direct,vendor_covariate,test
50,248.25958297576668,8898,248.25958297576668,8898,20261004,direct,vendor_covariate,test
51,245.8114157932624,8898,245.8114157932624,8898,20261004,direct,vendor_covariate,test
52,240.3219299452699,8898,240.3219299452699,8898,20261004,direct,vendor_covariate,test
53,251.070760487852,8898,251.070760487852,8898,20261004,direct,vendor_covariate,test
54,238.57073541630538,8898,238.57073541630538,8898,20261004,direct,vendor_covariate,test
55,243.09165259065168,8898,243.09165259065168,8898,20261004,direct,vendor_covariate,test
56,235.53973693053882,8898,235.53973693053882,8898,20261004,direct,vendor_covariate,test
57,216.9356079483972,8898,216.9356079483972,8898,20261004,direct,vendor_covariate,test
58,224.7894100379814,8898,224.7894100379814,8898,20261004,direct,vendor_covariate,test
59,218.20506224065608,8898,218.20506224065608,8898,20261004,direct,vendor_covariate,test
60,217.26948748941595,8898,217.26948748941595,8898,20261004,direct,vendor_covariate,test
61,213.57972737923234,8898,213.57972737923234,8898,20261004,direct,vendor_covariate,test
62,202.17801644390914,8898,202.17801644390914,8898,20261004,direct,vendor_covariate,test
63,198.4017718185353,8898,198.4017718185353,8898,20261004,direct,vendor_covariate,test
64,188.60870479963344,8898,188.60870479963344,8898,20261004,direct,vendor_covariate,test
65,171.17285630371381,8898,171.17285630371381,8898,20261004,direct,vendor_covariate,test
66,166.48772346282232,8898,166.48772346282232,8898,20261004,direct,vendor_covariate,test
67,160.81260096796015,8898,160.81260096796015,8898,20261004,direct,vendor_covariate,test
68,146.1016532836484,8898,146.48724028547986,8847,20261004,direct,vendor_covariate,test
69,129.4595776668243,8898,133.66804654048084,8590,20261004,direct,vendor_covariate,test
70,115.6522001844109,8898,129.1539861034568,7935,20261004,direct,vendor_covariate,test
71,87.80693469883707,8898,100.56045557209983,7735,20261004,direct,vendor_covariate,test
72,79.33910526946141,8898,90.98888487135125,7735,20261004,direct,vendor_covariate,test
73,67.52162022748617,8898,77.65010557667318,7720,20261004,direct,vendor_covariate,test
74,51.04964546228743,8898,59.00635544261861,7676,20261004,direct,vendor_covariate,test
75,39.71747889716955,8898,47.79984031714908,7337,20261004,direct,vendor_covariate,test
76,26.222161337722724,8898,33.235946199088524,6903,20261004,direct,vendor_covariate,test
77,18.52782761314483,8898,24.439592003907013,6637,20261004,direct,vendor_covariate,test
78,11.258455926569646,8898,15.207037173280906,6510,20261004,direct,vendor_covariate,test
79,7.173211444160805,8898,11.342729989523482,5473,20261004,direct,vendor_covariate,test
80,3.82901538012465,8898,5.992619390262523,5401,20261004,direct,vendor_covariate,test
81,2.1786659305243172,8898,3.2169656912324665,5155,20261004,direct,vendor_covariate,test
82,1.2885855868630716,8898,1.6604732862761011,4384,20261004,direct,vendor_covariate,test
83,1.0140216360961365,8898,1.2341550412791444,3906,20261004,direct,vendor_covariate,test
84,1.203367481346454,8898,1.431060261808332,3862,20261004,direct,vendor_covariate,test
85,1.0599595400502466,8898,1.221990776472546,3862,20261004,direct,vendor_covariate,test
86,1.077372097091866,8898,1.261015630918948,3862,20261004,direct,vendor_covariate,test
87,1.2411924650079147,8898,1.562647737138232,3862,20261004,direct,vendor_covariate,test
88,0.9633552524656607,8898,1.1322078741604586,3862,20261004,direct,vendor_covariate,test
89,0.9167883756251703,8898,1.0634939424936665,3862,20261004,direct,vendor_covariate,test
90,0.943376736927281,8898,1.0412228111387967,3862,20261004,direct,vendor_covariate,test
91,1.1101750326069701,8898,1.2349223858184422,3862,20261004,direct,vendor_covariate,test
92,1.1201935615750591,8898,1.2451330994206165,3862,20261004,direct,vendor_covariate,test
93,1.1667627052580454,8898,1.1817114219717693,3862,20261004,direct,vendor_covariate,test
94,0.9985863747597277,8898,0.8937001663251962,3862,20261004,direct,vendor_covariate,test
95,0.921241809393575,8898,0.9043109368731604,3862,20261004,direct,vendor_covariate,test
96,0.8559884246560993,8898,0.8632433227172236,3862,20261004,direct,vendor_covariate,test
1,0.9026754362331846,4421,1.0539399756206833,2453,20261004,vendor_residual,target_only,calibration
2,0.9299549990744612,4421,1.452210489175667,2453,20261004,vendor_residual,target_only,calibration
3,1.1225513222855275,4421,1.9458453018970778,2453,20261004,vendor_residual,target_only,calibration
4,1.3249773107067988,4421,2.3226652739615483,2453,20261004,vendor_residual,target_only,calibration
5,1.5229366184452946,4421,2.6770701111097663,2453,20261004,vendor_residual,target_only,calibration
6,1.6623083994248504,4421,2.908833957586762,2453,20261004,vendor_residual,target_only,calibration
7,1.9113156548172736,4421,3.365882753622629,2453,20261004,vendor_residual,target_only,calibration
8,1.870816467546496,4421,3.284791609165864,2453,20261004,vendor_residual,target_only,calibration
9,1.8818550226166955,4421,3.293810942622765,2453,20261004,vendor_residual,target_only,calibration
10,1.8466724007390123,4421,3.226162482035672,2453,20261004,vendor_residual,target_only,calibration
11,1.9860446401304015,4421,3.487583029308765,2453,20261004,vendor_residual,target_only,calibration
12,2.2559956806044643,4421,3.9458852016933283,2430,20261004,vendor_residual,target_only,calibration
13,2.050928969820972,4421,3.5887484245259054,2430,20261004,vendor_residual,target_only,calibration
14,2.2199585992333173,4421,3.850779631304122,2438,20261004,vendor_residual,target_only,calibration
15,2.2297972491568427,4421,3.80599345938224,2430,20261004,vendor_residual,target_only,calibration
16,2.5709264294469594,4421,4.492258039690025,2430,20261004,vendor_residual,target_only,calibration
17,2.4998597939496827,4421,4.348850103739147,2430,20261004,vendor_residual,target_only,calibration
18,2.3495228799077683,4421,4.092393289679094,2430,20261004,vendor_residual,target_only,calibration
19,2.191060569733789,4421,3.758605370720956,2430,20261004,vendor_residual,target_only,calibration
20,2.2579270201186223,4421,3.9274585722738373,2431,20261004,vendor_residual,target_only,calibration
21,2.2816367910364277,4421,3.9388978588220507,2431,20261004,vendor_residual,target_only,calibration
22,2.3426269807787397,4421,4.029569520984736,2431,20261004,vendor_residual,target_only,calibration
23,2.2883420930199474,4421,3.9094328982062128,2431,20261004,vendor_residual,target_only,calibration
24,2.3146535423572696,4421,3.945507068107696,2431,20261004,vendor_residual,target_only,calibration
25,2.3314966672675688,4421,3.7817794868067236,2577,20261004,vendor_residual,target_only,calibration
26,3.009135453415953,4421,3.8882242672479976,3400,20261004,vendor_residual,target_only,calibration
27,4.09984759400461,4421,5.0476461853778485,3589,20261004,vendor_residual,target_only,calibration
28,5.797844800200649,4421,6.993121583556727,3663,20261004,vendor_residual,target_only,calibration
29,12.566785355073124,4421,13.673438378458203,4061,20261004,vendor_residual,target_only,calibration
30,21.227511434449173,4421,22.406482351948853,4188,20261004,vendor_residual,target_only,calibration
31,30.10186170404426,4421,30.459660796041188,4368,20261004,vendor_residual,target_only,calibration
32,45.678622437553656,4421,45.678622437553656,4421,20261004,vendor_residual,target_only,calibration
33,54.513950900131285,4421,54.513950900131285,4421,20261004,vendor_residual,target_only,calibration
34,66.12273700719518,4421,66.12273700719518,4421,20261004,vendor_residual,target_only,calibration
35,76.11466912527027,4421,76.11466912527027,4421,20261004,vendor_residual,target_only,calibration
36,87.51712159182236,4421,87.51712159182236,4421,20261004,vendor_residual,target_only,calibration
37,95.03957935920256,4421,95.03957935920256,4421,20261004,vendor_residual,target_only,calibration
38,107.8352693163795,4421,107.8352693163795,4421,20261004,vendor_residual,target_only,calibration
39,112.27819054705931,4421,112.27819054705931,4421,20261004,vendor_residual,target_only,calibration
40,106.66339066689503,4421,106.66339066689503,4421,20261004,vendor_residual,target_only,calibration
41,112.05386283389568,4421,112.05386283389568,4421,20261004,vendor_residual,target_only,calibration
42,126.7883638793591,4421,126.7883638793591,4421,20261004,vendor_residual,target_only,calibration
43,140.01209756401144,4421,140.01209756401144,4421,20261004,vendor_residual,target_only,calibration
44,126.45790184835919,4421,126.45790184835919,4421,20261004,vendor_residual,target_only,calibration
45,125.87948989708835,4421,125.87948989708835,4421,20261004,vendor_residual,target_only,calibration
46,129.32881881541653,4421,129.32881881541653,4421,20261004,vendor_residual,target_only,calibration
47,141.82092648870042,4421,141.82092648870042,4421,20261004,vendor_residual,target_only,calibration
48,136.02590920185241,4421,136.02590920185241,4421,20261004,vendor_residual,target_only,calibration
49,130.81233828690318,4421,130.81233828690318,4421,20261004,vendor_residual,target_only,calibration
50,146.00381746385824,4421,146.00381746385824,4421,20261004,vendor_residual,target_only,calibration
51,155.79060764972292,4421,155.79060764972292,4421,20261004,vendor_residual,target_only,calibration
52,148.5173028550207,4421,148.5173028550207,4421,20261004,vendor_residual,target_only,calibration
53,152.52307418857026,4421,152.52307418857026,4421,20261004,vendor_residual,target_only,calibration
54,156.44706241840666,4421,156.44706241840666,4421,20261004,vendor_residual,target_only,calibration
55,142.47369089833748,4421,142.47369089833748,4421,20261004,vendor_residual,target_only,calibration
56,140.44360921202318,4421,140.44360921202318,4421,20261004,vendor_residual,target_only,calibration
57,136.54332341152957,4421,136.54332341152957,4421,20261004,vendor_residual,target_only,calibration
58,134.85974139487354,4421,134.85974139487354,4421,20261004,vendor_residual,target_only,calibration
59,137.59692694775362,4421,137.59692694775362,4421,20261004,vendor_residual,target_only,calibration
60,140.0657435408815,4421,140.0657435408815,4421,20261004,vendor_residual,target_only,calibration
61,128.95288015188495,4421,128.95288015188495,4421,20261004,vendor_residual,target_only,calibration
62,131.49393703450627,4421,131.49393703450627,4421,20261004,vendor_residual,target_only,calibration
63,130.23796940896386,4421,130.23796940896386,4421,20261004,vendor_residual,target_only,calibration
64,108.40649205421697,4421,108.40649205421697,4421,20261004,vendor_residual,target_only,calibration
65,97.65206201008284,4421,97.65206201008284,4421,20261004,vendor_residual,target_only,calibration
66,94.03842960423967,4421,94.03842960423967,4421,20261004,vendor_residual,target_only,calibration
67,91.96584197257279,4421,91.98664872415029,4420,20261004,vendor_residual,target_only,calibration
68,76.96121384806207,4421,77.22429179228608,4405,20261004,vendor_residual,target_only,calibration
69,61.78105623431356,4421,62.15407541103966,4393,20261004,vendor_residual,target_only,calibration
70,54.40325634963992,4421,55.5009288150273,4330,20261004,vendor_residual,target_only,calibration
71,48.260892153403525,4421,49.530083353896835,4306,20261004,vendor_residual,target_only,calibration
72,38.13659515579577,4421,39.16048387817918,4304,20261004,vendor_residual,target_only,calibration
73,26.65224770490026,4421,27.38750606598443,4299,20261004,vendor_residual,target_only,calibration
74,20.2135606972748,4421,20.81290881508056,4288,20261004,vendor_residual,target_only,calibration
75,16.58482540054509,4421,17.39157826441014,4204,20261004,vendor_residual,target_only,calibration
76,11.478549523722771,4421,12.577225610738026,4021,20261004,vendor_residual,target_only,calibration
77,6.764396949876232,4421,7.4595987266130495,3998,20261004,vendor_residual,target_only,calibration
78,4.699762564191741,4421,5.199534300711547,3985,20261004,vendor_residual,target_only,calibration
79,3.1993478734425773,4421,3.7906229260599433,3710,20261004,vendor_residual,target_only,calibration
80,3.3371281747731674,4421,4.132387801814605,3548,20261004,vendor_residual,target_only,calibration
81,2.8978893449675835,4421,3.864192990240389,3245,20261004,vendor_residual,target_only,calibration
82,2.3722261388349244,4421,3.5910272093440736,2746,20261004,vendor_residual,target_only,calibration
83,2.66612773153002,4421,4.607754524159967,2476,20261004,vendor_residual,target_only,calibration
84,2.5228835231052025,4421,4.46366691953836,2430,20261004,vendor_residual,target_only,calibration
85,2.410582569166466,4421,4.27243065139022,2430,20261004,vendor_residual,target_only,calibration
86,2.3770480543571244,4421,4.21726689107329,2430,20261004,vendor_residual,target_only,calibration
87,2.355998260324174,4421,4.192167208326114,2430,20261004,vendor_residual,target_only,calibration
88,2.2791685845901273,4421,4.044052909027762,2430,20261004,vendor_residual,target_only,calibration
89,2.374960241067199,4421,4.248230812119879,2430,20261004,vendor_residual,target_only,calibration
90,2.4050452386847105,4421,4.3058513579252,2430,20261004,vendor_residual,target_only,calibration
91,2.3859871149177816,4421,4.283011143636763,2430,20261004,vendor_residual,target_only,calibration
92,2.2438079173414085,4421,4.039194450801844,2430,20261004,vendor_residual,target_only,calibration
93,2.380412831707829,4421,4.27973222292197,2430,20261004,vendor_residual,target_only,calibration
94,2.4644713705900165,4421,4.426564948246795,2430,20261004,vendor_residual,target_only,calibration
95,2.533961105302557,4421,4.548342850197628,2430,20261004,vendor_residual,target_only,calibration
96,2.164473674650641,4421,3.911133071349995,2430,20261004,vendor_residual,target_only,calibration
1,1.6607476003436912,8898,1.8748096293217873,3866,20261004,vendor_residual,target_only,test
2,1.3770542156595968,8898,2.3444328086656183,3866,20261004,vendor_residual,target_only,test
3,1.356223710114941,8898,2.8045919656810634,3866,20261004,vendor_residual,target_only,test
4,1.528899137139553,8898,3.2108654958586005,3866,20261004,vendor_residual,target_only,test
5,1.6329924288635407,8898,3.458627934996193,3866,20261004,vendor_residual,target_only,test
6,2.0034463613170925,8898,4.2783079934955675,3866,20261004,vendor_residual,target_only,test
7,2.0513991722557106,8898,4.397406717393652,3866,20261004,vendor_residual,target_only,test
8,2.064162179020685,8898,4.4771361252630495,3866,20261004,vendor_residual,target_only,test
9,2.0746181482881134,8898,4.418293994777213,3866,20261004,vendor_residual,target_only,test
10,2.1017557668848608,8898,4.483131504855521,3866,20261004,vendor_residual,target_only,test
11,2.1921794936059595,8898,4.6778804989588485,3866,20261004,vendor_residual,target_only,test
12,2.6064495108536274,8898,5.360327298748381,3862,20261004,vendor_residual,target_only,test
13,2.3548235534806237,8898,4.82593789869556,3862,20261004,vendor_residual,target_only,test
14,2.788838566255389,8898,5.643596317081492,3868,20261004,vendor_residual,target_only,test
15,2.7440899228322335,8898,4.9827179520253235,3862,20261004,vendor_residual,target_only,test
16,2.631144351759039,8898,5.09783471206971,3862,20261004,vendor_residual,target_only,test
17,2.6961630513831603,8898,5.198298294942176,3862,20261004,vendor_residual,target_only,test
18,2.5089127854098163,8898,4.559448320449222,3862,20261004,vendor_residual,target_only,test
19,2.677892331239615,8898,4.905425217240887,3862,20261004,vendor_residual,target_only,test
20,2.3417879993586985,8898,4.159366600903144,3865,20261004,vendor_residual,target_only,test
21,2.7798370233033363,8898,4.985658794362821,3865,20261004,vendor_residual,target_only,test
22,2.877575928621014,8898,5.1431650820482195,3865,20261004,vendor_residual,target_only,test
23,2.916559222892689,8898,5.12982439287802,3865,20261004,vendor_residual,target_only,test
24,2.988628993560519,8898,5.084629628184416,3865,20261004,vendor_residual,target_only,test
25,3.112269467044627,8898,5.432480280784632,4107,20261004,vendor_residual,target_only,test
26,4.792037082993189,8898,7.9161762420271184,5233,20261004,vendor_residual,target_only,test
27,7.503807639960241,8898,12.126589462465292,5459,20261004,vendor_residual,target_only,test
28,11.099158134663902,8898,16.951418669269625,5794,20261004,vendor_residual,target_only,test
29,17.15353848601832,8898,22.04933757387027,6898,20261004,vendor_residual,target_only,test
30,24.935962394500184,8898,27.29778811559081,8126,20261004,vendor_residual,target_only,test
31,38.74937283266581,8898,39.13784109572419,8809,20261004,vendor_residual,target_only,test
32,46.340766640679234,8898,46.340766640679234,8898,20261004,vendor_residual,target_only,test
33,62.67792279575045,8898,62.67792279575045,8898,20261004,vendor_residual,target_only,test
34,74.95132670244273,8898,74.95132670244273,8898,20261004,vendor_residual,target_only,test
35,86.68500115536888,8898,86.68500115536888,8898,20261004,vendor_residual,target_only,test
36,97.30344668404412,8898,97.30344668404412,8898,20261004,vendor_residual,target_only,test
37,104.4660479726035,8898,104.4660479726035,8898,20261004,vendor_residual,target_only,test
38,119.39087442654676,8898,119.39087442654676,8898,20261004,vendor_residual,target_only,test
39,137.24088433772357,8898,137.24088433772357,8898,20261004,vendor_residual,target_only,test
40,151.7210330740206,8898,151.7210330740206,8898,20261004,vendor_residual,target_only,test
41,159.85238402953996,8898,159.85238402953996,8898,20261004,vendor_residual,target_only,test
42,166.35746017187319,8898,166.35746017187319,8898,20261004,vendor_residual,target_only,test
43,171.21917348167105,8898,171.21917348167105,8898,20261004,vendor_residual,target_only,test
44,166.27629271323974,8898,166.27629271323974,8898,20261004,vendor_residual,target_only,test
45,173.3285208640149,8898,173.3285208640149,8898,20261004,vendor_residual,target_only,test
46,183.65822610032032,8898,183.65822610032032,8898,20261004,vendor_residual,target_only,test
47,189.41126773776008,8898,189.41126773776008,8898,20261004,vendor_residual,target_only,test
48,194.0703578773175,8898,194.0703578773175,8898,20261004,vendor_residual,target_only,test
49,196.46983969106054,8898,196.46983969106054,8898,20261004,vendor_residual,target_only,test
50,202.97498584106708,8898,202.97498584106708,8898,20261004,vendor_residual,target_only,test
51,205.5619695676766,8898,205.5619695676766,8898,20261004,vendor_residual,target_only,test
52,183.49641560643315,8898,183.49641560643315,8898,20261004,vendor_residual,target_only,test
53,193.1881898807643,8898,193.1881898807643,8898,20261004,vendor_residual,target_only,test
54,190.36950820478756,8898,190.36950820478756,8898,20261004,vendor_residual,target_only,test
55,185.88610491116168,8898,185.88610491116168,8898,20261004,vendor_residual,target_only,test
56,187.63285965801006,8898,187.63285965801006,8898,20261004,vendor_residual,target_only,test
57,171.58604099035264,8898,171.58604099035264,8898,20261004,vendor_residual,target_only,test
58,196.4731603522414,8898,196.4731603522414,8898,20261004,vendor_residual,target_only,test
59,185.24029163507893,8898,185.24029163507893,8898,20261004,vendor_residual,target_only,test
60,198.51840903436988,8898,198.51840903436988,8898,20261004,vendor_residual,target_only,test
61,180.62694531643322,8898,180.62694531643322,8898,20261004,vendor_residual,target_only,test
62,178.43925307530355,8898,178.43925307530355,8898,20261004,vendor_residual,target_only,test
63,178.45690611236395,8898,178.45690611236395,8898,20261004,vendor_residual,target_only,test
64,165.90082774998052,8898,165.90082774998052,8898,20261004,vendor_residual,target_only,test
65,155.96916297549507,8898,155.96916297549507,8898,20261004,vendor_residual,target_only,test
66,144.60039790028955,8898,144.60039790028955,8898,20261004,vendor_residual,target_only,test
67,141.10016315363393,8898,141.10016315363393,8898,20261004,vendor_residual,target_only,test
68,134.0707786617139,8898,134.81193061102738,8847,20261004,vendor_residual,target_only,test
69,115.00538461822063,8898,119.03479131315963,8590,20261004,vendor_residual,target_only,test
70,108.73780867478915,8898,121.70007879046538,7935,20261004,vendor_residual,target_only,test
71,92.98292952227955,8898,106.85968780743814,7735,20261004,vendor_residual,target_only,test
72,74.60622657974884,8898,85.71543840758072,7735,20261004,vendor_residual,target_only,test
73,62.00444652712863,8898,71.35453910316348,7720,20261004,vendor_residual,target_only,test
74,46.80840584734244,8898,54.13076946336747,7676,20261004,vendor_residual,target_only,test
75,42.573523695214,8898,51.48685948850088,7337,20261004,vendor_residual,target_only,test
76,27.16218406040006,8898,34.88442500966025,6903,20261004,vendor_residual,target_only,test
77,18.297983780306474,8898,24.436164460524722,6637,20261004,vendor_residual,target_only,test
78,12.075957443642517,8898,16.40775701239322,6510,20261004,vendor_residual,target_only,test
79,6.734262673942315,8898,10.772281545213236,5473,20261004,vendor_residual,target_only,test
80,5.50626369750045,8898,8.913584202151434,5401,20261004,vendor_residual,target_only,test
81,3.8286106527596826,8898,6.247920022411525,5155,20261004,vendor_residual,target_only,test
82,2.4286261412698567,8898,3.964735549087101,4384,20261004,vendor_residual,target_only,test
83,2.4474012417300153,8898,4.790326670917403,3906,20261004,vendor_residual,target_only,test
84,2.1037916706238438,8898,4.1161292764903346,3862,20261004,vendor_residual,target_only,test
85,1.9477319344226125,8898,3.780806992358901,3862,20261004,vendor_residual,target_only,test
86,1.9758995211206771,8898,3.8471302167259993,3862,20261004,vendor_residual,target_only,test
87,1.833671128329512,8898,3.5937543832123637,3862,20261004,vendor_residual,target_only,test
88,1.7991888117325854,8898,3.4229787074798175,3862,20261004,vendor_residual,target_only,test
89,1.5591839733391215,8898,3.1179560044991863,3862,20261004,vendor_residual,target_only,test
90,1.556178321240068,8898,3.1256939348271144,3862,20261004,vendor_residual,target_only,test
91,1.5338189167012262,8898,3.1281971758875273,3862,20261004,vendor_residual,target_only,test
92,1.412589643737721,8898,2.939575024422464,3862,20261004,vendor_residual,target_only,test
93,1.5332638241533583,8898,3.177192062457558,3862,20261004,vendor_residual,target_only,test
94,1.6263708406387876,8898,3.3563126227567635,3862,20261004,vendor_residual,target_only,test
95,1.6048881625047244,8898,3.227907497080051,3862,20261004,vendor_residual,target_only,test
96,1.460948131379453,8898,3.1305964719406454,3862,20261004,vendor_residual,target_only,test
1,0.8783015889099819,4421,1.1376078097842905,2453,20261004,vendor_residual,vendor_covariate,calibration
2,1.5120149628462711,4421,2.5464857538353445,2453,20261004,vendor_residual,vendor_covariate,calibration
3,2.021189043000887,4421,3.5556996315517897,2453,20261004,vendor_residual,vendor_covariate,calibration
4,1.844192623104007,4421,3.249478416926088,2453,20261004,vendor_residual,vendor_covariate,calibration
5,2.067259521122778,4421,3.680729247778092,2453,20261004,vendor_residual,vendor_covariate,calibration
6,2.1561630047101286,4421,3.8544209504312477,2453,20261004,vendor_residual,vendor_covariate,calibration
7,2.457357691487953,4421,4.404266598367516,2453,20261004,vendor_residual,vendor_covariate,calibration
8,2.5960249253458096,4421,4.6484998416371415,2453,20261004,vendor_residual,vendor_covariate,calibration
9,2.681246769480223,4421,4.812070503115475,2453,20261004,vendor_residual,vendor_covariate,calibration
10,2.441257920855546,4421,4.372508764009933,2453,20261004,vendor_residual,vendor_covariate,calibration
11,2.7549420182384194,4421,4.949735453019934,2453,20261004,vendor_residual,vendor_covariate,calibration
12,2.833478756102385,4421,5.10952960141166,2430,20261004,vendor_residual,vendor_covariate,calibration
13,2.607466363785921,4421,4.6997606704799155,2430,20261004,vendor_residual,vendor_covariate,calibration
14,2.3876311054148167,4421,4.281238583443148,2438,20261004,vendor_residual,vendor_covariate,calibration
15,2.5028816532491405,4421,4.503462727783236,2430,20261004,vendor_residual,vendor_covariate,calibration
16,2.6763564333496563,4421,4.823252151849385,2430,20261004,vendor_residual,vendor_covariate,calibration
17,2.4862744053461294,4421,4.493537074054396,2430,20261004,vendor_residual,vendor_covariate,calibration
18,2.6551913226265467,4421,4.795285613691327,2430,20261004,vendor_residual,vendor_covariate,calibration
19,2.415599302176252,4421,4.352223558638938,2430,20261004,vendor_residual,vendor_covariate,calibration
20,2.6038067756075134,4421,4.711491733341789,2431,20261004,vendor_residual,vendor_covariate,calibration
21,2.787789813343758,4421,5.048973218484041,2431,20261004,vendor_residual,vendor_covariate,calibration
22,2.6232134964510574,4421,4.74803255012252,2431,20261004,vendor_residual,vendor_covariate,calibration
23,2.649580306053651,4421,4.7915936460693995,2431,20261004,vendor_residual,vendor_covariate,calibration
24,2.8038974593596158,4421,5.069401429255437,2431,20261004,vendor_residual,vendor_covariate,calibration
25,2.8179593974140573,4421,4.81438859275007,2577,20261004,vendor_residual,vendor_covariate,calibration
26,3.6578965852792362,4421,4.752714702844712,3400,20261004,vendor_residual,vendor_covariate,calibration
27,4.68865011840052,4421,5.770981597519052,3589,20261004,vendor_residual,vendor_covariate,calibration
28,6.16345401106785,4421,7.438462289207794,3663,20261004,vendor_residual,vendor_covariate,calibration
29,13.325952165198773,4421,14.501195222973301,4061,20261004,vendor_residual,vendor_covariate,calibration
30,21.318866113241572,4421,22.504892936676352,4188,20261004,vendor_residual,vendor_covariate,calibration
31,30.24531938706657,4421,30.610894133340892,4368,20261004,vendor_residual,vendor_covariate,calibration
32,50.97141114600061,4421,50.97141114600061,4421,20261004,vendor_residual,vendor_covariate,calibration
33,60.11143387892889,4421,60.11143387892889,4421,20261004,vendor_residual,vendor_covariate,calibration
34,73.42767364731692,4421,73.42767364731692,4421,20261004,vendor_residual,vendor_covariate,calibration
35,86.79165199900253,4421,86.79165199900253,4421,20261004,vendor_residual,vendor_covariate,calibration
36,91.60490781289646,4421,91.60490781289646,4421,20261004,vendor_residual,vendor_covariate,calibration
37,101.1174241904277,4421,101.1174241904277,4421,20261004,vendor_residual,vendor_covariate,calibration
38,110.53940835067789,4421,110.53940835067789,4421,20261004,vendor_residual,vendor_covariate,calibration
39,120.00407311535925,4421,120.00407311535925,4421,20261004,vendor_residual,vendor_covariate,calibration
40,112.76952126062498,4421,112.76952126062498,4421,20261004,vendor_residual,vendor_covariate,calibration
41,117.24798876144845,4421,117.24798876144845,4421,20261004,vendor_residual,vendor_covariate,calibration
42,134.9511643561923,4421,134.9511643561923,4421,20261004,vendor_residual,vendor_covariate,calibration
43,145.72619777766218,4421,145.72619777766218,4421,20261004,vendor_residual,vendor_covariate,calibration
44,136.29149202209467,4421,136.29149202209467,4421,20261004,vendor_residual,vendor_covariate,calibration
45,136.16345615100377,4421,136.16345615100377,4421,20261004,vendor_residual,vendor_covariate,calibration
46,137.40779419270254,4421,137.40779419270254,4421,20261004,vendor_residual,vendor_covariate,calibration
47,151.4361017956745,4421,151.4361017956745,4421,20261004,vendor_residual,vendor_covariate,calibration
48,143.00206030258087,4421,143.00206030258087,4421,20261004,vendor_residual,vendor_covariate,calibration
49,140.18175456631275,4421,140.18175456631275,4421,20261004,vendor_residual,vendor_covariate,calibration
50,155.6994771124859,4421,155.6994771124859,4421,20261004,vendor_residual,vendor_covariate,calibration
51,165.29922170601492,4421,165.29922170601492,4421,20261004,vendor_residual,vendor_covariate,calibration
52,161.39659638068073,4421,161.39659638068073,4421,20261004,vendor_residual,vendor_covariate,calibration
53,162.51224937200524,4421,162.51224937200524,4421,20261004,vendor_residual,vendor_covariate,calibration
54,163.7642496846638,4421,163.7642496846638,4421,20261004,vendor_residual,vendor_covariate,calibration
55,146.75083675906154,4421,146.75083675906154,4421,20261004,vendor_residual,vendor_covariate,calibration
56,145.50301391402652,4421,145.50301391402652,4421,20261004,vendor_residual,vendor_covariate,calibration
57,143.82276678664928,4421,143.82276678664928,4421,20261004,vendor_residual,vendor_covariate,calibration
58,141.04842065820517,4421,141.04842065820517,4421,20261004,vendor_residual,vendor_covariate,calibration
59,138.46481541995857,4421,138.46481541995857,4421,20261004,vendor_residual,vendor_covariate,calibration
60,141.05022928047504,4421,141.05022928047504,4421,20261004,vendor_residual,vendor_covariate,calibration
61,134.30979022317385,4421,134.30979022317385,4421,20261004,vendor_residual,vendor_covariate,calibration
62,138.14504295001834,4421,138.14504295001834,4421,20261004,vendor_residual,vendor_covariate,calibration
63,135.0218166186069,4421,135.0218166186069,4421,20261004,vendor_residual,vendor_covariate,calibration
64,119.4495946522899,4421,119.4495946522899,4421,20261004,vendor_residual,vendor_covariate,calibration
65,105.87335460480897,4421,105.87335460480897,4421,20261004,vendor_residual,vendor_covariate,calibration
66,100.89363635138561,4421,100.89363635138561,4421,20261004,vendor_residual,vendor_covariate,calibration
67,101.57864739900263,4421,101.60162899343679,4420,20261004,vendor_residual,vendor_covariate,calibration
68,80.95841329839594,4421,81.24963051263433,4405,20261004,vendor_residual,vendor_covariate,calibration
69,65.92797993230535,4421,66.34570224465605,4393,20261004,vendor_residual,vendor_covariate,calibration
70,59.21632814747599,4421,60.45273000042424,4330,20261004,vendor_residual,vendor_covariate,calibration
71,52.877340319436215,4421,54.28221779864575,4306,20261004,vendor_residual,vendor_covariate,calibration
72,39.07749464102844,4421,40.131962037455075,4304,20261004,vendor_residual,vendor_covariate,calibration
73,26.609381436098406,4421,27.338343188097348,4299,20261004,vendor_residual,vendor_covariate,calibration
74,21.04190015742968,4421,21.67550643051132,4288,20261004,vendor_residual,vendor_covariate,calibration
75,17.385933345181044,4421,18.267024736440565,4204,20261004,vendor_residual,vendor_covariate,calibration
76,11.837857413420313,4421,12.99750778157889,4021,20261004,vendor_residual,vendor_covariate,calibration
77,7.24610227513004,4421,7.99718557312434,3998,20261004,vendor_residual,vendor_covariate,calibration
78,5.666066805987633,4421,6.268707847025291,3985,20261004,vendor_residual,vendor_covariate,calibration
79,4.209351924019211,4421,5.001298746302651,3710,20261004,vendor_residual,vendor_covariate,calibration
80,3.90936560796487,4421,4.853260651433997,3548,20261004,vendor_residual,vendor_covariate,calibration
81,3.380729521242675,4421,4.5796224273641695,3245,20261004,vendor_residual,vendor_covariate,calibration
82,3.0116696981261146,4421,4.811621452745116,2746,20261004,vendor_residual,vendor_covariate,calibration
83,3.010290698345092,4421,5.340699104377099,2476,20261004,vendor_residual,vendor_covariate,calibration
84,3.1888170926166506,4421,5.766734171477089,2430,20261004,vendor_residual,vendor_covariate,calibration
85,2.93317060672567,4421,5.309103139004682,2430,20261004,vendor_residual,vendor_covariate,calibration
86,3.0290114386860623,4421,5.482160359540947,2430,20261004,vendor_residual,vendor_covariate,calibration
87,2.9632739699276085,4421,5.361254476566526,2430,20261004,vendor_residual,vendor_covariate,calibration
88,2.9290610091560416,4421,5.30399405924381,2430,20261004,vendor_residual,vendor_covariate,calibration
89,2.866815263055775,4421,5.196408916321111,2430,20261004,vendor_residual,vendor_covariate,calibration
90,2.858428023577465,4421,5.183286895177906,2430,20261004,vendor_residual,vendor_covariate,calibration
91,2.7803241599070625,4421,5.047861300062372,2430,20261004,vendor_residual,vendor_covariate,calibration
92,2.67937040708089,4421,4.865478568208699,2430,20261004,vendor_residual,vendor_covariate,calibration
93,2.75553822717642,4421,5.0051388612438625,2430,20261004,vendor_residual,vendor_covariate,calibration
94,2.773400815302848,4421,5.0388391186989105,2430,20261004,vendor_residual,vendor_covariate,calibration
95,2.821305625383767,4421,5.126781902561892,2430,20261004,vendor_residual,vendor_covariate,calibration
96,2.416400747867695,4421,4.3942611583324585,2430,20261004,vendor_residual,vendor_covariate,calibration
1,1.1905253955665422,8898,0.7806763499545799,3866,20261004,vendor_residual,vendor_covariate,test
2,1.0499429243259741,8898,1.6014053419417742,3866,20261004,vendor_residual,vendor_covariate,test
3,1.2139004225668504,8898,2.395153163236663,3866,20261004,vendor_residual,vendor_covariate,test
4,1.472855911405488,8898,2.9723601698205964,3866,20261004,vendor_residual,vendor_covariate,test
5,1.4380595642133887,8898,3.0656593583473155,3866,20261004,vendor_residual,vendor_covariate,test
6,1.4683694264086502,8898,3.1381632667236015,3866,20261004,vendor_residual,vendor_covariate,test
7,1.4664139501043132,8898,3.207306112357176,3866,20261004,vendor_residual,vendor_covariate,test
8,1.6640726212683676,8898,3.600266731523394,3866,20261004,vendor_residual,vendor_covariate,test
9,1.5681837143051847,8898,3.478234135811624,3866,20261004,vendor_residual,vendor_covariate,test
10,1.6355964804735352,8898,3.5765512259163934,3866,20261004,vendor_residual,vendor_covariate,test
11,1.4005414998119772,8898,3.1438336320381866,3866,20261004,vendor_residual,vendor_covariate,test
12,1.5021868461406127,8898,3.2589152783320268,3862,20261004,vendor_residual,vendor_covariate,test
13,1.3774178580775935,8898,2.988786493196246,3862,20261004,vendor_residual,vendor_covariate,test
14,1.860594689765341,8898,4.063831436362926,3868,20261004,vendor_residual,vendor_covariate,test
15,1.6877858236436891,8898,3.6392835439870095,3862,20261004,vendor_residual,vendor_covariate,test
16,1.6544336756953213,8898,3.6213557456006553,3862,20261004,vendor_residual,vendor_covariate,test
17,1.4913713312211723,8898,3.294116905103049,3862,20261004,vendor_residual,vendor_covariate,test
18,1.5713070423588673,8898,3.481134372180234,3862,20261004,vendor_residual,vendor_covariate,test
19,1.3556692708581124,8898,2.9676940157398937,3862,20261004,vendor_residual,vendor_covariate,test
20,1.1513880109250394,8898,2.5604390194796793,3865,20261004,vendor_residual,vendor_covariate,test
21,1.0462909086592507,8898,2.3284510085386625,3865,20261004,vendor_residual,vendor_covariate,test
22,1.0658362481591226,8898,2.3722613109086543,3865,20261004,vendor_residual,vendor_covariate,test
23,1.122653859168829,8898,2.484252101263133,3865,20261004,vendor_residual,vendor_covariate,test
24,1.0686400189588376,8898,2.3508429479693396,3865,20261004,vendor_residual,vendor_covariate,test
25,1.197726730654456,8898,2.520149519657562,4107,20261004,vendor_residual,vendor_covariate,test
26,3.460161861955851,8898,5.869508118071963,5233,20261004,vendor_residual,vendor_covariate,test
27,6.2799201458635245,8898,10.177524622608095,5459,20261004,vendor_residual,vendor_covariate,test
28,10.129501246862246,8898,15.550509719792688,5794,20261004,vendor_residual,vendor_covariate,test
29,16.80246156317719,8898,21.606663336638647,6898,20261004,vendor_residual,vendor_covariate,test
30,24.122962079743697,8898,26.395202398537954,8126,20261004,vendor_residual,vendor_covariate,test
31,39.004209430663614,8898,39.397731721109324,8809,20261004,vendor_residual,vendor_covariate,test
32,47.549058818341,8898,47.549058818341,8898,20261004,vendor_residual,vendor_covariate,test
33,60.22649239771015,8898,60.22649239771015,8898,20261004,vendor_residual,vendor_covariate,test
34,72.65270221341315,8898,72.65270221341315,8898,20261004,vendor_residual,vendor_covariate,test
35,86.40025609529899,8898,86.40025609529899,8898,20261004,vendor_residual,vendor_covariate,test
36,92.9153239771021,8898,92.9153239771021,8898,20261004,vendor_residual,vendor_covariate,test
37,102.32131402059962,8898,102.32131402059962,8898,20261004,vendor_residual,vendor_covariate,test
38,117.32035551414567,8898,117.32035551414567,8898,20261004,vendor_residual,vendor_covariate,test
39,134.93763418669786,8898,134.93763418669786,8898,20261004,vendor_residual,vendor_covariate,test
40,144.59463478346126,8898,144.59463478346126,8898,20261004,vendor_residual,vendor_covariate,test
41,152.10556993895557,8898,152.10556993895557,8898,20261004,vendor_residual,vendor_covariate,test
42,163.9013750159923,8898,163.9013750159923,8898,20261004,vendor_residual,vendor_covariate,test
43,172.53868390297998,8898,172.53868390297998,8898,20261004,vendor_residual,vendor_covariate,test
44,165.71374954273625,8898,165.71374954273625,8898,20261004,vendor_residual,vendor_covariate,test
45,171.71390890560517,8898,171.71390890560517,8898,20261004,vendor_residual,vendor_covariate,test
46,183.93682024401014,8898,183.93682024401014,8898,20261004,vendor_residual,vendor_covariate,test
47,187.8919261968426,8898,187.8919261968426,8898,20261004,vendor_residual,vendor_covariate,test
48,191.92229248363185,8898,191.92229248363185,8898,20261004,vendor_residual,vendor_covariate,test
49,194.97954632820932,8898,194.97954632820932,8898,20261004,vendor_residual,vendor_covariate,test
50,202.10552736024675,8898,202.10552736024675,8898,20261004,vendor_residual,vendor_covariate,test
51,201.8740921325328,8898,201.8740921325328,8898,20261004,vendor_residual,vendor_covariate,test
52,177.50478089987342,8898,177.50478089987342,8898,20261004,vendor_residual,vendor_covariate,test
53,190.9869929728344,8898,190.9869929728344,8898,20261004,vendor_residual,vendor_covariate,test
54,192.37688402263265,8898,192.37688402263265,8898,20261004,vendor_residual,vendor_covariate,test
55,189.34056798727073,8898,189.34056798727073,8898,20261004,vendor_residual,vendor_covariate,test
56,181.8912748740561,8898,181.8912748740561,8898,20261004,vendor_residual,vendor_covariate,test
57,169.36838342432353,8898,169.36838342432353,8898,20261004,vendor_residual,vendor_covariate,test
58,191.87273851228102,8898,191.87273851228102,8898,20261004,vendor_residual,vendor_covariate,test
59,173.17083641272924,8898,173.17083641272924,8898,20261004,vendor_residual,vendor_covariate,test
60,181.4432751663346,8898,181.4432751663346,8898,20261004,vendor_residual,vendor_covariate,test
61,168.69489542123293,8898,168.69489542123293,8898,20261004,vendor_residual,vendor_covariate,test
62,168.78469321109569,8898,168.78469321109569,8898,20261004,vendor_residual,vendor_covariate,test
63,170.84805015330642,8898,170.84805015330642,8898,20261004,vendor_residual,vendor_covariate,test
64,157.86279198822194,8898,157.86279198822194,8898,20261004,vendor_residual,vendor_covariate,test
65,149.59526749012983,8898,149.59526749012983,8898,20261004,vendor_residual,vendor_covariate,test
66,144.39814611835752,8898,144.39814611835752,8898,20261004,vendor_residual,vendor_covariate,test
67,146.74697970416074,8898,146.74697970416074,8898,20261004,vendor_residual,vendor_covariate,test
68,134.61359783631121,8898,135.3842113869409,8847,20261004,vendor_residual,vendor_covariate,test
69,116.28212648780814,8898,120.44421116899785,8590,20261004,vendor_residual,vendor_covariate,test
70,112.21054088341405,8898,125.77095922180091,7935,20261004,vendor_residual,vendor_covariate,test
71,99.07568135078552,8898,113.9341445510152,7735,20261004,vendor_residual,vendor_covariate,test
72,78.57032019982096,8898,90.34849213200266,7735,20261004,vendor_residual,vendor_covariate,test
73,63.06816018534327,8898,72.61664529255533,7720,20261004,vendor_residual,vendor_covariate,test
74,49.30039389023828,8898,57.094051396343524,7676,20261004,vendor_residual,vendor_covariate,test
75,42.230275856773815,8898,51.17296686998015,7337,20261004,vendor_residual,vendor_covariate,test
76,26.62740861646746,8898,34.285671872406205,6903,20261004,vendor_residual,vendor_covariate,test
77,17.141328818279533,8898,22.947424044407022,6637,20261004,vendor_residual,vendor_covariate,test
78,12.948624782347823,8898,17.66660423580825,6510,20261004,vendor_residual,vendor_covariate,test
79,6.915928241962237,8898,11.206799402762908,5473,20261004,vendor_residual,vendor_covariate,test
80,4.369998916297038,8898,7.164377925461663,5401,20261004,vendor_residual,vendor_covariate,test
81,2.140806347340748,8898,3.655532027273344,5155,20261004,vendor_residual,vendor_covariate,test
82,1.2161079144669886,8898,2.387338682664469,4384,20261004,vendor_residual,vendor_covariate,test
83,1.2195778056673239,8898,2.7156761572770183,3906,20261004,vendor_residual,vendor_covariate,test
84,1.1319766130782747,8898,2.55238259417966,3862,20261004,vendor_residual,vendor_covariate,test
85,1.0706283828937762,8898,2.420912806625931,3862,20261004,vendor_residual,vendor_covariate,test
86,1.024904325153012,8898,2.3047190261843165,3862,20261004,vendor_residual,vendor_covariate,test
87,1.00965938353484,8898,2.269825144228875,3862,20261004,vendor_residual,vendor_covariate,test
88,1.0801155220148173,8898,2.4302480498876577,3862,20261004,vendor_residual,vendor_covariate,test
89,1.0476933103350967,8898,2.3578864663450125,3862,20261004,vendor_residual,vendor_covariate,test
90,1.0369582500287924,8898,2.3399895823267416,3862,20261004,vendor_residual,vendor_covariate,test
91,0.917114410309559,8898,2.0689589918011357,3862,20261004,vendor_residual,vendor_covariate,test
92,0.9006557597777796,8898,2.0278493712967527,3862,20261004,vendor_residual,vendor_covariate,test
93,0.9911404281167913,8898,2.233098218045914,3862,20261004,vendor_residual,vendor_covariate,test
94,0.9357220574395045,8898,2.1269952218270856,3862,20261004,vendor_residual,vendor_covariate,test
95,0.9845392895882294,8898,2.2413159184016656,3862,20261004,vendor_residual,vendor_covariate,test
96,0.7090065106971951,8898,1.623122424531727,3862,20261004,vendor_residual,vendor_covariate,test
1,0.806184465407919,4421,1.2478380327033622,2453,20261005,direct,target_only,calibration
2,1.1903509320857648,4421,1.8591974669762936,2453,20261005,direct,target_only,calibration
3,1.1984602738550159,4421,1.8827545113217645,2453,20261005,direct,target_only,calibration
4,1.104691788139615,4421,1.6548554106265052,2453,20261005,direct,target_only,calibration
5,1.287645820217389,4421,1.9314068225067174,2453,20261005,direct,target_only,calibration
6,1.6205408638825625,4421,2.4370358789144513,2453,20261005,direct,target_only,calibration
7,1.5837768921516946,4421,2.360225234112349,2453,20261005,direct,target_only,calibration
8,1.3177432551342987,4421,1.9417748739536664,2453,20261005,direct,target_only,calibration
9,1.5161129646331875,4421,2.220213960976174,2453,20261005,direct,target_only,calibration
10,1.1813595876235872,4421,1.7104619479986098,2453,20261005,direct,target_only,calibration
11,1.306531560146965,4421,1.9240592006203645,2453,20261005,direct,target_only,calibration
12,1.1719592546876052,4421,1.649312633134946,2430,20261005,direct,target_only,calibration
13,1.1941066944903849,4421,1.6367967059828126,2430,20261005,direct,target_only,calibration
14,1.3249243118123377,4421,1.8890652426742354,2438,20261005,direct,target_only,calibration
15,1.1829265076207833,4421,1.6698102004979374,2430,20261005,direct,target_only,calibration
16,1.18733448131213,4421,1.748992280625075,2430,20261005,direct,target_only,calibration
17,1.2246565036846417,4421,1.765879728298619,2430,20261005,direct,target_only,calibration
18,1.6629182190659695,4421,2.425194437863064,2430,20261005,direct,target_only,calibration
19,1.8196114112997588,4421,2.641864113380688,2430,20261005,direct,target_only,calibration
20,1.729903062995021,4421,2.572748705829601,2431,20261005,direct,target_only,calibration
21,1.7498545402834127,4421,2.589142838483029,2431,20261005,direct,target_only,calibration
22,1.7453500861908715,4421,2.585772409402631,2431,20261005,direct,target_only,calibration
23,2.0073149911915005,4421,2.9169797560053365,2431,20261005,direct,target_only,calibration
24,2.0461505678625813,4421,2.952920992422737,2431,20261005,direct,target_only,calibration
25,2.0136355965277546,4421,2.7762877126291197,2577,20261005,direct,target_only,calibration
26,2.683701701770186,4421,3.248051109804193,3400,20261005,direct,target_only,calibration
27,4.290598184378372,4421,5.114831939421573,3589,20261005,direct,target_only,calibration
28,6.641862147164154,4421,7.788492874306977,3663,20261005,direct,target_only,calibration
29,12.650946858991764,4421,13.595789943232944,4061,20261005,direct,target_only,calibration
30,21.59913940925498,4421,22.60153362904933,4188,20261005,direct,target_only,calibration
31,34.81902228003482,4421,35.137597005172005,4368,20261005,direct,target_only,calibration
32,50.41514433789949,4421,50.41514433789949,4421,20261005,direct,target_only,calibration
33,66.9222827888229,4421,66.9222827888229,4421,20261005,direct,target_only,calibration
34,85.05862135481905,4421,85.05862135481905,4421,20261005,direct,target_only,calibration
35,102.69643931067027,4421,102.69643931067027,4421,20261005,direct,target_only,calibration
36,118.89841431731666,4421,118.89841431731666,4421,20261005,direct,target_only,calibration
37,135.95631849988,4421,135.95631849988,4421,20261005,direct,target_only,calibration
38,153.39438878767254,4421,153.39438878767254,4421,20261005,direct,target_only,calibration
39,171.76039591339264,4421,171.76039591339264,4421,20261005,direct,target_only,calibration
40,179.78003520584014,4421,179.78003520584014,4421,20261005,direct,target_only,calibration
41,184.79295291920488,4421,184.79295291920488,4421,20261005,direct,target_only,calibration
42,199.35512446036938,4421,199.35512446036938,4421,20261005,direct,target_only,calibration
43,205.241895701459,4421,205.241895701459,4421,20261005,direct,target_only,calibration
44,217.04962716143922,4421,217.04962716143922,4421,20261005,direct,target_only,calibration
45,215.8411671068874,4421,215.8411671068874,4421,20261005,direct,target_only,calibration
46,215.95302509343063,4421,215.95302509343063,4421,20261005,direct,target_only,calibration
47,229.60315642938323,4421,229.60315642938323,4421,20261005,direct,target_only,calibration
48,226.72260131824444,4421,226.72260131824444,4421,20261005,direct,target_only,calibration
49,226.22598422099443,4421,226.22598422099443,4421,20261005,direct,target_only,calibration
50,219.63651114875134,4421,219.63651114875134,4421,20261005,direct,target_only,calibration
51,226.72703378308657,4421,226.72703378308657,4421,20261005,direct,target_only,calibration
52,223.24237168448,4421,223.24237168448,4421,20261005,direct,target_only,calibration
53,221.0263901792418,4421,221.0263901792418,4421,20261005,direct,target_only,calibration
54,213.85442796478617,4421,213.85442796478617,4421,20261005,direct,target_only,calibration
55,207.95665154756935,4421,207.95665154756935,4421,20261005,direct,target_only,calibration
56,205.66053504659442,4421,205.66053504659442,4421,20261005,direct,target_only,calibration
57,210.61244246805856,4421,210.61244246805856,4421,20261005,direct,target_only,calibration
58,207.45734910717164,4421,207.45734910717164,4421,20261005,direct,target_only,calibration
59,199.05398661346658,4421,199.05398661346658,4421,20261005,direct,target_only,calibration
60,189.07971421261297,4421,189.07971421261297,4421,20261005,direct,target_only,calibration
61,175.28288186261474,4421,175.28288186261474,4421,20261005,direct,target_only,calibration
62,170.85212874387594,4421,170.85212874387594,4421,20261005,direct,target_only,calibration
63,172.4425762892275,4421,172.4425762892275,4421,20261005,direct,target_only,calibration
64,160.4741426364259,4421,160.4741426364259,4421,20261005,direct,target_only,calibration
65,140.5038955513168,4421,140.5038955513168,4421,20261005,direct,target_only,calibration
66,125.06310058309886,4421,125.06310058309886,4421,20261005,direct,target_only,calibration
67,111.86438752644841,4421,111.88937283420337,4420,20261005,direct,target_only,calibration
68,97.5996397166776,4421,97.81626648687875,4405,20261005,direct,target_only,calibration
69,77.78354597078771,4421,78.17642660722831,4393,20261005,direct,target_only,calibration
70,61.00404240890349,4421,62.17008295978719,4330,20261005,direct,target_only,calibration
71,44.15649045268535,4421,45.25061434840795,4306,20261005,direct,target_only,calibration
72,35.98650874605792,4421,36.9033056398293,4304,20261005,direct,target_only,calibration
73,31.108069877028786,4421,31.939948369748674,4299,20261005,direct,target_only,calibration
74,22.45736557427032,4421,23.09601595151041,4288,20261005,direct,target_only,calibration
75,17.549353879574877,4421,18.27310462248014,4204,20261005,direct,target_only,calibration
76,11.74316184852389,4421,12.420001008871756,4021,20261005,direct,target_only,calibration
77,8.434733863980485,4421,9.003033681431907,3998,20261005,direct,target_only,calibration
78,5.289888905112822,4421,5.716269428868763,3985,20261005,direct,target_only,calibration
79,3.30372938726458,4421,3.750777256653727,3710,20261005,direct,target_only,calibration
80,2.378724434093341,4421,2.778534409905975,3548,20261005,direct,target_only,calibration
81,1.8504624908514529,4421,2.2580573691205674,3245,20261005,direct,target_only,calibration
82,1.740098382036881,4421,2.3456141672742326,2746,20261005,direct,target_only,calibration
83,1.6887471577088833,4421,2.415624516973656,2476,20261005,direct,target_only,calibration
84,1.5813743123720199,4421,2.2900765266683365,2430,20261005,direct,target_only,calibration
85,1.4224368504298486,4421,2.009975648527283,2430,20261005,direct,target_only,calibration
86,1.6988387860288665,4421,2.4520010320983308,2430,20261005,direct,target_only,calibration
87,1.3336374702172644,4421,1.9156176007578893,2430,20261005,direct,target_only,calibration
88,1.6064820615138653,4421,2.355858491207837,2430,20261005,direct,target_only,calibration
89,1.2658312194785821,4421,1.9241178336212175,2430,20261005,direct,target_only,calibration
90,1.349887630267937,4421,2.0329953868999895,2430,20261005,direct,target_only,calibration
91,1.4880347946627974,4421,2.2176808708734472,2430,20261005,direct,target_only,calibration
92,1.4830550311229747,4421,2.158019136891934,2430,20261005,direct,target_only,calibration
93,1.543338970209349,4421,2.2668134885928266,2430,20261005,direct,target_only,calibration
94,1.5355857650272664,4421,2.229904809508304,2430,20261005,direct,target_only,calibration
95,1.2644653302044169,4421,1.859595333131743,2430,20261005,direct,target_only,calibration
96,0.9961953830311833,4421,1.485914335476518,2430,20261005,direct,target_only,calibration
1,0.8356152261519769,8898,1.1658760359090647,3866,20261005,direct,target_only,test
2,0.9955454702074809,8898,1.3251787532145998,3866,20261005,direct,target_only,test
3,0.8725766889092814,8898,1.1143934196386385,3866,20261005,direct,target_only,test
4,1.0023133714504793,8898,1.1225973249900174,3866,20261005,direct,target_only,test
5,1.2117269832293223,8898,1.4352470870819554,3866,20261005,direct,target_only,test
6,1.456609758960406,8898,1.7124639242324753,3866,20261005,direct,target_only,test
7,1.5974117938422994,8898,1.7947505590940964,3866,20261005,direct,target_only,test
8,1.3283644355199775,8898,1.4562332680033576,3866,20261005,direct,target_only,test
9,1.581201746562002,8898,1.74881266161175,3866,20261005,direct,target_only,test
10,1.2357883078099026,8898,1.133310947375919,3866,20261005,direct,target_only,test
11,1.3481515235767414,8898,1.4348558501397783,3866,20261005,direct,target_only,test
12,1.5935361405800959,8898,1.8664460708399253,3862,20261005,direct,target_only,test
13,1.9523019257955443,8898,2.445464926681132,3862,20261005,direct,target_only,test
14,2.131412637242249,8898,2.894254542147546,3868,20261005,direct,target_only,test
15,1.666929944953936,8898,1.9435819905502785,3862,20261005,direct,target_only,test
16,1.4352822880988,8898,1.59508114711497,3862,20261005,direct,target_only,test
17,1.6214525063209757,8898,1.8369929482094793,3862,20261005,direct,target_only,test
18,2.1469933726245047,8898,2.6107734528339517,3862,20261005,direct,target_only,test
19,2.623380133138091,8898,3.287710799769306,3862,20261005,direct,target_only,test
20,2.0614682625795284,8898,2.3786453205546336,3865,20261005,direct,target_only,test
21,2.2988876306507096,8898,2.82687615127228,3865,20261005,direct,target_only,test
22,2.0761613732439708,8898,2.387256317075648,3865,20261005,direct,target_only,test
23,2.5056488871755005,8898,2.7165442680652685,3865,20261005,direct,target_only,test
24,2.534526163807992,8898,2.5355590291070373,3865,20261005,direct,target_only,test
25,2.6203298691136205,8898,2.821808749924831,4107,20261005,direct,target_only,test
26,3.828462614142216,8898,5.576196823956275,5233,20261005,direct,target_only,test
27,6.418203791377942,8898,9.85589960912624,5459,20261005,direct,target_only,test
28,11.955064993727477,8898,17.675960534330468,5794,20261005,direct,target_only,test
29,21.263054050131803,8898,26.849002432314986,6898,20261005,direct,target_only,test
30,35.840504613229704,8898,38.98802268204785,8126,20261005,direct,target_only,test
31,49.66253143425042,8898,50.04051737831555,8809,20261005,direct,target_only,test
32,67.1428012765968,8898,67.1428012765968,8898,20261005,direct,target_only,test
33,83.92246546185996,8898,83.92246546185996,8898,20261005,direct,target_only,test
34,103.16126656113171,8898,103.16126656113171,8898,20261005,direct,target_only,test
35,116.67850888525733,8898,116.67850888525733,8898,20261005,direct,target_only,test
36,134.38558388905022,8898,134.38558388905022,8898,20261005,direct,target_only,test
37,151.40534462043254,8898,151.40534462043254,8898,20261005,direct,target_only,test
38,168.8654524481027,8898,168.8654524481027,8898,20261005,direct,target_only,test
39,189.10031406585966,8898,189.10031406585966,8898,20261005,direct,target_only,test
40,206.93107112822477,8898,206.93107112822477,8898,20261005,direct,target_only,test
41,213.45143602637393,8898,213.45143602637393,8898,20261005,direct,target_only,test
42,225.6725458888769,8898,225.6725458888769,8898,20261005,direct,target_only,test
43,240.89844048507703,8898,240.89844048507703,8898,20261005,direct,target_only,test
44,245.28590809805397,8898,245.28590809805397,8898,20261005,direct,target_only,test
45,236.67777820485736,8898,236.67777820485736,8898,20261005,direct,target_only,test
46,254.20240750063564,8898,254.20240750063564,8898,20261005,direct,target_only,test
47,266.7283067105618,8898,266.7283067105618,8898,20261005,direct,target_only,test
48,257.4299008662681,8898,257.4299008662681,8898,20261005,direct,target_only,test
49,271.92062828111887,8898,271.92062828111887,8898,20261005,direct,target_only,test
50,272.847218698128,8898,272.847218698128,8898,20261005,direct,target_only,test
51,268.9368846745855,8898,268.9368846745855,8898,20261005,direct,target_only,test
52,258.71890063348224,8898,258.71890063348224,8898,20261005,direct,target_only,test
53,277.8818223809936,8898,277.8818223809936,8898,20261005,direct,target_only,test
54,278.6793578397265,8898,278.6793578397265,8898,20261005,direct,target_only,test
55,264.7415333045908,8898,264.7415333045908,8898,20261005,direct,target_only,test
56,258.02384911246713,8898,258.02384911246713,8898,20261005,direct,target_only,test
57,244.60043645939447,8898,244.60043645939447,8898,20261005,direct,target_only,test
58,243.19783597229525,8898,243.19783597229525,8898,20261005,direct,target_only,test
59,233.1783140867967,8898,233.1783140867967,8898,20261005,direct,target_only,test
60,234.6602697983965,8898,234.6602697983965,8898,20261005,direct,target_only,test
61,236.42200350576636,8898,236.42200350576636,8898,20261005,direct,target_only,test
62,220.19257422186942,8898,220.19257422186942,8898,20261005,direct,target_only,test
63,218.21933168874185,8898,218.21933168874185,8898,20261005,direct,target_only,test
64,208.52668801583457,8898,208.52668801583457,8898,20261005,direct,target_only,test
65,194.91964878206173,8898,194.91964878206173,8898,20261005,direct,target_only,test
66,181.951852692847,8898,181.951852692847,8898,20261005,direct,target_only,test
67,171.3149523078532,8898,171.3149523078532,8898,20261005,direct,target_only,test
68,159.14551013954159,8898,159.7966973203144,8847,20261005,direct,target_only,test
69,136.65399005444536,8898,141.31915526568451,8590,20261005,direct,target_only,test
70,120.09177858731398,8898,134.33363268272413,7935,20261005,direct,target_only,test
71,92.9696308044175,8898,106.6929193001283,7735,20261005,direct,target_only,test
72,84.44019710150572,8898,96.93985190208069,7735,20261005,direct,target_only,test
73,73.14214974294738,8898,84.13690532970166,7720,20261005,direct,target_only,test
74,54.115429989615414,8898,62.53202810789601,7676,20261005,direct,target_only,test
75,43.00558019363367,8898,51.62912228180409,7337,20261005,direct,target_only,test
76,28.501633481223582,8898,35.85448288209602,6903,20261005,direct,target_only,test
77,20.231708253908973,8898,26.42448260483133,6637,20261005,direct,target_only,test
78,12.862822023403174,8898,17.21134919221887,6510,20261005,direct,target_only,test
79,7.402556077299755,8898,11.494221025610504,5473,20261005,direct,target_only,test
80,4.0688205970739055,8898,6.188869365510835,5401,20261005,direct,target_only,test
81,2.623268618899926,8898,3.7587851447344574,5155,20261005,direct,target_only,test
82,1.8560298249395206,8898,2.091039412197454,4384,20261005,direct,target_only,test
83,1.729779810790382,8898,1.7745279935820442,3906,20261005,direct,target_only,test
84,1.7377740503685493,8898,1.8230513386015508,3862,20261005,direct,target_only,test
85,1.774629500954774,8898,1.9873349013521782,3862,20261005,direct,target_only,test
86,1.8970980524361991,8898,2.1432864758625416,3862,20261005,direct,target_only,test
87,1.4940467680115517,8898,1.6797705943614691,3862,20261005,direct,target_only,test
88,1.6879381579530122,8898,1.9500274545113265,3862,20261005,direct,target_only,test
89,1.2128158195581054,8898,1.434580422386118,3862,20261005,direct,target_only,test
90,1.4238385194349448,8898,1.676029651380925,3862,20261005,direct,target_only,test
91,1.4557556697224185,8898,1.6259430807907616,3862,20261005,direct,target_only,test
92,1.5146375199527413,8898,1.6773004433355265,3862,20261005,direct,target_only,test
93,1.4876752309308585,8898,1.5258439751501098,3862,20261005,direct,target_only,test
94,1.446463862323083,8898,1.518568763487207,3862,20261005,direct,target_only,test
95,1.26964510127125,8898,1.4240105187936127,3862,20261005,direct,target_only,test
96,0.9677316829257399,8898,1.077535547914127,3862,20261005,direct,target_only,test
1,0.4496986874049747,4421,0.7038508304404273,2453,20261005,direct,vendor_covariate,calibration
2,0.45694758784326306,4421,0.6951702895135377,2453,20261005,direct,vendor_covariate,calibration
3,0.45939718280551084,4421,0.7183102298720827,2453,20261005,direct,vendor_covariate,calibration
4,0.6448831330143038,4421,1.0202498211029156,2453,20261005,direct,vendor_covariate,calibration
5,0.7835830524968518,4421,1.1951989971930477,2453,20261005,direct,vendor_covariate,calibration
6,0.7822778694983319,4421,1.1998425165439595,2453,20261005,direct,vendor_covariate,calibration
7,0.7934646234843181,4421,1.2217858883552632,2453,20261005,direct,vendor_covariate,calibration
8,0.733382436158875,4421,1.1128534695298342,2453,20261005,direct,vendor_covariate,calibration
9,1.1188000173145116,4421,1.6467174140776706,2453,20261005,direct,vendor_covariate,calibration
10,0.5444410263521319,4421,0.7778165046166654,2453,20261005,direct,vendor_covariate,calibration
11,0.43209310537444295,4421,0.5907148574590926,2453,20261005,direct,vendor_covariate,calibration
12,0.4371085553667012,4421,0.629112861149105,2430,20261005,direct,vendor_covariate,calibration
13,0.696127532699264,4421,1.0063861876664828,2430,20261005,direct,vendor_covariate,calibration
14,0.5580269749748427,4421,0.8427842879596061,2438,20261005,direct,vendor_covariate,calibration
15,0.6459535891268114,4421,0.9522195429843946,2430,20261005,direct,vendor_covariate,calibration
16,0.6588682441937859,4421,0.9942799235261026,2430,20261005,direct,vendor_covariate,calibration
17,0.8446496164089575,4421,1.2231393702358866,2430,20261005,direct,vendor_covariate,calibration
18,1.1024840756815986,4421,1.618124158717232,2430,20261005,direct,vendor_covariate,calibration
19,0.9727676003274676,4421,1.382608997567299,2430,20261005,direct,vendor_covariate,calibration
20,1.051310721571222,4421,1.5085840674024498,2431,20261005,direct,vendor_covariate,calibration
21,0.9998454901216406,4421,1.354974156834801,2431,20261005,direct,vendor_covariate,calibration
22,1.0471891522315053,4421,1.374393646077972,2431,20261005,direct,vendor_covariate,calibration
23,1.2127919038868804,4421,1.5076522935979284,2431,20261005,direct,vendor_covariate,calibration
24,1.2004205393738703,4421,1.4154288020066945,2431,20261005,direct,vendor_covariate,calibration
25,1.3007585607476244,4421,1.450445164087184,2577,20261005,direct,vendor_covariate,calibration
26,1.4561503197593422,4421,1.7243422652836993,3400,20261005,direct,vendor_covariate,calibration
27,2.3790080503701114,4421,2.848320536655897,3589,20261005,direct,vendor_covariate,calibration
28,4.555903922245514,4421,5.399597527456499,3663,20261005,direct,vendor_covariate,calibration
29,11.513142023997222,4421,12.429262235967002,4061,20261005,direct,vendor_covariate,calibration
30,22.352053350276464,4421,23.450701706189932,4188,20261005,direct,vendor_covariate,calibration
31,36.30341739059866,4421,36.66747572688007,4368,20261005,direct,vendor_covariate,calibration
32,53.28403403645893,4421,53.28403403645893,4421,20261005,direct,vendor_covariate,calibration
33,72.69384719116465,4421,72.69384719116465,4421,20261005,direct,vendor_covariate,calibration
34,92.23430768515703,4421,92.23430768515703,4421,20261005,direct,vendor_covariate,calibration
35,109.11686987478014,4421,109.11686987478014,4421,20261005,direct,vendor_covariate,calibration
36,128.67715538301002,4421,128.67715538301002,4421,20261005,direct,vendor_covariate,calibration
37,143.7284397837278,4421,143.7284397837278,4421,20261005,direct,vendor_covariate,calibration
38,157.2328846699052,4421,157.2328846699052,4421,20261005,direct,vendor_covariate,calibration
39,172.00921620088306,4421,172.00921620088306,4421,20261005,direct,vendor_covariate,calibration
40,181.6438455724163,4421,181.6438455724163,4421,20261005,direct,vendor_covariate,calibration
41,187.76415220549293,4421,187.76415220549293,4421,20261005,direct,vendor_covariate,calibration
42,198.0593885689657,4421,198.0593885689657,4421,20261005,direct,vendor_covariate,calibration
43,208.30216103084882,4421,208.30216103084882,4421,20261005,direct,vendor_covariate,calibration
44,217.93140106601862,4421,217.93140106601862,4421,20261005,direct,vendor_covariate,calibration
45,219.79648392964842,4421,219.79648392964842,4421,20261005,direct,vendor_covariate,calibration
46,220.26517421158832,4421,220.26517421158832,4421,20261005,direct,vendor_covariate,calibration
47,231.18977799117937,4421,231.18977799117937,4421,20261005,direct,vendor_covariate,calibration
48,225.25317175681135,4421,225.25317175681135,4421,20261005,direct,vendor_covariate,calibration
49,225.27512204828736,4421,225.27512204828736,4421,20261005,direct,vendor_covariate,calibration
50,224.23646165302802,4421,224.23646165302802,4421,20261005,direct,vendor_covariate,calibration
51,233.85762339017424,4421,233.85762339017424,4421,20261005,direct,vendor_covariate,calibration
52,233.0087153840843,4421,233.0087153840843,4421,20261005,direct,vendor_covariate,calibration
53,231.1897906304346,4421,231.1897906304346,4421,20261005,direct,vendor_covariate,calibration
54,222.1210431798406,4421,222.1210431798406,4421,20261005,direct,vendor_covariate,calibration
55,218.73665418407276,4421,218.73665418407276,4421,20261005,direct,vendor_covariate,calibration
56,215.84631452497936,4421,215.84631452497936,4421,20261005,direct,vendor_covariate,calibration
57,223.67069947002324,4421,223.67069947002324,4421,20261005,direct,vendor_covariate,calibration
58,215.479451934364,4421,215.479451934364,4421,20261005,direct,vendor_covariate,calibration
59,207.29200144360686,4421,207.29200144360686,4421,20261005,direct,vendor_covariate,calibration
60,195.93202468883976,4421,195.93202468883976,4421,20261005,direct,vendor_covariate,calibration
61,191.9008486678066,4421,191.9008486678066,4421,20261005,direct,vendor_covariate,calibration
62,180.76365781299225,4421,180.76365781299225,4421,20261005,direct,vendor_covariate,calibration
63,175.7613215997151,4421,175.7613215997151,4421,20261005,direct,vendor_covariate,calibration
64,157.54152033630075,4421,157.54152033630075,4421,20261005,direct,vendor_covariate,calibration
65,133.93511716521613,4421,133.93511716521613,4421,20261005,direct,vendor_covariate,calibration
66,122.90135022399332,4421,122.90135022399332,4421,20261005,direct,vendor_covariate,calibration
67,113.10567094534686,4421,113.13095615621893,4420,20261005,direct,vendor_covariate,calibration
68,97.17318123922946,4421,97.29994569054924,4405,20261005,direct,vendor_covariate,calibration
69,79.27986811750255,4421,79.60394912582298,4393,20261005,direct,vendor_covariate,calibration
70,64.2443885601637,4421,65.4362472301377,4330,20261005,direct,vendor_covariate,calibration
71,46.64184700743163,4421,47.754306419709714,4306,20261005,direct,vendor_covariate,calibration
72,38.58921902866704,4421,39.56493653908693,4304,20261005,direct,vendor_covariate,calibration
73,32.40323318264792,4421,33.27819152381016,4299,20261005,direct,vendor_covariate,calibration
74,22.84975163868231,4421,23.5185568746496,4288,20261005,direct,vendor_covariate,calibration
75,16.768787587110292,4421,17.52569226813062,4204,20261005,direct,vendor_covariate,calibration
76,11.016689175453704,4421,11.816112389781894,4021,20261005,direct,vendor_covariate,calibration
77,7.817742577108556,4421,8.492437409773563,3998,20261005,direct,vendor_covariate,calibration
78,4.646766651855427,4421,5.106570838928022,3985,20261005,direct,vendor_covariate,calibration
79,3.0028968751893963,4421,3.493758316774855,3710,20261005,direct,vendor_covariate,calibration
80,2.0403429541454137,4421,2.4467863109140744,3548,20261005,direct,vendor_covariate,calibration
81,1.3895577309348681,4421,1.764999571320933,3245,20261005,direct,vendor_covariate,calibration
82,1.284614402138678,4421,1.8704665504976958,2746,20261005,direct,vendor_covariate,calibration
83,1.0818717184790068,4421,1.6982939519445237,2476,20261005,direct,vendor_covariate,calibration
84,1.064100241120437,4421,1.6834190989963311,2430,20261005,direct,vendor_covariate,calibration
85,1.0803455461092164,4421,1.7327733521905455,2430,20261005,direct,vendor_covariate,calibration
86,1.0289308474805932,4421,1.607444010141455,2430,20261005,direct,vendor_covariate,calibration
87,1.0126521506310318,4421,1.6104132626956873,2430,20261005,direct,vendor_covariate,calibration
88,0.9945115926267873,4421,1.582585004622063,2430,20261005,direct,vendor_covariate,calibration
89,1.0289033472915494,4421,1.652020550706259,2430,20261005,direct,vendor_covariate,calibration
90,0.8280266858055915,4421,1.294315033918055,2430,20261005,direct,vendor_covariate,calibration
91,0.9913575179812542,4421,1.5519889274374448,2430,20261005,direct,vendor_covariate,calibration
92,0.9317937119531298,4421,1.4252057727349638,2430,20261005,direct,vendor_covariate,calibration
93,0.9942357341605758,4421,1.5190093638720337,2430,20261005,direct,vendor_covariate,calibration
94,0.9450885726636525,4421,1.4452276721412753,2430,20261005,direct,vendor_covariate,calibration
95,1.0190703222834399,4421,1.6134389573470556,2430,20261005,direct,vendor_covariate,calibration
96,0.9905994488450904,4421,1.6059736911406732,2430,20261005,direct,vendor_covariate,calibration
1,0.4537179343142342,8898,0.641234523877145,3866,20261005,direct,vendor_covariate,test
2,0.403873785621343,8898,0.4740661645149865,3866,20261005,direct,vendor_covariate,test
3,0.37329488056375876,8898,0.3875734823897088,3866,20261005,direct,vendor_covariate,test
4,0.41695702161449855,8898,0.4157805045420064,3866,20261005,direct,vendor_covariate,test
5,0.7687508202614052,8898,0.7738879254165858,3866,20261005,direct,vendor_covariate,test
6,0.6856250304098236,8898,0.6622605491169394,3866,20261005,direct,vendor_covariate,test
7,0.7931521350179168,8898,0.9400639713303881,3866,20261005,direct,vendor_covariate,test
8,0.7972063472041068,8898,0.8868368170380716,3866,20261005,direct,vendor_covariate,test
9,1.2743984303395255,8898,1.3541437732976025,3866,20261005,direct,vendor_covariate,test
10,0.6499514208575278,8898,0.5659816223825437,3866,20261005,direct,vendor_covariate,test
11,0.6139770055293715,8898,0.5657876027353272,3866,20261005,direct,vendor_covariate,test
12,0.5554817686538585,8898,0.6042595185852618,3862,20261005,direct,vendor_covariate,test
13,1.0205002027082495,8898,1.1696320236392863,3862,20261005,direct,vendor_covariate,test
14,0.9355142005430575,8898,1.3778364142824846,3868,20261005,direct,vendor_covariate,test
15,0.7494271828276565,8898,0.7582243433823121,3862,20261005,direct,vendor_covariate,test
16,0.6974746385431143,8898,0.7457597193769736,3862,20261005,direct,vendor_covariate,test
17,1.1401368422522387,8898,1.2209255730916309,3862,20261005,direct,vendor_covariate,test
18,1.4092702689875858,8898,1.6030834278468948,3862,20261005,direct,vendor_covariate,test
19,1.5381358691151439,8898,1.774612995060397,3862,20261005,direct,vendor_covariate,test
20,1.6104943205812428,8898,1.8531264221818604,3865,20261005,direct,vendor_covariate,test
21,1.926375276961938,8898,2.3819896538152734,3865,20261005,direct,vendor_covariate,test
22,2.023358494003106,8898,2.368497349371842,3865,20261005,direct,vendor_covariate,test
23,2.515764511288218,8898,2.7547773010743226,3865,20261005,direct,vendor_covariate,test
24,2.5758660291429383,8898,2.4846708863279643,3865,20261005,direct,vendor_covariate,test
25,3.06825788418565,8898,3.255296545496629,4107,20261005,direct,vendor_covariate,test
26,3.698439201880368,8898,5.536753032400993,5233,20261005,direct,vendor_covariate,test
27,5.652756853933202,8898,8.876279305269115,5459,20261005,direct,vendor_covariate,test
28,11.85278356436232,8898,17.805028012918378,5794,20261005,direct,vendor_covariate,test
29,21.171682888713168,8898,26.953753023984913,6898,20261005,direct,vendor_covariate,test
30,36.77886541179425,8898,40.04649441648983,8126,20261005,direct,vendor_covariate,test
31,48.96659833671833,8898,49.35708240457826,8809,20261005,direct,vendor_covariate,test
32,65.60922055275542,8898,65.60922055275542,8898,20261005,direct,vendor_covariate,test
33,82.59126953956701,8898,82.59126953956701,8898,20261005,direct,vendor_covariate,test
34,97.9210699293102,8898,97.9210699293102,8898,20261005,direct,vendor_covariate,test
35,110.70997526137664,8898,110.70997526137664,8898,20261005,direct,vendor_covariate,test
36,127.55695643815996,8898,127.55695643815996,8898,20261005,direct,vendor_covariate,test
37,145.24099351466214,8898,145.24099351466214,8898,20261005,direct,vendor_covariate,test
38,162.9164188692897,8898,162.9164188692897,8898,20261005,direct,vendor_covariate,test
39,185.46752255692263,8898,185.46752255692263,8898,20261005,direct,vendor_covariate,test
40,200.73369499176547,8898,200.73369499176547,8898,20261005,direct,vendor_covariate,test
41,207.4720714220534,8898,207.4720714220534,8898,20261005,direct,vendor_covariate,test
42,216.3031266275875,8898,216.3031266275875,8898,20261005,direct,vendor_covariate,test
43,233.70055107320024,8898,233.70055107320024,8898,20261005,direct,vendor_covariate,test
44,237.1728461133779,8898,237.1728461133779,8898,20261005,direct,vendor_covariate,test
45,233.12140218043945,8898,233.12140218043945,8898,20261005,direct,vendor_covariate,test
46,250.78285273573547,8898,250.78285273573547,8898,20261005,direct,vendor_covariate,test
47,258.6535365742431,8898,258.6535365742431,8898,20261005,direct,vendor_covariate,test
48,246.42271916576485,8898,246.42271916576485,8898,20261005,direct,vendor_covariate,test
49,253.87878868253858,8898,253.87878868253858,8898,20261005,direct,vendor_covariate,test
50,260.6243784271246,8898,260.6243784271246,8898,20261005,direct,vendor_covariate,test
51,258.56638171816877,8898,258.56638171816877,8898,20261005,direct,vendor_covariate,test
52,246.42900324417005,8898,246.42900324417005,8898,20261005,direct,vendor_covariate,test
53,263.1630471483975,8898,263.1630471483975,8898,20261005,direct,vendor_covariate,test
54,256.86551371596295,8898,256.86551371596295,8898,20261005,direct,vendor_covariate,test
55,255.35099060047912,8898,255.35099060047912,8898,20261005,direct,vendor_covariate,test
56,246.5587981761881,8898,246.5587981761881,8898,20261005,direct,vendor_covariate,test
57,224.27366335929372,8898,224.27366335929372,8898,20261005,direct,vendor_covariate,test
58,231.64057908323986,8898,231.64057908323986,8898,20261005,direct,vendor_covariate,test
59,224.73946641164792,8898,224.73946641164792,8898,20261005,direct,vendor_covariate,test
60,227.3386199734544,8898,227.3386199734544,8898,20261005,direct,vendor_covariate,test
61,226.00023427910816,8898,226.00023427910816,8898,20261005,direct,vendor_covariate,test
62,215.5554224152539,8898,215.5554224152539,8898,20261005,direct,vendor_covariate,test
63,210.2518098432781,8898,210.2518098432781,8898,20261005,direct,vendor_covariate,test
64,202.94966101880485,8898,202.94966101880485,8898,20261005,direct,vendor_covariate,test
65,181.7861343328114,8898,181.7861343328114,8898,20261005,direct,vendor_covariate,test
66,177.70814218095106,8898,177.70814218095106,8898,20261005,direct,vendor_covariate,test
67,169.1285332162825,8898,169.1285332162825,8898,20261005,direct,vendor_covariate,test
68,152.7997271801376,8898,153.24419642909004,8847,20261005,direct,vendor_covariate,test
69,133.6654365080922,8898,138.06103155769551,8590,20261005,direct,vendor_covariate,test
70,120.32528306670736,8898,134.5016527201693,7935,20261005,direct,vendor_covariate,test
71,94.03892009024526,8898,107.83227885699887,7735,20261005,direct,vendor_covariate,test
72,84.59669289540251,8898,97.11531173829874,7735,20261005,direct,vendor_covariate,test
73,70.71149972654105,8898,81.36389359108102,7720,20261005,direct,vendor_covariate,test
74,54.129790757003725,8898,62.605547843421256,7676,20261005,direct,vendor_covariate,test
75,41.82157893213591,8898,50.385087909890416,7337,20261005,direct,vendor_covariate,test
76,27.590265169812913,8898,35.08489077258967,6903,20261005,direct,vendor_covariate,test
77,19.108168753492368,8898,25.305616855659437,6637,20261005,direct,vendor_covariate,test
78,11.990153798457802,8898,16.251371098536165,6510,20261005,direct,vendor_covariate,test
79,7.284977821937407,8898,11.56078448270161,5473,20261005,direct,vendor_covariate,test
80,3.944124542368335,8898,6.160404282444722,5401,20261005,direct,vendor_covariate,test
81,2.071624110026995,8898,3.124010796598082,5155,20261005,direct,vendor_covariate,test
82,1.1259065607579304,8898,1.4769759736078865,4384,20261005,direct,vendor_covariate,test
83,0.8075419628555589,8898,0.9605181391245537,3906,20261005,direct,vendor_covariate,test
84,0.8321951690397253,8898,0.9388792434237523,3862,20261005,direct,vendor_covariate,test
85,0.7494604940398285,8898,0.8590094069899641,3862,20261005,direct,vendor_covariate,test
86,0.8660149630833192,8898,0.9943511032768014,3862,20261005,direct,vendor_covariate,test
87,0.7457347949834908,8898,0.8653528352264664,3862,20261005,direct,vendor_covariate,test
88,0.7060268763909114,8898,0.816890118739137,3862,20261005,direct,vendor_covariate,test
89,0.6872535577953652,8898,0.7686992015463895,3862,20261005,direct,vendor_covariate,test
90,0.5969946735460461,8898,0.5892044798211074,3862,20261005,direct,vendor_covariate,test
91,0.7239502574118082,8898,0.7303940180914813,3862,20261005,direct,vendor_covariate,test
92,0.7163336169691394,8898,0.6694954649455062,3862,20261005,direct,vendor_covariate,test
93,0.7865084782397681,8898,0.6952445984913055,3862,20261005,direct,vendor_covariate,test
94,0.6319399633118077,8898,0.44420410816932454,3862,20261005,direct,vendor_covariate,test
95,0.6778400758606654,8898,0.6107333941411194,3862,20261005,direct,vendor_covariate,test
96,0.5551415593115285,8898,0.5511384108897196,3862,20261005,direct,vendor_covariate,test
1,0.8162395833511482,4421,0.8187100197902519,2453,20261005,vendor_residual,target_only,calibration
2,0.8563088509859275,4421,1.2301350001371407,2453,20261005,vendor_residual,target_only,calibration
3,1.0864343678965582,4421,1.8384730866450523,2453,20261005,vendor_residual,target_only,calibration
4,1.4434669192362066,4421,2.4885917585179866,2453,20261005,vendor_residual,target_only,calibration
5,1.6146753009093673,4421,2.822318749624364,2453,20261005,vendor_residual,target_only,calibration
6,1.7676704153765601,4421,3.090439789052889,2453,20261005,vendor_residual,target_only,calibration
7,2.156669692743861,4421,3.7699762832216197,2453,20261005,vendor_residual,target_only,calibration
8,2.2669284568821846,4421,3.9687922572265455,2453,20261005,vendor_residual,target_only,calibration
9,2.2715630092674113,4421,3.950514350465168,2453,20261005,vendor_residual,target_only,calibration
10,2.307925158446411,4421,4.017994318484138,2453,20261005,vendor_residual,target_only,calibration
11,2.2320685068172677,4421,3.9161325940797567,2453,20261005,vendor_residual,target_only,calibration
12,2.5395354509936476,4421,4.4163185771341995,2430,20261005,vendor_residual,target_only,calibration
13,2.378580647654937,4421,4.1297138045316295,2430,20261005,vendor_residual,target_only,calibration
14,2.476854345541022,4421,4.241895170289476,2438,20261005,vendor_residual,target_only,calibration
15,2.352406196744339,4421,3.9845183106232245,2430,20261005,vendor_residual,target_only,calibration
16,2.793523379762297,4421,4.879690169051975,2430,20261005,vendor_residual,target_only,calibration
17,2.7552810419549196,4421,4.790589096727149,2430,20261005,vendor_residual,target_only,calibration
18,2.862705174925041,4421,4.970223015441067,2430,20261005,vendor_residual,target_only,calibration
19,2.6532943170886654,4421,4.540685409562923,2430,20261005,vendor_residual,target_only,calibration
20,2.643653823319597,4421,4.586748474925383,2431,20261005,vendor_residual,target_only,calibration
21,2.5733129957302063,4421,4.4203453576612715,2431,20261005,vendor_residual,target_only,calibration
22,2.5328498517222187,4421,4.339588704944984,2431,20261005,vendor_residual,target_only,calibration
23,2.505531774188814,4421,4.238562254125006,2431,20261005,vendor_residual,target_only,calibration
24,2.6577973698721507,4421,4.4963222598951615,2431,20261005,vendor_residual,target_only,calibration
25,2.5961560287834495,4421,4.170198881716457,2577,20261005,vendor_residual,target_only,calibration
26,3.110630665920342,4421,4.006525075161283,3400,20261005,vendor_residual,target_only,calibration
27,4.178332541228385,4421,5.139948604801753,3589,20261005,vendor_residual,target_only,calibration
28,5.615725941624703,4421,6.772544251910768,3663,20261005,vendor_residual,target_only,calibration
29,13.276624853592999,4421,14.441202624802802,4061,20261005,vendor_residual,target_only,calibration
30,21.8885244929285,4421,23.099507589133566,4188,20261005,vendor_residual,target_only,calibration
31,29.88785578915677,4421,30.244552971377367,4368,20261005,vendor_residual,target_only,calibration
32,45.75680409807872,4421,45.75680409807872,4421,20261005,vendor_residual,target_only,calibration
33,55.44831698896339,4421,55.44831698896339,4421,20261005,vendor_residual,target_only,calibration
34,68.29329905196207,4421,68.29329905196207,4421,20261005,vendor_residual,target_only,calibration
35,78.31438023590717,4421,78.31438023590717,4421,20261005,vendor_residual,target_only,calibration
36,88.72791363249684,4421,88.72791363249684,4421,20261005,vendor_residual,target_only,calibration
37,96.5236948351064,4421,96.5236948351064,4421,20261005,vendor_residual,target_only,calibration
38,108.49511661109703,4421,108.49511661109703,4421,20261005,vendor_residual,target_only,calibration
39,115.03393009788171,4421,115.03393009788171,4421,20261005,vendor_residual,target_only,calibration
40,110.21026225945096,4421,110.21026225945096,4421,20261005,vendor_residual,target_only,calibration
41,115.60521068254121,4421,115.60521068254121,4421,20261005,vendor_residual,target_only,calibration
42,130.29532275277037,4421,130.29532275277037,4421,20261005,vendor_residual,target_only,calibration
43,140.6079572669362,4421,140.6079572669362,4421,20261005,vendor_residual,target_only,calibration
44,127.25458545168588,4421,127.25458545168588,4421,20261005,vendor_residual,target_only,calibration
45,128.32258324555494,4421,128.32258324555494,4421,20261005,vendor_residual,target_only,calibration
46,127.98004934085291,4421,127.98004934085291,4421,20261005,vendor_residual,target_only,calibration
47,140.56605628775844,4421,140.56605628775844,4421,20261005,vendor_residual,target_only,calibration
48,136.97410927792262,4421,136.97410927792262,4421,20261005,vendor_residual,target_only,calibration
49,132.21056952670295,4421,132.21056952670295,4421,20261005,vendor_residual,target_only,calibration
50,147.71550582726152,4421,147.71550582726152,4421,20261005,vendor_residual,target_only,calibration
51,154.17115801153662,4421,154.17115801153662,4421,20261005,vendor_residual,target_only,calibration
52,148.6916962621352,4421,148.6916962621352,4421,20261005,vendor_residual,target_only,calibration
53,152.52210148840652,4421,152.52210148840652,4421,20261005,vendor_residual,target_only,calibration
54,158.3922254906985,4421,158.3922254906985,4421,20261005,vendor_residual,target_only,calibration
55,144.05378291264705,4421,144.05378291264705,4421,20261005,vendor_residual,target_only,calibration
56,143.27958598238075,4421,143.27958598238075,4421,20261005,vendor_residual,target_only,calibration
57,140.38025016567448,4421,140.38025016567448,4421,20261005,vendor_residual,target_only,calibration
58,137.06772978152645,4421,137.06772978152645,4421,20261005,vendor_residual,target_only,calibration
59,139.00265155002688,4421,139.00265155002688,4421,20261005,vendor_residual,target_only,calibration
60,140.06398715826123,4421,140.06398715826123,4421,20261005,vendor_residual,target_only,calibration
61,128.71832274807394,4421,128.71832274807394,4421,20261005,vendor_residual,target_only,calibration
62,131.82680299233846,4421,131.82680299233846,4421,20261005,vendor_residual,target_only,calibration
63,131.35378019036085,4421,131.35378019036085,4421,20261005,vendor_residual,target_only,calibration
64,114.70292787485518,4421,114.70292787485518,4421,20261005,vendor_residual,target_only,calibration
65,100.89280930950056,4421,100.89280930950056,4421,20261005,vendor_residual,target_only,calibration
66,94.95739797803638,4421,94.95739797803638,4421,20261005,vendor_residual,target_only,calibration
67,90.90000876989163,4421,90.9205743827355,4420,20261005,vendor_residual,target_only,calibration
68,77.81973563893318,4421,78.09174632023532,4405,20261005,vendor_residual,target_only,calibration
69,61.12471190600229,4421,61.49999622762539,4393,20261005,vendor_residual,target_only,calibration
70,53.550391495320014,4421,54.636950027685344,4330,20261005,vendor_residual,target_only,calibration
71,48.53215975700252,4421,49.815278297323395,4306,20261005,vendor_residual,target_only,calibration
72,38.57887264414224,4421,39.619431025097256,4304,20261005,vendor_residual,target_only,calibration
73,26.802268458852616,4421,27.549734432334315,4299,20261005,vendor_residual,target_only,calibration
74,20.3089926756661,4421,20.92052613014165,4288,20261005,vendor_residual,target_only,calibration
75,16.764678437591613,4421,17.59279451536907,4204,20261005,vendor_residual,target_only,calibration
76,11.637916111118749,4421,12.76493233966546,4021,20261005,vendor_residual,target_only,calibration
77,7.101144775877887,4421,7.840895225066898,3998,20261005,vendor_residual,target_only,calibration
78,4.9921035792220305,4421,5.5281910871475155,3985,20261005,vendor_residual,target_only,calibration
79,3.4971825522234496,4421,4.140684143577814,3710,20261005,vendor_residual,target_only,calibration
80,3.604557894060979,4421,4.444632959265583,3548,20261005,vendor_residual,target_only,calibration
81,3.183109289329592,4421,4.218365475972921,3245,20261005,vendor_residual,target_only,calibration
82,2.712159873254736,4421,4.117128376206496,2746,20261005,vendor_residual,target_only,calibration
83,2.9299858380564854,4421,5.032969512691868,2476,20261005,vendor_residual,target_only,calibration
84,2.896757871875368,4421,5.095401790037697,2430,20261005,vendor_residual,target_only,calibration
85,2.809010368704256,4421,4.958583864349289,2430,20261005,vendor_residual,target_only,calibration
86,2.7492760881724227,4421,4.851152806691519,2430,20261005,vendor_residual,target_only,calibration
87,2.8052597689445813,4421,4.9546607578039135,2430,20261005,vendor_residual,target_only,calibration
88,2.658676059783769,4421,4.69031248816151,2430,20261005,vendor_residual,target_only,calibration
89,2.7250778011925165,4421,4.8485635897788555,2430,20261005,vendor_residual,target_only,calibration
90,2.7510169532128015,4421,4.902086697834249,2430,20261005,vendor_residual,target_only,calibration
91,2.7301231102590657,4421,4.880542443526157,2430,20261005,vendor_residual,target_only,calibration
92,2.5923793908750317,4421,4.645846805183424,2430,20261005,vendor_residual,target_only,calibration
93,2.767443569990266,4421,4.947765600147998,2430,20261005,vendor_residual,target_only,calibration
94,2.844086394158968,4421,5.0964465520598585,2430,20261005,vendor_residual,target_only,calibration
95,2.9913440941724683,4421,5.354618900028199,2430,20261005,vendor_residual,target_only,calibration
96,2.5913978143065037,4421,4.664210063603098,2430,20261005,vendor_residual,target_only,calibration
1,1.9030545775637069,8898,2.094127737167684,3866,20261005,vendor_residual,target_only,test
2,1.6461111362525176,8898,2.632387961256397,3866,20261005,vendor_residual,target_only,test
3,1.598041591347375,8898,3.1577062368546156,3866,20261005,vendor_residual,target_only,test
4,1.9059138939130364,8898,3.8558072813866544,3866,20261005,vendor_residual,target_only,test
5,1.8694668446798743,8898,3.883947944359765,3866,20261005,vendor_residual,target_only,test
6,2.1453414677194993,8898,4.491519899533067,3866,20261005,vendor_residual,target_only,test
7,2.453338982066023,8898,5.129777918912787,3866,20261005,vendor_residual,target_only,test
8,2.3976721217486916,8898,5.095496031091092,3866,20261005,vendor_residual,target_only,test
9,2.491561605204934,8898,5.141774635666218,3866,20261005,vendor_residual,target_only,test
10,2.617849161588277,8898,5.449389378314735,3866,20261005,vendor_residual,target_only,test
11,2.5415712016044636,8898,5.341272094735777,3866,20261005,vendor_residual,target_only,test
12,3.0895509238385843,8898,6.207731843397592,3862,20261005,vendor_residual,target_only,test
13,2.8876202919826954,8898,5.713889979119586,3862,20261005,vendor_residual,target_only,test
14,3.3546335917483985,8898,6.533596334494617,3868,20261005,vendor_residual,target_only,test
15,3.1155965343550194,8898,5.504347610277723,3862,20261005,vendor_residual,target_only,test
16,2.9830777752742006,8898,5.722810517026945,3862,20261005,vendor_residual,target_only,test
17,3.083293610431943,8898,5.948612426050612,3862,20261005,vendor_residual,target_only,test
18,3.1402962222676196,8898,5.680275325742726,3862,20261005,vendor_residual,target_only,test
19,3.209999013243069,8898,5.742107166547197,3862,20261005,vendor_residual,target_only,test
20,2.7861434699429832,8898,4.872587932521576,3865,20261005,vendor_residual,target_only,test
21,3.209006103113259,8898,5.578227479716119,3865,20261005,vendor_residual,target_only,test
22,3.1532766754772688,8898,5.476840379481164,3865,20261005,vendor_residual,target_only,test
23,3.344811746783571,8898,5.634008318606889,3865,20261005,vendor_residual,target_only,test
24,3.478545219364117,8898,5.641808614997557,3865,20261005,vendor_residual,target_only,test
25,3.5431381800431976,8898,5.90618874463789,4107,20261005,vendor_residual,target_only,test
26,5.163162851340155,8898,8.407402923905021,5233,20261005,vendor_residual,target_only,test
27,8.00272532200639,8898,12.863431249467874,5459,20261005,vendor_residual,target_only,test
28,11.056446187954482,8898,16.843781965592644,5794,20261005,vendor_residual,target_only,test
29,17.690323296503113,8898,22.678065825851125,6898,20261005,vendor_residual,target_only,test
30,25.010584435404876,8898,27.36093109336679,8126,20261005,vendor_residual,target_only,test
31,39.105287309046254,8898,39.4979765636524,8809,20261005,vendor_residual,target_only,test
32,46.80129510941395,8898,46.80129510941395,8898,20261005,vendor_residual,target_only,test
33,64.17969311205432,8898,64.17969311205432,8898,20261005,vendor_residual,target_only,test
34,76.31798212018111,8898,76.31798212018111,8898,20261005,vendor_residual,target_only,test
35,87.42613772764538,8898,87.42613772764538,8898,20261005,vendor_residual,target_only,test
36,97.66837330027063,8898,97.66837330027063,8898,20261005,vendor_residual,target_only,test
37,105.61561604611953,8898,105.61561604611953,8898,20261005,vendor_residual,target_only,test
38,121.49740519429936,8898,121.49740519429936,8898,20261005,vendor_residual,target_only,test
39,141.38636570041328,8898,141.38636570041328,8898,20261005,vendor_residual,target_only,test
40,153.46957516576904,8898,153.46957516576904,8898,20261005,vendor_residual,target_only,test
41,161.8457558315438,8898,161.8457558315438,8898,20261005,vendor_residual,target_only,test
42,169.49599296730506,8898,169.49599296730506,8898,20261005,vendor_residual,target_only,test
43,173.4300321581473,8898,173.4300321581473,8898,20261005,vendor_residual,target_only,test
44,169.77803472452663,8898,169.77803472452663,8898,20261005,vendor_residual,target_only,test
45,177.2811856004096,8898,177.2811856004096,8898,20261005,vendor_residual,target_only,test
46,187.0826618544304,8898,187.0826618544304,8898,20261005,vendor_residual,target_only,test
47,194.11589217896235,8898,194.11589217896235,8898,20261005,vendor_residual,target_only,test
48,194.8480698667537,8898,194.8480698667537,8898,20261005,vendor_residual,target_only,test
49,200.43846329090442,8898,200.43846329090442,8898,20261005,vendor_residual,target_only,test
50,206.29414508207466,8898,206.29414508207466,8898,20261005,vendor_residual,target_only,test
51,208.17250250763547,8898,208.17250250763547,8898,20261005,vendor_residual,target_only,test
52,186.19133386653752,8898,186.19133386653752,8898,20261005,vendor_residual,target_only,test
53,196.25623657928125,8898,196.25623657928125,8898,20261005,vendor_residual,target_only,test
54,193.5447454082758,8898,193.5447454082758,8898,20261005,vendor_residual,target_only,test
55,190.0198198989339,8898,190.0198198989339,8898,20261005,vendor_residual,target_only,test
56,192.7177851406839,8898,192.7177851406839,8898,20261005,vendor_residual,target_only,test
57,174.43083196524836,8898,174.43083196524836,8898,20261005,vendor_residual,target_only,test
58,197.5919958912228,8898,197.5919958912228,8898,20261005,vendor_residual,target_only,test
59,184.175486844933,8898,184.175486844933,8898,20261005,vendor_residual,target_only,test
60,194.62879453143097,8898,194.62879453143097,8898,20261005,vendor_residual,target_only,test
61,178.35148519620282,8898,178.35148519620282,8898,20261005,vendor_residual,target_only,test
62,178.58269184777419,8898,178.58269184777419,8898,20261005,vendor_residual,target_only,test
63,176.03271428923728,8898,176.03271428923728,8898,20261005,vendor_residual,target_only,test
64,165.68562493058485,8898,165.68562493058485,8898,20261005,vendor_residual,target_only,test
65,157.71022952526423,8898,157.71022952526423,8898,20261005,vendor_residual,target_only,test
66,144.8662572262816,8898,144.8662572262816,8898,20261005,vendor_residual,target_only,test
67,138.72149856427913,8898,138.72149856427913,8898,20261005,vendor_residual,target_only,test
68,134.9727931962175,8898,135.73016148984604,8847,20261005,vendor_residual,target_only,test
69,113.43140444375824,8898,117.42953757347522,8590,20261005,vendor_residual,target_only,test
70,107.23825212971126,8898,120.0249915338688,7935,20261005,vendor_residual,target_only,test
71,92.17588107593576,8898,105.9292798301778,7735,20261005,vendor_residual,target_only,test
72,75.10549740282568,8898,86.28529182096496,7735,20261005,vendor_residual,target_only,test
73,61.98446630739289,8898,71.3388745515573,7720,20261005,vendor_residual,target_only,test
74,47.13774285978763,8898,54.52938665072746,7676,20261005,vendor_residual,target_only,test
75,42.35950267581965,8898,51.26247928846719,7337,20261005,vendor_residual,target_only,test
76,27.213128101553213,8898,34.98854804108114,6903,20261005,vendor_residual,target_only,test
77,18.46828417655903,8898,24.680759894563078,6637,20261005,vendor_residual,target_only,test
78,12.17678135378013,8898,16.54470611102627,6510,20261005,vendor_residual,target_only,test
79,7.026468092014459,8898,11.199501158078961,5473,20261005,vendor_residual,target_only,test
80,5.851546774373035,8898,9.393202037246322,5401,20261005,vendor_residual,target_only,test
81,4.171933746351817,8898,6.722348559523999,5155,20261005,vendor_residual,target_only,test
82,2.7902729886038253,8898,4.640230931741985,4384,20261005,vendor_residual,target_only,test
83,2.8165108958490483,8898,5.278647694473905,3906,20261005,vendor_residual,target_only,test
84,2.4833156250483017,8898,4.6378261431874295,3862,20261005,vendor_residual,target_only,test
85,2.3571373311742354,8898,4.406574790337418,3862,20261005,vendor_residual,target_only,test
86,2.390614457542987,8898,4.43328518662,3862,20261005,vendor_residual,target_only,test
87,2.274372763068802,8898,4.221078113745789,3862,20261005,vendor_residual,target_only,test
88,2.207321273782744,8898,4.0141881933287005,3862,20261005,vendor_residual,target_only,test
89,1.9593581566685476,8898,3.74031648253899,3862,20261005,vendor_residual,target_only,test
90,1.9299261146386877,8898,3.7049793594881013,3862,20261005,vendor_residual,target_only,test
91,1.8847958980406634,8898,3.681460547856521,3862,20261005,vendor_residual,target_only,test
92,1.737624515042281,8898,3.4547007716102778,3862,20261005,vendor_residual,target_only,test
93,1.9685479930868548,8898,3.929219998656396,3862,20261005,vendor_residual,target_only,test
94,1.925176917791567,8898,3.8832183076146047,3862,20261005,vendor_residual,target_only,test
95,1.9498223737138904,8898,3.8232823267286924,3862,20261005,vendor_residual,target_only,test
96,1.7689476349961162,8898,3.6775666628459036,3862,20261005,vendor_residual,target_only,test
1,0.5872827701072785,4421,0.6755779465432937,2453,20261005,vendor_residual,vendor_covariate,calibration
2,1.0360953075514843,4421,1.7334670525043634,2453,20261005,vendor_residual,vendor_covariate,calibration
3,1.9515084551226094,4421,3.4452320396026184,2453,20261005,vendor_residual,vendor_covariate,calibration
4,2.053282071619683,4421,3.642807025991075,2453,20261005,vendor_residual,vendor_covariate,calibration
5,2.7384203365063917,4421,4.897920377406148,2453,20261005,vendor_residual,vendor_covariate,calibration
6,2.830119625207196,4421,5.073142372600904,2453,20261005,vendor_residual,vendor_covariate,calibration
7,3.139070710735673,4421,5.642106292944149,2453,20261005,vendor_residual,vendor_covariate,calibration
8,3.1901384465148825,4421,5.729009121487466,2453,20261005,vendor_residual,vendor_covariate,calibration
9,3.5655447894593726,4421,6.4015039028440395,2453,20261005,vendor_residual,vendor_covariate,calibration
10,3.312164197743189,4421,5.922023127900525,2453,20261005,vendor_residual,vendor_covariate,calibration
11,3.6145530143119453,4421,6.470841041912943,2453,20261005,vendor_residual,vendor_covariate,calibration
12,3.5692164404961035,4421,6.41217070680012,2430,20261005,vendor_residual,vendor_covariate,calibration
13,3.0496042409494226,4421,5.481844632953804,2430,20261005,vendor_residual,vendor_covariate,calibration
14,3.037046313077065,4421,5.4088272767754,2438,20261005,vendor_residual,vendor_covariate,calibration
15,3.0335704627898905,4421,5.424430237328365,2430,20261005,vendor_residual,vendor_covariate,calibration
16,3.328657707801254,4421,5.967370460857733,2430,20261005,vendor_residual,vendor_covariate,calibration
17,3.300997980877864,4421,5.909092946686838,2430,20261005,vendor_residual,vendor_covariate,calibration
18,3.4521792934458277,4421,6.193688221502121,2430,20261005,vendor_residual,vendor_covariate,calibration
19,3.3302350722116816,4421,5.982043767937387,2430,20261005,vendor_residual,vendor_covariate,calibration
20,3.267971488129311,4421,5.9041741877403116,2431,20261005,vendor_residual,vendor_covariate,calibration
21,3.5051642085685297,4421,6.327705098026256,2431,20261005,vendor_residual,vendor_covariate,calibration
22,3.2433840836933587,4421,5.860476515885497,2431,20261005,vendor_residual,vendor_covariate,calibration
23,3.284336391920247,4421,5.931120230752135,2431,20261005,vendor_residual,vendor_covariate,calibration
24,3.6959975382847783,4421,6.663602068384895,2431,20261005,vendor_residual,vendor_covariate,calibration
25,3.781991978193054,4421,6.450585904593522,2577,20261005,vendor_residual,vendor_covariate,calibration
26,4.526991399463857,4421,5.879291177187098,3400,20261005,vendor_residual,vendor_covariate,calibration
27,5.704702472731079,4421,7.015744794539183,3589,20261005,vendor_residual,vendor_covariate,calibration
28,6.805341894922255,4421,8.209859744381456,3663,20261005,vendor_residual,vendor_covariate,calibration
29,14.649850706504427,4421,15.936808762281713,4061,20261005,vendor_residual,vendor_covariate,calibration
30,22.427050390765036,4421,23.672824420502714,4188,20261005,vendor_residual,vendor_covariate,calibration
31,30.919892183182323,4421,31.292641765523147,4368,20261005,vendor_residual,vendor_covariate,calibration
32,50.80759084554566,4421,50.80759084554566,4421,20261005,vendor_residual,vendor_covariate,calibration
33,59.94723973210498,4421,59.94723973210498,4421,20261005,vendor_residual,vendor_covariate,calibration
34,73.93302015191112,4421,73.93302015191112,4421,20261005,vendor_residual,vendor_covariate,calibration
35,88.89491943619245,4421,88.89491943619245,4421,20261005,vendor_residual,vendor_covariate,calibration
36,91.82118556091274,4421,91.82118556091274,4421,20261005,vendor_residual,vendor_covariate,calibration
37,103.06865815618237,4421,103.06865815618237,4421,20261005,vendor_residual,vendor_covariate,calibration
38,113.33014085691963,4421,113.33014085691963,4421,20261005,vendor_residual,vendor_covariate,calibration
39,124.39341502174601,4421,124.39341502174601,4421,20261005,vendor_residual,vendor_covariate,calibration
40,117.00264670665818,4421,117.00264670665818,4421,20261005,vendor_residual,vendor_covariate,calibration
41,123.15513121295025,4421,123.15513121295025,4421,20261005,vendor_residual,vendor_covariate,calibration
42,139.82843081609397,4421,139.82843081609397,4421,20261005,vendor_residual,vendor_covariate,calibration
43,149.7625902282769,4421,149.7625902282769,4421,20261005,vendor_residual,vendor_covariate,calibration
44,138.98974972874353,4421,138.98974972874353,4421,20261005,vendor_residual,vendor_covariate,calibration
45,142.50692782215344,4421,142.50692782215344,4421,20261005,vendor_residual,vendor_covariate,calibration
46,142.5523927738401,4421,142.5523927738401,4421,20261005,vendor_residual,vendor_covariate,calibration
47,155.86232323337302,4421,155.86232323337302,4421,20261005,vendor_residual,vendor_covariate,calibration
48,146.42914182008388,4421,146.42914182008388,4421,20261005,vendor_residual,vendor_covariate,calibration
49,142.55316003921152,4421,142.55316003921152,4421,20261005,vendor_residual,vendor_covariate,calibration
50,156.41145439235453,4421,156.41145439235453,4421,20261005,vendor_residual,vendor_covariate,calibration
51,167.0442718756501,4421,167.0442718756501,4421,20261005,vendor_residual,vendor_covariate,calibration
52,161.49239905747325,4421,161.49239905747325,4421,20261005,vendor_residual,vendor_covariate,calibration
53,164.95874684702264,4421,164.95874684702264,4421,20261005,vendor_residual,vendor_covariate,calibration
54,164.09137536113454,4421,164.09137536113454,4421,20261005,vendor_residual,vendor_covariate,calibration
55,148.6495994012709,4421,148.6495994012709,4421,20261005,vendor_residual,vendor_covariate,calibration
56,149.27315877883356,4421,149.27315877883356,4421,20261005,vendor_residual,vendor_covariate,calibration
57,150.33800016729143,4421,150.33800016729143,4421,20261005,vendor_residual,vendor_covariate,calibration
58,144.3713053120967,4421,144.3713053120967,4421,20261005,vendor_residual,vendor_covariate,calibration
59,141.42541079491835,4421,141.42541079491835,4421,20261005,vendor_residual,vendor_covariate,calibration
60,145.18629796479615,4421,145.18629796479615,4421,20261005,vendor_residual,vendor_covariate,calibration
61,138.46921298264576,4421,138.46921298264576,4421,20261005,vendor_residual,vendor_covariate,calibration
62,138.27784980410476,4421,138.27784980410476,4421,20261005,vendor_residual,vendor_covariate,calibration
63,138.9616025095146,4421,138.9616025095146,4421,20261005,vendor_residual,vendor_covariate,calibration
64,125.12931063882566,4421,125.12931063882566,4421,20261005,vendor_residual,vendor_covariate,calibration
65,108.95757441390727,4421,108.95757441390727,4421,20261005,vendor_residual,vendor_covariate,calibration
66,101.55483293521185,4421,101.55483293521185,4421,20261005,vendor_residual,vendor_covariate,calibration
67,101.29888475916556,4421,101.32180305888484,4420,20261005,vendor_residual,vendor_covariate,calibration
68,80.38230416344273,4421,80.67427167005229,4405,20261005,vendor_residual,vendor_covariate,calibration
69,63.81905381760508,4421,64.22579544366586,4393,20261005,vendor_residual,vendor_covariate,calibration
70,58.693052854708945,4421,59.92202983614182,4330,20261005,vendor_residual,vendor_covariate,calibration
71,53.89523083664756,4421,55.33306960826119,4306,20261005,vendor_residual,vendor_covariate,calibration
72,39.54451003163423,4421,40.619484003934446,4304,20261005,vendor_residual,vendor_covariate,calibration
73,26.99748284985194,4421,27.759725129732512,4299,20261005,vendor_residual,vendor_covariate,calibration
74,20.761032837361398,4421,21.404346082560103,4288,20261005,vendor_residual,vendor_covariate,calibration
75,17.38463543274348,4421,18.281369443590588,4204,20261005,vendor_residual,vendor_covariate,calibration
76,12.093546198608689,4421,13.295944134792725,4021,20261005,vendor_residual,vendor_covariate,calibration
77,7.538122770878951,4421,8.334764480800036,3998,20261005,vendor_residual,vendor_covariate,calibration
78,5.9203310201523305,4421,6.564178050636361,3985,20261005,vendor_residual,vendor_covariate,calibration
79,4.589668718933527,4421,5.466658902001935,3710,20261005,vendor_residual,vendor_covariate,calibration
80,4.419789393967597,4421,5.503998540314924,3548,20261005,vendor_residual,vendor_covariate,calibration
81,4.0583760082635525,4421,5.523213495382016,3245,20261005,vendor_residual,vendor_covariate,calibration
82,3.768059094638867,4421,6.044841289408443,2746,20261005,vendor_residual,vendor_covariate,calibration
83,3.809622372858666,4421,6.773302353464034,2476,20261005,vendor_residual,vendor_covariate,calibration
84,4.073285469659253,4421,7.379258754588817,2430,20261005,vendor_residual,vendor_covariate,calibration
85,3.88990820744136,4421,7.051049619833766,2430,20261005,vendor_residual,vendor_covariate,calibration
86,4.06212308733973,4421,7.364161286890744,2430,20261005,vendor_residual,vendor_covariate,calibration
87,3.9943356302655726,4421,7.240751314005497,2430,20261005,vendor_residual,vendor_covariate,calibration
88,3.947030757105146,4421,7.153487452007294,2430,20261005,vendor_residual,vendor_covariate,calibration
89,3.953139573384705,4421,7.1672847981606855,2430,20261005,vendor_residual,vendor_covariate,calibration
90,3.907479556061548,4421,7.087602616023702,2430,20261005,vendor_residual,vendor_covariate,calibration
91,3.9156769622076784,4421,7.109076433343652,2430,20261005,vendor_residual,vendor_covariate,calibration
92,3.7033925906385483,4421,6.721421152237734,2430,20261005,vendor_residual,vendor_covariate,calibration
93,3.8030633751194047,4421,6.901334961488414,2430,20261005,vendor_residual,vendor_covariate,calibration
94,3.862369081322943,4421,7.0160088432908685,2430,20261005,vendor_residual,vendor_covariate,calibration
95,3.936815611581492,4421,7.154923011907741,2430,20261005,vendor_residual,vendor_covariate,calibration
96,3.319308972631054,4421,6.035706591434631,2430,20261005,vendor_residual,vendor_covariate,calibration
1,0.9523867838696657,8898,0.5514194568984638,3866,20261005,vendor_residual,vendor_covariate,test
2,0.7706923893878335,8898,1.136520573055645,3866,20261005,vendor_residual,vendor_covariate,test
3,1.0544426741257045,8898,2.104210008305485,3866,20261005,vendor_residual,vendor_covariate,test
4,1.3391762908300737,8898,2.760106746069338,3866,20261005,vendor_residual,vendor_covariate,test
5,1.5631702618754586,8898,3.4065052108484486,3866,20261005,vendor_residual,vendor_covariate,test
6,1.6132805884755466,8898,3.5268857796889415,3866,20261005,vendor_residual,vendor_covariate,test
7,1.6378083385358464,8898,3.6998365520490855,3866,20261005,vendor_residual,vendor_covariate,test
8,1.9199568971094128,8898,4.282102371701625,3866,20261005,vendor_residual,vendor_covariate,test
9,2.0177085397555157,8898,4.494756551835447,3866,20261005,vendor_residual,vendor_covariate,test
10,2.22270048956821,8898,4.780675563854368,3866,20261005,vendor_residual,vendor_covariate,test
11,2.1480750090538474,8898,4.624931890164554,3866,20261005,vendor_residual,vendor_covariate,test
12,2.3157128477521156,8898,4.819241602462885,3862,20261005,vendor_residual,vendor_covariate,test
13,2.0240454358981004,8898,4.255830231989246,3862,20261005,vendor_residual,vendor_covariate,test
14,2.6667186679387838,8898,5.449117218011329,3868,20261005,vendor_residual,vendor_covariate,test
15,2.4864962029698234,8898,5.032516372654332,3862,20261005,vendor_residual,vendor_covariate,test
16,2.5524799200535786,8898,5.263851242616931,3862,20261005,vendor_residual,vendor_covariate,test
17,2.629103922288306,8898,5.380671606274505,3862,20261005,vendor_residual,vendor_covariate,test
18,2.5181911085637245,8898,5.218803674035191,3862,20261005,vendor_residual,vendor_covariate,test
19,2.200825100897454,8898,4.6109491686195865,3862,20261005,vendor_residual,vendor_covariate,test
20,1.7400557225712219,8898,3.8178119947035034,3865,20261005,vendor_residual,vendor_covariate,test
21,1.6542479585865932,8898,3.585267019820885,3865,20261005,vendor_residual,vendor_covariate,test
22,1.4655774290534018,8898,3.2013871466687953,3865,20261005,vendor_residual,vendor_covariate,test
23,1.5039764872176622,8898,3.2626058636232607,3865,20261005,vendor_residual,vendor_covariate,test
24,1.5705532327739549,8898,3.3101224767703825,3865,20261005,vendor_residual,vendor_covariate,test
25,1.807498608169375,8898,3.719342180026384,4107,20261005,vendor_residual,vendor_covariate,test
26,3.855372341312172,8898,6.489897001998181,5233,20261005,vendor_residual,vendor_covariate,test
27,6.473363307581602,8898,10.41611303839051,5459,20261005,vendor_residual,vendor_covariate,test
28,10.555546877644165,8898,16.151318363807412,5794,20261005,vendor_residual,vendor_covariate,test
29,17.07909970875378,8898,21.848906779847383,6898,20261005,vendor_residual,vendor_covariate,test
30,24.25058835765579,8898,26.5133399246133,8126,20261005,vendor_residual,vendor_covariate,test
31,38.77787530643138,8898,39.16870172050848,8809,20261005,vendor_residual,vendor_covariate,test
32,47.288923760868364,8898,47.288923760868364,8898,20261005,vendor_residual,vendor_covariate,test
33,59.94762888137324,8898,59.94762888137324,8898,20261005,vendor_residual,vendor_covariate,test
34,72.58616538192325,8898,72.58616538192325,8898,20261005,vendor_residual,vendor_covariate,test
35,87.040414614378,8898,87.040414614378,8898,20261005,vendor_residual,vendor_covariate,test
36,93.23787194359753,8898,93.23787194359753,8898,20261005,vendor_residual,vendor_covariate,test
37,101.8098051354489,8898,101.8098051354489,8898,20261005,vendor_residual,vendor_covariate,test
38,116.80312182932894,8898,116.80312182932894,8898,20261005,vendor_residual,vendor_covariate,test
39,135.77743428946405,8898,135.77743428946405,8898,20261005,vendor_residual,vendor_covariate,test
40,143.98859263300866,8898,143.98859263300866,8898,20261005,vendor_residual,vendor_covariate,test
41,151.9861038501334,8898,151.9861038501334,8898,20261005,vendor_residual,vendor_covariate,test
42,163.45640965976253,8898,163.45640965976253,8898,20261005,vendor_residual,vendor_covariate,test
43,171.3092454684056,8898,171.3092454684056,8898,20261005,vendor_residual,vendor_covariate,test
44,164.53889993327007,8898,164.53889993327007,8898,20261005,vendor_residual,vendor_covariate,test
45,172.7013718093843,8898,172.7013718093843,8898,20261005,vendor_residual,vendor_covariate,test
46,184.94894612961994,8898,184.94894612961994,8898,20261005,vendor_residual,vendor_covariate,test
47,189.90895768886244,8898,189.90895768886244,8898,20261005,vendor_residual,vendor_covariate,test
48,189.85719029840516,8898,189.85719029840516,8898,20261005,vendor_residual,vendor_covariate,test
49,196.68900561702887,8898,196.68900561702887,8898,20261005,vendor_residual,vendor_covariate,test
50,202.6865122147739,8898,202.6865122147739,8898,20261005,vendor_residual,vendor_covariate,test
51,204.52288686971892,8898,204.52288686971892,8898,20261005,vendor_residual,vendor_covariate,test
52,180.24080506076564,8898,180.24080506076564,8898,20261005,vendor_residual,vendor_covariate,test
53,195.8961972831134,8898,195.8961972831134,8898,20261005,vendor_residual,vendor_covariate,test
54,193.03509335133683,8898,193.03509335133683,8898,20261005,vendor_residual,vendor_covariate,test
55,190.72102839749382,8898,190.72102839749382,8898,20261005,vendor_residual,vendor_covariate,test
56,185.7363395617065,8898,185.7363395617065,8898,20261005,vendor_residual,vendor_covariate,test
57,172.9277323905838,8898,172.9277323905838,8898,20261005,vendor_residual,vendor_covariate,test
58,191.1423758094006,8898,191.1423758094006,8898,20261005,vendor_residual,vendor_covariate,test
59,170.10419012072418,8898,170.10419012072418,8898,20261005,vendor_residual,vendor_covariate,test
60,175.79903188001714,8898,175.79903188001714,8898,20261005,vendor_residual,vendor_covariate,test
61,164.9213214450763,8898,164.9213214450763,8898,20261005,vendor_residual,vendor_covariate,test
62,164.2539002512051,8898,164.2539002512051,8898,20261005,vendor_residual,vendor_covariate,test
63,166.21604142650034,8898,166.21604142650034,8898,20261005,vendor_residual,vendor_covariate,test
64,153.50779937741984,8898,153.50779937741984,8898,20261005,vendor_residual,vendor_covariate,test
65,149.6119951636539,8898,149.6119951636539,8898,20261005,vendor_residual,vendor_covariate,test
66,142.3816409488418,8898,142.3816409488418,8898,20261005,vendor_residual,vendor_covariate,test
67,143.7921045670298,8898,143.7921045670298,8898,20261005,vendor_residual,vendor_covariate,test
68,132.33333258003455,8898,133.09619004149965,8847,20261005,vendor_residual,vendor_covariate,test
69,114.49434227361948,8898,118.59935663952092,8590,20261005,vendor_residual,vendor_covariate,test
70,112.08804592313017,8898,125.65493922483806,7935,20261005,vendor_residual,vendor_covariate,test
71,100.05737683866563,8898,115.08559061561049,7735,20261005,vendor_residual,vendor_covariate,test
72,78.79607993360213,8898,90.63270745325545,7735,20261005,vendor_residual,vendor_covariate,test
73,63.68683858669852,8898,73.38051229087006,7720,20261005,vendor_residual,vendor_covariate,test
74,49.47799413684712,8898,57.34153505889924,7676,20261005,vendor_residual,vendor_covariate,test
75,42.859119885584334,8898,51.966336402895955,7337,20261005,vendor_residual,vendor_covariate,test
76,26.974078538857846,8898,34.75227944270588,6903,20261005,vendor_residual,vendor_covariate,test
77,17.270326116837584,8898,23.134229763979206,6637,20261005,vendor_residual,vendor_covariate,test
78,12.79684057876759,8898,17.46191597315728,6510,20261005,vendor_residual,vendor_covariate,test
79,6.861909711734965,8898,11.118353917966811,5473,20261005,vendor_residual,vendor_covariate,test
80,4.201946366858841,8898,6.8876405688906335,5401,20261005,vendor_residual,vendor_covariate,test
81,2.2655808872738454,8898,3.8705484765884175,5155,20261005,vendor_residual,vendor_covariate,test
82,1.3796816363891033,8898,2.6910181176723587,4384,20261005,vendor_residual,vendor_covariate,test
83,1.4605078509351106,8898,3.2200466383122377,3906,20261005,vendor_residual,vendor_covariate,test
84,1.3988591415365283,8898,3.098562830840616,3862,20261005,vendor_residual,vendor_covariate,test
85,1.3395944206345465,8898,2.980849588930533,3862,20261005,vendor_residual,vendor_covariate,test
86,1.3597668067009951,8898,3.026210508438652,3862,20261005,vendor_residual,vendor_covariate,test
87,1.34404342965639,8898,2.986999228910997,3862,20261005,vendor_residual,vendor_covariate,test
88,1.4140755834108454,8898,3.147885256442286,3862,20261005,vendor_residual,vendor_covariate,test
89,1.3843376436539767,8898,3.0827971353166186,3862,20261005,vendor_residual,vendor_covariate,test
90,1.3566213272123044,8898,3.0399496384166196,3862,20261005,vendor_residual,vendor_covariate,test
91,1.2950960241838678,8898,2.9089810294227565,3862,20261005,vendor_residual,vendor_covariate,test
92,1.2503066806152725,8898,2.791103227937249,3862,20261005,vendor_residual,vendor_covariate,test
93,1.3704321877934864,8898,3.0653532744713385,3862,20261005,vendor_residual,vendor_covariate,test
94,1.3189316041828094,8898,2.9833430662386577,3862,20261005,vendor_residual,vendor_covariate,test
95,1.276515857354155,8898,2.9067366968511554,3862,20261005,vendor_residual,vendor_covariate,test
96,0.9795850798834423,8898,2.242805764697283,3862,20261005,vendor_residual,vendor_covariate,test
1,0.6383526002150008,4421,0.9904218821475397,2453,20261006,direct,target_only,calibration
2,0.6652378920635077,4421,1.0385062399730725,2453,20261006,direct,target_only,calibration
3,0.8763824597235328,4421,1.4037356802117713,2453,20261006,direct,target_only,calibration
4,0.8772320903578992,4421,1.3840644165168865,2453,20261006,direct,target_only,calibration
5,0.6023594353982521,4421,0.9174791352069358,2453,20261006,direct,target_only,calibration
6,0.8862377128554763,4421,1.3663837931324305,2453,20261006,direct,target_only,calibration
7,0.7194123004026605,4421,1.0829503268695977,2453,20261006,direct,target_only,calibration
8,0.7599086580712502,4421,1.1683092282783534,2453,20261006,direct,target_only,calibration
9,0.7134195031457912,4421,1.0839932444742686,2453,20261006,direct,target_only,calibration
10,0.7827824492312317,4421,1.1900789114134822,2453,20261006,direct,target_only,calibration
11,0.5802293065926947,4421,0.8845615447944967,2453,20261006,direct,target_only,calibration
12,0.6182279177878105,4421,0.9170300714886477,2430,20261006,direct,target_only,calibration
13,0.8431680772635872,4421,1.2240593264929551,2430,20261006,direct,target_only,calibration
14,0.886738042209573,4421,1.326040038770222,2438,20261006,direct,target_only,calibration
15,0.9106702341680099,4421,1.3523369139236678,2430,20261006,direct,target_only,calibration
16,0.7844664389796318,4421,1.2195978495319193,2430,20261006,direct,target_only,calibration
17,0.9003126937133429,4421,1.3442293969707357,2430,20261006,direct,target_only,calibration
18,1.142220356652023,4421,1.7214878241435736,2430,20261006,direct,target_only,calibration
19,1.3046710755886834,4421,1.9918096893309754,2430,20261006,direct,target_only,calibration
20,1.0658724583085863,4421,1.6178134046958514,2431,20261006,direct,target_only,calibration
21,0.9693858619266184,4421,1.474603253964937,2431,20261006,direct,target_only,calibration
22,0.9775769088207265,4421,1.428534968485094,2431,20261006,direct,target_only,calibration
23,0.9138845152700763,4421,1.2869106016099967,2431,20261006,direct,target_only,calibration
24,0.7433284510167607,4421,1.0133718389030109,2431,20261006,direct,target_only,calibration
25,0.9050068765736693,4421,1.1689816059300377,2577,20261006,direct,target_only,calibration
26,1.403110589546085,4421,1.6882718801757095,3400,20261006,direct,target_only,calibration
27,2.686310724072945,4421,3.228999989231743,3589,20261006,direct,target_only,calibration
28,4.814883107151606,4421,5.651076488334431,3663,20261006,direct,target_only,calibration
29,10.569784943987969,4421,11.412939169795626,4061,20261006,direct,target_only,calibration
30,19.482906680816424,4421,20.434896689728696,4188,20261006,direct,target_only,calibration
31,31.503753621319827,4421,31.81560536070832,4368,20261006,direct,target_only,calibration
32,46.287236400196385,4421,46.287236400196385,4421,20261006,direct,target_only,calibration
33,61.3940041470275,4421,61.3940041470275,4421,20261006,direct,target_only,calibration
34,80.92179541410977,4421,80.92179541410977,4421,20261006,direct,target_only,calibration
35,100.99984192677782,4421,100.99984192677782,4421,20261006,direct,target_only,calibration
36,120.84258989746363,4421,120.84258989746363,4421,20261006,direct,target_only,calibration
37,137.77819791280075,4421,137.77819791280075,4421,20261006,direct,target_only,calibration
38,151.12385065466995,4421,151.12385065466995,4421,20261006,direct,target_only,calibration
39,168.6451072726071,4421,168.6451072726071,4421,20261006,direct,target_only,calibration
40,180.00537237593323,4421,180.00537237593323,4421,20261006,direct,target_only,calibration
41,183.4940572725135,4421,183.4940572725135,4421,20261006,direct,target_only,calibration
42,200.51689914363362,4421,200.51689914363362,4421,20261006,direct,target_only,calibration
43,205.87961883323038,4421,205.87961883323038,4421,20261006,direct,target_only,calibration
44,208.7676327143339,4421,208.7676327143339,4421,20261006,direct,target_only,calibration
45,211.57375114676884,4421,211.57375114676884,4421,20261006,direct,target_only,calibration
46,222.15886125387487,4421,222.15886125387487,4421,20261006,direct,target_only,calibration
47,236.2340139893672,4421,236.2340139893672,4421,20261006,direct,target_only,calibration
48,232.61649285622062,4421,232.61649285622062,4421,20261006,direct,target_only,calibration
49,234.368985515146,4421,234.368985515146,4421,20261006,direct,target_only,calibration
50,219.5939834821928,4421,219.5939834821928,4421,20261006,direct,target_only,calibration
51,225.261917873971,4421,225.261917873971,4421,20261006,direct,target_only,calibration
52,219.2765729845015,4421,219.2765729845015,4421,20261006,direct,target_only,calibration
53,214.1145078622275,4421,214.1145078622275,4421,20261006,direct,target_only,calibration
54,209.61821687260962,4421,209.61821687260962,4421,20261006,direct,target_only,calibration
55,207.68583289272132,4421,207.68583289272132,4421,20261006,direct,target_only,calibration
56,208.52502156259166,4421,208.52502156259166,4421,20261006,direct,target_only,calibration
57,214.92269004329626,4421,214.92269004329626,4421,20261006,direct,target_only,calibration
58,209.510679452189,4421,209.510679452189,4421,20261006,direct,target_only,calibration
59,196.40416289367974,4421,196.40416289367974,4421,20261006,direct,target_only,calibration
60,188.35756759615512,4421,188.35756759615512,4421,20261006,direct,target_only,calibration
61,178.8431117507808,4421,178.8431117507808,4421,20261006,direct,target_only,calibration
62,173.76547030623252,4421,173.76547030623252,4421,20261006,direct,target_only,calibration
63,172.40593594681067,4421,172.40593594681067,4421,20261006,direct,target_only,calibration
64,153.77490648799053,4421,153.77490648799053,4421,20261006,direct,target_only,calibration
65,133.95671577145276,4421,133.95671577145276,4421,20261006,direct,target_only,calibration
66,120.9943392180577,4421,120.9943392180577,4421,20261006,direct,target_only,calibration
67,110.07039037548482,4421,110.09499799533751,4420,20261006,direct,target_only,calibration
68,95.47833165990977,4421,95.69413613915977,4405,20261006,direct,target_only,calibration
69,75.06608531183285,4421,75.44442124851928,4393,20261006,direct,target_only,calibration
70,58.595449644683555,4421,59.69711113212475,4330,20261006,direct,target_only,calibration
71,42.44995415852306,4421,43.49094597118203,4306,20261006,direct,target_only,calibration
72,34.240783751507735,4421,35.10739627694956,4304,20261006,direct,target_only,calibration
73,29.341034435493725,4421,30.12676490786927,4299,20261006,direct,target_only,calibration
74,20.871956961366582,4421,21.471884896389057,4288,20261006,direct,target_only,calibration
75,16.49598081843583,4421,17.176094337686745,4204,20261006,direct,target_only,calibration
76,10.71859873965999,4421,11.31987030777371,4021,20261006,direct,target_only,calibration
77,8.077736436618636,4421,8.628836305036579,3998,20261006,direct,target_only,calibration
78,5.157242703585119,4421,5.558650908202816,3985,20261006,direct,target_only,calibration
79,3.1015742145564253,4421,3.5142506043532125,3710,20261006,direct,target_only,calibration
80,1.9431015361529969,4421,2.2650905648054,3548,20261006,direct,target_only,calibration
81,1.3702996033198411,4421,1.6609072304435342,3245,20261006,direct,target_only,calibration
82,1.2177288869250404,4421,1.6312529968036609,2746,20261006,direct,target_only,calibration
83,1.0742294825476835,4421,1.5368696052129422,2476,20261006,direct,target_only,calibration
84,1.3723646284053024,4421,1.985716616199831,2430,20261006,direct,target_only,calibration
85,1.1545876737796081,4421,1.651083214072043,2430,20261006,direct,target_only,calibration
86,1.3072547815526079,4421,1.8829163146117096,2430,20261006,direct,target_only,calibration
87,1.1958154451183753,4421,1.7278615869121787,2430,20261006,direct,target_only,calibration
88,1.1198186413232247,4421,1.626455873091525,2430,20261006,direct,target_only,calibration
89,0.9491640411939213,4421,1.4501417355159674,2430,20261006,direct,target_only,calibration
90,0.9034151726113108,4421,1.3676722312047158,2430,20261006,direct,target_only,calibration
91,1.1803086742883462,4421,1.7539766029320627,2430,20261006,direct,target_only,calibration
92,1.222013976051645,4421,1.7423833584466588,2430,20261006,direct,target_only,calibration
93,1.3978213850485472,4421,2.0272614871278223,2430,20261006,direct,target_only,calibration
94,1.2990589611901333,4421,1.8414200931051632,2430,20261006,direct,target_only,calibration
95,1.0663919391249996,4421,1.5479229142084534,2430,20261006,direct,target_only,calibration
96,0.9822065007212043,4421,1.4198639097895642,2430,20261006,direct,target_only,calibration
1,0.5782654710925246,8898,0.7416671097752237,3866,20261006,direct,target_only,test
2,0.5156096107671638,8898,0.6099293905137366,3866,20261006,direct,target_only,test
3,0.48072774846305216,8898,0.5264229702089219,3866,20261006,direct,target_only,test
4,0.5652339082518923,8898,0.567440354429326,3866,20261006,direct,target_only,test
5,0.4585170946833506,8898,0.44248457113810874,3866,20261006,direct,target_only,test
6,0.5853856878642743,8898,0.5515075127821945,3866,20261006,direct,target_only,test
7,0.586587253190886,8898,0.5206107241203946,3866,20261006,direct,target_only,test
8,0.5773258126618382,8898,0.5654092754376594,3866,20261006,direct,target_only,test
9,0.5510555228444869,8898,0.5057881399488054,3866,20261006,direct,target_only,test
10,0.6365859151174055,8898,0.5112917599394972,3866,20261006,direct,target_only,test
11,0.44436099659792816,8898,0.3458639996802503,3866,20261006,direct,target_only,test
12,0.6795726046835404,8898,0.7733276175640829,3862,20261006,direct,target_only,test
13,1.1722385422642456,8898,1.494948925572587,3862,20261006,direct,target_only,test
14,1.3595125804873536,8898,1.9797652473733058,3868,20261006,direct,target_only,test
15,1.0914510964631137,8898,1.2450349525307247,3862,20261006,direct,target_only,test
16,0.7047446893027562,8898,0.7218859063047609,3862,20261006,direct,target_only,test
17,0.9968722791507381,8898,1.0860951500643354,3862,20261006,direct,target_only,test
18,1.2024888208410818,8898,1.3988373530057998,3862,20261006,direct,target_only,test
19,1.579132839089486,8898,1.995581860285096,3862,20261006,direct,target_only,test
20,1.239897453443293,8898,1.4331607611027015,3865,20261006,direct,target_only,test
21,1.2589289432278066,8898,1.57735022877043,3865,20261006,direct,target_only,test
22,1.2804844236310675,8898,1.4858515298150492,3865,20261006,direct,target_only,test
23,1.2782284492156815,8898,1.367531703030817,3865,20261006,direct,target_only,test
24,1.0942443942922344,8898,0.9877290766247648,3865,20261006,direct,target_only,test
25,1.4846293151543062,8898,1.5077800761580844,4107,20261006,direct,target_only,test
26,2.8423004952819535,8898,4.229303496699697,5233,20261006,direct,target_only,test
27,5.8464797262282815,8898,9.193561858394686,5459,20261006,direct,target_only,test
28,11.837403244719367,8898,17.63314583223286,5794,20261006,direct,target_only,test
29,21.249691668914025,8898,26.95788984390546,6898,20261006,direct,target_only,test
30,35.59216795738216,8898,38.79025554706312,8126,20261006,direct,target_only,test
31,49.62027643120391,8898,50.03458421354154,8809,20261006,direct,target_only,test
32,66.82496610659149,8898,66.82496610659149,8898,20261006,direct,target_only,test
33,83.19599767629485,8898,83.19599767629485,8898,20261006,direct,target_only,test
34,102.47057633875939,8898,102.47057633875939,8898,20261006,direct,target_only,test
35,116.68743683785937,8898,116.68743683785937,8898,20261006,direct,target_only,test
36,133.27541341124618,8898,133.27541341124618,8898,20261006,direct,target_only,test
37,147.36148488192012,8898,147.36148488192012,8898,20261006,direct,target_only,test
38,164.12542127647075,8898,164.12542127647075,8898,20261006,direct,target_only,test
39,181.58559213086977,8898,181.58559213086977,8898,20261006,direct,target_only,test
40,198.83372804317116,8898,198.83372804317116,8898,20261006,direct,target_only,test
41,206.05927273637877,8898,206.05927273637877,8898,20261006,direct,target_only,test
42,215.87237420913658,8898,215.87237420913658,8898,20261006,direct,target_only,test
43,228.7635614685354,8898,228.7635614685354,8898,20261006,direct,target_only,test
44,232.7274235931934,8898,232.7274235931934,8898,20261006,direct,target_only,test
45,227.57987516921597,8898,227.57987516921597,8898,20261006,direct,target_only,test
46,244.7373280222713,8898,244.7373280222713,8898,20261006,direct,target_only,test
47,258.7745246581681,8898,258.7745246581681,8898,20261006,direct,target_only,test
48,245.30650069288848,8898,245.30650069288848,8898,20261006,direct,target_only,test
49,257.68088722212593,8898,257.68088722212593,8898,20261006,direct,target_only,test
50,260.01547772997424,8898,260.01547772997424,8898,20261006,direct,target_only,test
51,253.22976787030115,8898,253.22976787030115,8898,20261006,direct,target_only,test
52,241.4768100323649,8898,241.4768100323649,8898,20261006,direct,target_only,test
53,258.5722923028312,8898,258.5722923028312,8898,20261006,direct,target_only,test
54,256.4185813487947,8898,256.4185813487947,8898,20261006,direct,target_only,test
55,248.9942086349765,8898,248.9942086349765,8898,20261006,direct,target_only,test
56,243.7390505935646,8898,243.7390505935646,8898,20261006,direct,target_only,test
57,235.18785916629798,8898,235.18785916629798,8898,20261006,direct,target_only,test
58,232.75033344028472,8898,232.75033344028472,8898,20261006,direct,target_only,test
59,221.74345783709518,8898,221.74345783709518,8898,20261006,direct,target_only,test
60,222.08411847639834,8898,222.08411847639834,8898,20261006,direct,target_only,test
61,225.00203581830178,8898,225.00203581830178,8898,20261006,direct,target_only,test
62,207.89289675119852,8898,207.89289675119852,8898,20261006,direct,target_only,test
63,207.79922569746176,8898,207.79922569746176,8898,20261006,direct,target_only,test
64,196.62977835989676,8898,196.62977835989676,8898,20261006,direct,target_only,test
65,183.8634231917627,8898,183.8634231917627,8898,20261006,direct,target_only,test
66,174.58912205235478,8898,174.58912205235478,8898,20261006,direct,target_only,test
67,164.84997700017166,8898,164.84997700017166,8898,20261006,direct,target_only,test
68,153.79047623197013,8898,154.42340735614658,8847,20261006,direct,target_only,test
69,132.4949643290399,8898,137.01059071861476,8590,20261006,direct,target_only,test
70,116.08911758484685,8898,129.79309373282013,7935,20261006,direct,target_only,test
71,90.47577211206936,8898,103.79587273941183,7735,20261006,direct,target_only,test
72,80.86189555457089,8898,92.8206390193109,7735,20261006,direct,target_only,test
73,70.86108009986954,8898,81.53470431717298,7720,20261006,direct,target_only,test
74,52.54348952482574,8898,60.76429617585803,7676,20261006,direct,target_only,test
75,41.85207191632977,8898,50.268332430025175,7337,20261006,direct,target_only,test
76,27.61418218235713,8898,34.779964549658715,6903,20261006,direct,target_only,test
77,20.147082960168984,8898,26.35763535946623,6637,20261006,direct,target_only,test
78,12.5889155619088,8898,16.81661539869678,6510,20261006,direct,target_only,test
79,7.273303225548928,8898,11.291517879915924,5473,20261006,direct,target_only,test
80,3.8416846979519135,8898,5.89274669091302,5401,20261006,direct,target_only,test
81,2.06796697894076,8898,2.975480892337727,5155,20261006,direct,target_only,test
82,1.2787400263722837,8898,1.3587969242010722,4384,20261006,direct,target_only,test
83,1.0463740100073453,8898,0.9984321833954894,3906,20261006,direct,target_only,test
84,1.4552024132744814,8898,1.4853165743960302,3862,20261006,direct,target_only,test
85,1.27240702810566,8898,1.3451369713040784,3862,20261006,direct,target_only,test
86,1.3455053949559048,8898,1.44526954916615,3862,20261006,direct,target_only,test
87,1.2311144734057289,8898,1.324585613679355,3862,20261006,direct,target_only,test
88,1.1335832377216217,8898,1.2064390685399662,3862,20261006,direct,target_only,test
89,0.860486350666374,8898,0.9641987775533943,3862,20261006,direct,target_only,test
90,0.9010650173179633,8898,0.9925323255063029,3862,20261006,direct,target_only,test
91,1.1551409132433663,8898,1.2282021891408668,3862,20261006,direct,target_only,test
92,1.310470629376283,8898,1.388583413793564,3862,20261006,direct,target_only,test
93,1.3928851852489472,8898,1.3728687568055973,3862,20261006,direct,target_only,test
94,1.2905596868978857,8898,1.286700054096441,3862,20261006,direct,target_only,test
95,1.0685078059665392,8898,1.1102469245898854,3862,20261006,direct,target_only,test
96,1.0524272696356018,8898,1.1128613976139532,3862,20261006,direct,target_only,test
1,1.4697894405710956,4421,2.2372320802389507,2453,20261006,direct,vendor_covariate,calibration
2,1.183075159219827,4421,1.8363474555195132,2453,20261006,direct,vendor_covariate,calibration
3,1.2513154085782003,4421,1.9360423826252229,2453,20261006,direct,vendor_covariate,calibration
4,1.3935228305153828,4421,2.223421771732329,2453,20261006,direct,vendor_covariate,calibration
5,1.373407405455005,4421,2.1177718560213257,2453,20261006,direct,vendor_covariate,calibration
6,1.6091159219788065,4421,2.499051621879872,2453,20261006,direct,vendor_covariate,calibration
7,1.1340269347034588,4421,1.7684915916279682,2453,20261006,direct,vendor_covariate,calibration
8,1.3975286520638366,4421,2.1770351019821215,2453,20261006,direct,vendor_covariate,calibration
9,1.3371876838219514,4421,2.0502703701215426,2453,20261006,direct,vendor_covariate,calibration
10,1.1537088662406163,4421,1.7779846837264977,2453,20261006,direct,vendor_covariate,calibration
11,1.0919345352049599,4421,1.6293183267724014,2453,20261006,direct,vendor_covariate,calibration
12,1.1909420786956753,4421,1.819132971622571,2430,20261006,direct,vendor_covariate,calibration
13,1.3522619478584845,4421,2.057077756701919,2430,20261006,direct,vendor_covariate,calibration
14,1.054590710901184,4421,1.6419482900653344,2438,20261006,direct,vendor_covariate,calibration
15,1.356757726783992,4421,2.1036722017720404,2430,20261006,direct,vendor_covariate,calibration
16,1.29614882764622,4421,2.007168431592331,2430,20261006,direct,vendor_covariate,calibration
17,1.6254816946266626,4421,2.4295211521931637,2430,20261006,direct,vendor_covariate,calibration
18,1.5769170279235651,4421,2.369237606080226,2430,20261006,direct,vendor_covariate,calibration
19,1.6209398397282222,4421,2.4057317612899674,2430,20261006,direct,vendor_covariate,calibration
20,1.4553272338757648,4421,2.18313953233787,2431,20261006,direct,vendor_covariate,calibration
21,1.501064198194849,4421,2.1817546951343547,2431,20261006,direct,vendor_covariate,calibration
22,1.9560021385151565,4421,2.8007079191647275,2431,20261006,direct,vendor_covariate,calibration
23,1.7535199387147735,4421,2.410181022953688,2431,20261006,direct,vendor_covariate,calibration
24,1.9045066180708696,4421,2.5428270401014763,2431,20261006,direct,vendor_covariate,calibration
25,2.0662851613042323,4421,2.62374522049937,2577,20261006,direct,vendor_covariate,calibration
26,2.3689580092404907,4421,2.8500181746526505,3400,20261006,direct,vendor_covariate,calibration
27,2.832885086436924,4421,3.3873317382439443,3589,20261006,direct,vendor_covariate,calibration
28,5.087898623107924,4421,5.984963983179153,3663,20261006,direct,vendor_covariate,calibration
29,11.85403967794481,4421,12.772854661869914,4061,20261006,direct,vendor_covariate,calibration
30,22.389131809629035,4421,23.43516615497677,4188,20261006,direct,vendor_covariate,calibration
31,35.76956794322625,4421,36.11895192450843,4368,20261006,direct,vendor_covariate,calibration
32,51.74377356748801,4421,51.74377356748801,4421,20261006,direct,vendor_covariate,calibration
33,71.00883227936819,4421,71.00883227936819,4421,20261006,direct,vendor_covariate,calibration
34,90.52631716484285,4421,90.52631716484285,4421,20261006,direct,vendor_covariate,calibration
35,106.75900457029056,4421,106.75900457029056,4421,20261006,direct,vendor_covariate,calibration
36,128.23117670650032,4421,128.23117670650032,4421,20261006,direct,vendor_covariate,calibration
37,139.67068156569263,4421,139.67068156569263,4421,20261006,direct,vendor_covariate,calibration
38,151.7791307166849,4421,151.7791307166849,4421,20261006,direct,vendor_covariate,calibration
39,163.32855786911148,4421,163.32855786911148,4421,20261006,direct,vendor_covariate,calibration
40,176.65411639866687,4421,176.65411639866687,4421,20261006,direct,vendor_covariate,calibration
41,180.55282658392306,4421,180.55282658392306,4421,20261006,direct,vendor_covariate,calibration
42,189.47652622796485,4421,189.47652622796485,4421,20261006,direct,vendor_covariate,calibration
43,198.75432948053754,4421,198.75432948053754,4421,20261006,direct,vendor_covariate,calibration
44,205.22141413729713,4421,205.22141413729713,4421,20261006,direct,vendor_covariate,calibration
45,212.88201684326276,4421,212.88201684326276,4421,20261006,direct,vendor_covariate,calibration
46,219.6421016626729,4421,219.6421016626729,4421,20261006,direct,vendor_covariate,calibration
47,236.06637790797961,4421,236.06637790797961,4421,20261006,direct,vendor_covariate,calibration
48,225.46835652284798,4421,225.46835652284798,4421,20261006,direct,vendor_covariate,calibration
49,226.79902160306898,4421,226.79902160306898,4421,20261006,direct,vendor_covariate,calibration
50,215.1901268178563,4421,215.1901268178563,4421,20261006,direct,vendor_covariate,calibration
51,225.95433187022303,4421,225.95433187022303,4421,20261006,direct,vendor_covariate,calibration
52,223.20356205994594,4421,223.20356205994594,4421,20261006,direct,vendor_covariate,calibration
53,217.46822867424873,4421,217.46822867424873,4421,20261006,direct,vendor_covariate,calibration
54,210.01771367239658,4421,210.01771367239658,4421,20261006,direct,vendor_covariate,calibration
55,210.93715123929297,4421,210.93715123929297,4421,20261006,direct,vendor_covariate,calibration
56,209.80153866341766,4421,209.80153866341766,4421,20261006,direct,vendor_covariate,calibration
57,217.69139394710788,4421,217.69139394710788,4421,20261006,direct,vendor_covariate,calibration
58,210.17459901718027,4421,210.17459901718027,4421,20261006,direct,vendor_covariate,calibration
59,196.79905170949337,4421,196.79905170949337,4421,20261006,direct,vendor_covariate,calibration
60,188.32219288237116,4421,188.32219288237116,4421,20261006,direct,vendor_covariate,calibration
61,185.03176190698545,4421,185.03176190698545,4421,20261006,direct,vendor_covariate,calibration
62,174.23455211650972,4421,174.23455211650972,4421,20261006,direct,vendor_covariate,calibration
63,169.6536478855085,4421,169.6536478855085,4421,20261006,direct,vendor_covariate,calibration
64,151.3008635047995,4421,151.3008635047995,4421,20261006,direct,vendor_covariate,calibration
65,126.61636181110994,4421,126.61636181110994,4421,20261006,direct,vendor_covariate,calibration
66,116.12255503372491,4421,116.12255503372491,4421,20261006,direct,vendor_covariate,calibration
67,108.51747694217954,4421,108.54184817939542,4420,20261006,direct,vendor_covariate,calibration
68,93.80892709517896,4421,93.95484453842391,4405,20261006,direct,vendor_covariate,calibration
69,77.61443724518463,4421,77.9526048815659,4393,20261006,direct,vendor_covariate,calibration
70,62.04584865104592,4421,63.20345247077538,4330,20261006,direct,vendor_covariate,calibration
71,45.3819477646697,4421,46.447502793374795,4306,20261006,direct,vendor_covariate,calibration
72,36.76747076944567,4421,37.67903138821926,4304,20261006,direct,vendor_covariate,calibration
73,30.977403569147935,4421,31.80609857720401,4299,20261006,direct,vendor_covariate,calibration
74,21.561833213389743,4421,22.18664234545218,4288,20261006,direct,vendor_covariate,calibration
75,16.054203034982862,4421,16.783591841467477,4204,20261006,direct,vendor_covariate,calibration
76,10.506313771657327,4421,11.247950420877624,4021,20261006,direct,vendor_covariate,calibration
77,7.515022453636758,4421,8.144401722916857,3998,20261006,direct,vendor_covariate,calibration
78,4.4761681020378035,4421,4.917999680098754,3985,20261006,direct,vendor_covariate,calibration
79,2.919867524356442,4421,3.395510219485873,3710,20261006,direct,vendor_covariate,calibration
80,1.931814486670774,4421,2.3256691353288748,3548,20261006,direct,vendor_covariate,calibration
81,1.2668855720065166,4421,1.613267609464146,3245,20261006,direct,vendor_covariate,calibration
82,0.9839708169999873,4421,1.4672299066719432,2746,20261006,direct,vendor_covariate,calibration
83,0.7710524161323979,4421,1.2044328110355462,2476,20261006,direct,vendor_covariate,calibration
84,0.9897778697195595,4421,1.5808744729178432,2430,20261006,direct,vendor_covariate,calibration
85,0.9016220664727259,4421,1.4396936773885916,2430,20261006,direct,vendor_covariate,calibration
86,0.8534277193897101,4421,1.3448550354122135,2430,20261006,direct,vendor_covariate,calibration
87,1.0052406524026376,4421,1.6168903188327703,2430,20261006,direct,vendor_covariate,calibration
88,1.0290431749885423,4421,1.6553376423110686,2430,20261006,direct,vendor_covariate,calibration
89,0.9461272559610057,4421,1.5395026042812154,2430,20261006,direct,vendor_covariate,calibration
90,0.9762917787672518,4421,1.5315823830265567,2430,20261006,direct,vendor_covariate,calibration
91,1.119855013001669,4421,1.7561285971798033,2430,20261006,direct,vendor_covariate,calibration
92,1.0480815691090202,4421,1.577447804851542,2430,20261006,direct,vendor_covariate,calibration
93,1.1631672976041805,4421,1.7765201693699684,2430,20261006,direct,vendor_covariate,calibration
94,1.1479803829967261,4421,1.734348733441084,2430,20261006,direct,vendor_covariate,calibration
95,1.084835610459682,4421,1.7122431200411585,2430,20261006,direct,vendor_covariate,calibration
96,0.9448341483735196,4421,1.5099131536888488,2430,20261006,direct,vendor_covariate,calibration
1,1.5595531875573407,8898,2.070363815738957,3866,20261006,direct,vendor_covariate,test
2,0.8950113843220103,8898,1.018717240844504,3866,20261006,direct,vendor_covariate,test
3,1.0852637474548015,8898,1.1479865926179593,3866,20261006,direct,vendor_covariate,test
4,0.8898169065870033,8898,0.936081709104147,3866,20261006,direct,vendor_covariate,test
5,1.285294140109262,8898,1.3149603825316423,3866,20261006,direct,vendor_covariate,test
6,1.3504606905398484,8898,1.3769743154786596,3866,20261006,direct,vendor_covariate,test
7,1.0280057064887236,8898,1.1583860167955033,3866,20261006,direct,vendor_covariate,test
8,1.2096893134960018,8898,1.3017550984689503,3866,20261006,direct,vendor_covariate,test
9,1.1743371800428886,8898,1.1642334255309408,3866,20261006,direct,vendor_covariate,test
10,0.9412852525018167,8898,0.8572971509356173,3866,20261006,direct,vendor_covariate,test
11,1.1542267486743558,8898,1.1197625007854983,3866,20261006,direct,vendor_covariate,test
12,1.0991250577570202,8898,1.1743760581586122,3862,20261006,direct,vendor_covariate,test
13,1.471069092932042,8898,1.7087596595742915,3862,20261006,direct,vendor_covariate,test
14,1.2761083226253744,8898,1.7763831431650237,3868,20261006,direct,vendor_covariate,test
15,1.2189796830856765,8898,1.327974683402086,3862,20261006,direct,vendor_covariate,test
16,1.140681190122732,8898,1.238853500728654,3862,20261006,direct,vendor_covariate,test
17,1.793258900308065,8898,1.9807528801559475,3862,20261006,direct,vendor_covariate,test
18,1.7620930495676324,8898,2.0557360190653173,3862,20261006,direct,vendor_covariate,test
19,2.038858584981771,8898,2.3943900184938323,3862,20261006,direct,vendor_covariate,test
20,1.7655105165095577,8898,2.052885890346295,3865,20261006,direct,vendor_covariate,test
21,2.0497382321694406,8898,2.501516605275569,3865,20261006,direct,vendor_covariate,test
22,2.626365850696532,8898,3.1071945399354375,3865,20261006,direct,vendor_covariate,test
23,2.6276524569868545,8898,2.8461485703773364,3865,20261006,direct,vendor_covariate,test
24,3.000419186167779,8898,2.903061753067093,3865,20261006,direct,vendor_covariate,test
25,3.5942724402128325,8898,3.9132081759360666,4107,20261006,direct,vendor_covariate,test
26,4.152570138629304,8898,6.095701285977662,5233,20261006,direct,vendor_covariate,test
27,5.455208010570464,8898,8.498431364229257,5459,20261006,direct,vendor_covariate,test
28,11.502349800592707,8898,17.08900229370323,5794,20261006,direct,vendor_covariate,test
29,20.35730449188399,8898,25.755175039246108,6898,20261006,direct,vendor_covariate,test
30,34.35474373455725,8898,37.31189116553502,8126,20261006,direct,vendor_covariate,test
31,45.76852311510908,8898,46.12001982109122,8809,20261006,direct,vendor_covariate,test
32,62.045122417412244,8898,62.045122417412244,8898,20261006,direct,vendor_covariate,test
33,79.48345090662335,8898,79.48345090662335,8898,20261006,direct,vendor_covariate,test
34,96.20767752990383,8898,96.20767752990383,8898,20261006,direct,vendor_covariate,test
35,109.82178024835085,8898,109.82178024835085,8898,20261006,direct,vendor_covariate,test
36,126.9742036395273,8898,126.9742036395273,8898,20261006,direct,vendor_covariate,test
37,142.2414752838376,8898,142.2414752838376,8898,20261006,direct,vendor_covariate,test
38,159.2741847062495,8898,159.2741847062495,8898,20261006,direct,vendor_covariate,test
39,179.7917408105664,8898,179.7917408105664,8898,20261006,direct,vendor_covariate,test
40,195.04271962165006,8898,195.04271962165006,8898,20261006,direct,vendor_covariate,test
41,199.05731108522676,8898,199.05731108522676,8898,20261006,direct,vendor_covariate,test
42,208.64021708116343,8898,208.64021708116343,8898,20261006,direct,vendor_covariate,test
43,220.74632360934407,8898,220.74632360934407,8898,20261006,direct,vendor_covariate,test
44,223.39991178465883,8898,223.39991178465883,8898,20261006,direct,vendor_covariate,test
45,222.98894245186466,8898,222.98894245186466,8898,20261006,direct,vendor_covariate,test
46,237.74028599106074,8898,237.74028599106074,8898,20261006,direct,vendor_covariate,test
47,246.603883077047,8898,246.603883077047,8898,20261006,direct,vendor_covariate,test
48,233.28205348207382,8898,233.28205348207382,8898,20261006,direct,vendor_covariate,test
49,242.48804018533608,8898,242.48804018533608,8898,20261006,direct,vendor_covariate,test
50,246.61604015828712,8898,246.61604015828712,8898,20261006,direct,vendor_covariate,test
51,242.59954316637302,8898,242.59954316637302,8898,20261006,direct,vendor_covariate,test
52,233.88263219396006,8898,233.88263219396006,8898,20261006,direct,vendor_covariate,test
53,245.68326929527962,8898,245.68326929527962,8898,20261006,direct,vendor_covariate,test
54,237.99761881402935,8898,237.99761881402935,8898,20261006,direct,vendor_covariate,test
55,240.19761873660602,8898,240.19761873660602,8898,20261006,direct,vendor_covariate,test
56,230.97567627406065,8898,230.97567627406065,8898,20261006,direct,vendor_covariate,test
57,214.0269194482027,8898,214.0269194482027,8898,20261006,direct,vendor_covariate,test
58,224.36663496698853,8898,224.36663496698853,8898,20261006,direct,vendor_covariate,test
59,217.08843702797887,8898,217.08843702797887,8898,20261006,direct,vendor_covariate,test
60,218.73000769322257,8898,218.73000769322257,8898,20261006,direct,vendor_covariate,test
61,215.2726078193229,8898,215.2726078193229,8898,20261006,direct,vendor_covariate,test
62,206.2976480240476,8898,206.2976480240476,8898,20261006,direct,vendor_covariate,test
63,202.9936168703384,8898,202.9936168703384,8898,20261006,direct,vendor_covariate,test
64,194.9046741565177,8898,194.9046741565177,8898,20261006,direct,vendor_covariate,test
65,173.81575441026908,8898,173.81575441026908,8898,20261006,direct,vendor_covariate,test
66,167.5354314493883,8898,167.5354314493883,8898,20261006,direct,vendor_covariate,test
67,163.41889742746946,8898,163.41889742746946,8898,20261006,direct,vendor_covariate,test
68,147.39025538352456,8898,147.86557821940272,8847,20261006,direct,vendor_covariate,test
69,131.68191672533783,8898,136.05940333421606,8590,20261006,direct,vendor_covariate,test
70,117.52601959635673,8898,131.3785527820815,7935,20261006,direct,vendor_covariate,test
71,91.4187486961129,8898,104.80587271606588,7735,20261006,direct,vendor_covariate,test
72,81.15169869443885,8898,93.14130150479305,7735,20261006,direct,vendor_covariate,test
73,68.72471747095857,8898,79.08170714700266,7720,20261006,direct,vendor_covariate,test
74,52.43753716918558,8898,60.667149809282684,7676,20261006,direct,vendor_covariate,test
75,40.821246086656714,8898,49.19953602216782,7337,20261006,direct,vendor_covariate,test
76,26.75168754919574,8898,33.97691189271432,6903,20261006,direct,vendor_covariate,test
77,18.715397091178772,8898,24.738546527468,6637,20261006,direct,vendor_covariate,test
78,11.48242660224441,8898,15.55773130103657,6510,20261006,direct,vendor_covariate,test
79,7.317653381966155,8898,11.631066667315606,5473,20261006,direct,vendor_covariate,test
80,3.8825185440002996,8898,6.099728696927194,5401,20261006,direct,vendor_covariate,test
81,1.8274203243751328,8898,2.7264787654632703,5155,20261006,direct,vendor_covariate,test
82,0.7701209693946465,8898,1.0624662548732513,4384,20261006,direct,vendor_covariate,test
83,0.5973696715987015,8898,0.7514872350713312,3906,20261006,direct,vendor_covariate,test
84,0.7971503434388336,8898,1.003168509772471,3862,20261006,direct,vendor_covariate,test
85,0.6728051486417775,8898,0.8051574458534516,3862,20261006,direct,vendor_covariate,test
86,0.7210915234977341,8898,0.8933735804459643,3862,20261006,direct,vendor_covariate,test
87,0.7638080323273666,8898,0.9616461608236716,3862,20261006,direct,vendor_covariate,test
88,0.7523031414478722,8898,0.9623729603038064,3862,20261006,direct,vendor_covariate,test
89,0.655781041234179,8898,0.7721800446695518,3862,20261006,direct,vendor_covariate,test
90,0.8075826339035135,8898,0.9262978364031035,3862,20261006,direct,vendor_covariate,test
91,0.915479569435689,8898,1.0319875197428179,3862,20261006,direct,vendor_covariate,test
92,1.0076537097220837,8898,1.1656989756178695,3862,20261006,direct,vendor_covariate,test
93,1.0408090813050688,8898,1.105764866330536,3862,20261006,direct,vendor_covariate,test
94,0.9765031798341839,8898,0.97535315971264,3862,20261006,direct,vendor_covariate,test
95,0.8006329736736189,8898,0.768480672317271,3862,20261006,direct,vendor_covariate,test
96,0.6206840011966305,8898,0.6374358043329262,3862,20261006,direct,vendor_covariate,test
1,0.7299053050482501,4421,0.7686091062263634,2453,20261006,vendor_residual,target_only,calibration
2,0.6857814899967475,4421,0.9967922449899367,2453,20261006,vendor_residual,target_only,calibration
3,1.054736352112036,4421,1.781339925113584,2453,20261006,vendor_residual,target_only,calibration
4,1.0400794721388626,4421,1.8042378243441624,2453,20261006,vendor_residual,target_only,calibration
5,1.4470872312659222,4421,2.5194932863820925,2453,20261006,vendor_residual,target_only,calibration
6,1.5809369647932938,4421,2.7682844837865526,2453,20261006,vendor_residual,target_only,calibration
7,1.9061899625073377,4421,3.3390064577323746,2453,20261006,vendor_residual,target_only,calibration
8,1.8692546992958907,4421,3.277262170278933,2453,20261006,vendor_residual,target_only,calibration
9,1.9017494020232737,4421,3.3129662687399892,2453,20261006,vendor_residual,target_only,calibration
10,2.0241359459023287,4421,3.497298227135233,2453,20261006,vendor_residual,target_only,calibration
11,2.0076204760962977,4421,3.4971317926776657,2453,20261006,vendor_residual,target_only,calibration
12,2.1294868134098923,4421,3.696119799986367,2430,20261006,vendor_residual,target_only,calibration
13,2.060166486160419,4421,3.573223017534546,2430,20261006,vendor_residual,target_only,calibration
14,2.1064613555174154,4421,3.6151446089863057,2438,20261006,vendor_residual,target_only,calibration
15,2.197182299362909,4421,3.7097667432160195,2430,20261006,vendor_residual,target_only,calibration
16,2.311110398440969,4421,4.037759123164576,2430,20261006,vendor_residual,target_only,calibration
17,2.4833820634974724,4421,4.300328665043452,2430,20261006,vendor_residual,target_only,calibration
18,2.497919939557959,4421,4.337716162255812,2430,20261006,vendor_residual,target_only,calibration
19,2.5313680100536367,4421,4.325790069620278,2430,20261006,vendor_residual,target_only,calibration
20,2.338149605640422,4421,4.057146710156896,2431,20261006,vendor_residual,target_only,calibration
21,2.370433135163672,4421,4.076634665966074,2431,20261006,vendor_residual,target_only,calibration
22,2.2591062729824434,4421,3.8725367767528676,2431,20261006,vendor_residual,target_only,calibration
23,2.329484879951749,4421,3.963125508499467,2431,20261006,vendor_residual,target_only,calibration
24,2.2675352779586664,4421,3.841886915331258,2431,20261006,vendor_residual,target_only,calibration
25,2.3172762345584683,4421,3.7342711180059305,2577,20261006,vendor_residual,target_only,calibration
26,3.0148880759993535,4421,3.8927215792800416,3400,20261006,vendor_residual,target_only,calibration
27,3.9969204669407814,4421,4.918971745796384,3589,20261006,vendor_residual,target_only,calibration
28,5.677173120745944,4421,6.84642594421108,3663,20261006,vendor_residual,target_only,calibration
29,12.722578284580152,4421,13.842220824484585,4061,20261006,vendor_residual,target_only,calibration
30,21.208480333139697,4421,22.38463787889112,4188,20261006,vendor_residual,target_only,calibration
31,29.836720262697362,4421,30.193091790315975,4368,20261006,vendor_residual,target_only,calibration
32,45.41093024715491,4421,45.41093024715491,4421,20261006,vendor_residual,target_only,calibration
33,54.49126647486581,4421,54.49126647486581,4421,20261006,vendor_residual,target_only,calibration
34,67.70473682141406,4421,67.70473682141406,4421,20261006,vendor_residual,target_only,calibration
35,78.71020364203562,4421,78.71020364203562,4421,20261006,vendor_residual,target_only,calibration
36,89.07613704806245,4421,89.07613704806245,4421,20261006,vendor_residual,target_only,calibration
37,96.32906486569307,4421,96.32906486569307,4421,20261006,vendor_residual,target_only,calibration
38,108.85037133398448,4421,108.85037133398448,4421,20261006,vendor_residual,target_only,calibration
39,114.9624877779319,4421,114.9624877779319,4421,20261006,vendor_residual,target_only,calibration
40,110.18909638052547,4421,110.18909638052547,4421,20261006,vendor_residual,target_only,calibration
41,113.6239180245138,4421,113.6239180245138,4421,20261006,vendor_residual,target_only,calibration
42,127.10116080346607,4421,127.10116080346607,4421,20261006,vendor_residual,target_only,calibration
43,138.69038152243746,4421,138.69038152243746,4421,20261006,vendor_residual,target_only,calibration
44,125.53882639326967,4421,125.53882639326967,4421,20261006,vendor_residual,target_only,calibration
45,128.36411336287563,4421,128.36411336287563,4421,20261006,vendor_residual,target_only,calibration
46,127.64430702288314,4421,127.64430702288314,4421,20261006,vendor_residual,target_only,calibration
47,141.93351811863718,4421,141.93351811863718,4421,20261006,vendor_residual,target_only,calibration
48,138.1438440341669,4421,138.1438440341669,4421,20261006,vendor_residual,target_only,calibration
49,132.78993597190822,4421,132.78993597190822,4421,20261006,vendor_residual,target_only,calibration
50,149.19308933486852,4421,149.19308933486852,4421,20261006,vendor_residual,target_only,calibration
51,157.11868791383318,4421,157.11868791383318,4421,20261006,vendor_residual,target_only,calibration
52,149.84745257736319,4421,149.84745257736319,4421,20261006,vendor_residual,target_only,calibration
53,153.76212015674614,4421,153.76212015674614,4421,20261006,vendor_residual,target_only,calibration
54,157.9166659293813,4421,157.9166659293813,4421,20261006,vendor_residual,target_only,calibration
55,143.4796369267245,4421,143.4796369267245,4421,20261006,vendor_residual,target_only,calibration
56,143.177599171822,4421,143.177599171822,4421,20261006,vendor_residual,target_only,calibration
57,139.62733987260148,4421,139.62733987260148,4421,20261006,vendor_residual,target_only,calibration
58,136.95670223871983,4421,136.95670223871983,4421,20261006,vendor_residual,target_only,calibration
59,141.67088128749234,4421,141.67088128749234,4421,20261006,vendor_residual,target_only,calibration
60,140.97411159058385,4421,140.97411159058385,4421,20261006,vendor_residual,target_only,calibration
61,130.34225468556147,4421,130.34225468556147,4421,20261006,vendor_residual,target_only,calibration
62,132.87337706357295,4421,132.87337706357295,4421,20261006,vendor_residual,target_only,calibration
63,132.28492864340245,4421,132.28492864340245,4421,20261006,vendor_residual,target_only,calibration
64,111.14470625254147,4421,111.14470625254147,4421,20261006,vendor_residual,target_only,calibration
65,98.5969399536178,4421,98.5969399536178,4421,20261006,vendor_residual,target_only,calibration
66,94.4035711277254,4421,94.4035711277254,4421,20261006,vendor_residual,target_only,calibration
67,90.21802051059905,4421,90.23843182745665,4420,20261006,vendor_residual,target_only,calibration
68,76.7167523194014,4421,76.9842424856822,4405,20261006,vendor_residual,target_only,calibration
69,60.509574904874434,4421,60.8771112862794,4393,20261006,vendor_residual,target_only,calibration
70,53.262789882634124,4421,54.33651740931969,4330,20261006,vendor_residual,target_only,calibration
71,48.98741145374981,4421,50.27766235853386,4306,20261006,vendor_residual,target_only,calibration
72,38.50718785706408,4421,39.542367897480766,4304,20261006,vendor_residual,target_only,calibration
73,27.004929697193425,4421,27.751581062372043,4299,20261006,vendor_residual,target_only,calibration
74,20.98007889432454,4421,21.60628362589078,4288,20261006,vendor_residual,target_only,calibration
75,17.381748119666888,4421,18.222283791433295,4204,20261006,vendor_residual,target_only,calibration
76,12.137759157282321,4421,13.298870444592955,4021,20261006,vendor_residual,target_only,calibration
77,7.421974396991802,4421,8.187368961876874,3998,20261006,vendor_residual,target_only,calibration
78,5.21871191372619,4421,5.776872265857304,3985,20261006,vendor_residual,target_only,calibration
79,3.5951012397761173,4421,4.257673089095797,3710,20261006,vendor_residual,target_only,calibration
80,3.6335101281468636,4421,4.488008325788788,3548,20261006,vendor_residual,target_only,calibration
81,3.2018256325582115,4421,4.279598667308788,3245,20261006,vendor_residual,target_only,calibration
82,2.7301547299151117,4421,4.193654091982305,2746,20261006,vendor_residual,target_only,calibration
83,2.8135351245207696,4421,4.880621998874152,2476,20261006,vendor_residual,target_only,calibration
84,2.714867255620284,4421,4.815674277782103,2430,20261006,vendor_residual,target_only,calibration
85,2.650716305180121,4421,4.712986470067705,2430,20261006,vendor_residual,target_only,calibration
86,2.5927322813857128,4421,4.618217771857164,2430,20261006,vendor_residual,target_only,calibration
87,2.519478232602007,4421,4.4956523045916645,2430,20261006,vendor_residual,target_only,calibration
88,2.457116397342361,4421,4.385984512861749,2430,20261006,vendor_residual,target_only,calibration
89,2.511706136259397,4421,4.5077790484284606,2430,20261006,vendor_residual,target_only,calibration
90,2.5541322331137097,4421,4.593759155435556,2430,20261006,vendor_residual,target_only,calibration
91,2.5517253381971883,4421,4.596006569812082,2430,20261006,vendor_residual,target_only,calibration
92,2.3981251999904045,4421,4.323464151417047,2430,20261006,vendor_residual,target_only,calibration
93,2.5765433444711996,4421,4.644419989649613,2430,20261006,vendor_residual,target_only,calibration
94,2.6533077280797057,4421,4.782166977872336,2430,20261006,vendor_residual,target_only,calibration
95,2.6622063894459638,4421,4.797741873236373,2430,20261006,vendor_residual,target_only,calibration
96,2.378022942578444,4421,4.297018215051611,2430,20261006,vendor_residual,target_only,calibration
1,1.641114288420977,8898,1.8447788278055528,3866,20261006,vendor_residual,target_only,test
2,1.4095781582747715,8898,2.3296834638935358,3866,20261006,vendor_residual,target_only,test
3,1.7081302874690056,8898,3.4085058547651315,3866,20261006,vendor_residual,target_only,test
4,1.6340914563887572,8898,3.4343340251007226,3866,20261006,vendor_residual,target_only,test
5,1.8874010957873166,8898,3.940819910413668,3866,20261006,vendor_residual,target_only,test
6,2.110650620073802,8898,4.492499837464669,3866,20261006,vendor_residual,target_only,test
7,2.323063213782125,8898,4.948625878611579,3866,20261006,vendor_residual,target_only,test
8,2.205946403733662,8898,4.768578659179122,3866,20261006,vendor_residual,target_only,test
9,2.2860050235186664,8898,4.826028529115564,3866,20261006,vendor_residual,target_only,test
10,2.6055772975435967,8898,5.447259218363594,3866,20261006,vendor_residual,target_only,test
11,2.577930307203941,8898,5.440601494678803,3866,20261006,vendor_residual,target_only,test
12,2.8566329164340383,8898,5.849887970946684,3862,20261006,vendor_residual,target_only,test
13,2.6894519284495675,8898,5.402317051123261,3862,20261006,vendor_residual,target_only,test
14,3.012693934677069,8898,6.038850297655736,3868,20261006,vendor_residual,target_only,test
15,3.0735813905639358,8898,5.460629205706692,3862,20261006,vendor_residual,target_only,test
16,2.594789130475781,8898,5.062569466144366,3862,20261006,vendor_residual,target_only,test
17,2.9650493607234405,8898,5.715291755097657,3862,20261006,vendor_residual,target_only,test
18,2.8738499643962165,8898,5.228848623898115,3862,20261006,vendor_residual,target_only,test
19,3.237226116080063,8898,5.77592869985336,3862,20261006,vendor_residual,target_only,test
20,2.5932456201632568,8898,4.563176908767403,3865,20261006,vendor_residual,target_only,test
21,3.0642783953630315,8898,5.4422685262516985,3865,20261006,vendor_residual,target_only,test
22,2.9068982242440162,8898,5.156047675725829,3865,20261006,vendor_residual,target_only,test
23,3.053315640019915,8898,5.27721717962947,3865,20261006,vendor_residual,target_only,test
24,3.07243648184639,8898,5.127427604637756,3865,20261006,vendor_residual,target_only,test
25,3.1178424364295707,8898,5.287921892271005,4107,20261006,vendor_residual,target_only,test
26,4.954516851148313,8898,8.118500178122753,5233,20261006,vendor_residual,target_only,test
27,7.634484553274161,8898,12.30066229458354,5459,20261006,vendor_residual,target_only,test
28,11.02381637654256,8898,16.810391584209817,5794,20261006,vendor_residual,target_only,test
29,17.36679272065544,8898,22.3009404026961,6898,20261006,vendor_residual,target_only,test
30,24.972488892372443,8898,27.330793308839425,8126,20261006,vendor_residual,target_only,test
31,39.61778580734667,8898,40.01576280985827,8809,20261006,vendor_residual,target_only,test
32,47.39214347216918,8898,47.39214347216918,8898,20261006,vendor_residual,target_only,test
33,64.51523707199058,8898,64.51523707199058,8898,20261006,vendor_residual,target_only,test
34,76.96283164917868,8898,76.96283164917868,8898,20261006,vendor_residual,target_only,test
35,88.29137066919918,8898,88.29137066919918,8898,20261006,vendor_residual,target_only,test
36,99.03514855820409,8898,99.03514855820409,8898,20261006,vendor_residual,target_only,test
37,106.94138428645392,8898,106.94138428645392,8898,20261006,vendor_residual,target_only,test
38,121.69987215409434,8898,121.69987215409434,8898,20261006,vendor_residual,target_only,test
39,140.36442951368807,8898,140.36442951368807,8898,20261006,vendor_residual,target_only,test
40,154.0458299210272,8898,154.0458299210272,8898,20261006,vendor_residual,target_only,test
41,163.14492760736002,8898,163.14492760736002,8898,20261006,vendor_residual,target_only,test
42,169.91261523224924,8898,169.91261523224924,8898,20261006,vendor_residual,target_only,test
43,173.80666049691175,8898,173.80666049691175,8898,20261006,vendor_residual,target_only,test
44,169.88167882089908,8898,169.88167882089908,8898,20261006,vendor_residual,target_only,test
45,176.95296575134375,8898,176.95296575134375,8898,20261006,vendor_residual,target_only,test
46,188.10979465721013,8898,188.10979465721013,8898,20261006,vendor_residual,target_only,test
47,193.83947472551804,8898,193.83947472551804,8898,20261006,vendor_residual,target_only,test
48,196.63337096359476,8898,196.63337096359476,8898,20261006,vendor_residual,target_only,test
49,200.13565625008218,8898,200.13565625008218,8898,20261006,vendor_residual,target_only,test
50,209.53591808989245,8898,209.53591808989245,8898,20261006,vendor_residual,target_only,test
51,211.95049741524122,8898,211.95049741524122,8898,20261006,vendor_residual,target_only,test
52,187.60178419592444,8898,187.60178419592444,8898,20261006,vendor_residual,target_only,test
53,197.95340117571823,8898,197.95340117571823,8898,20261006,vendor_residual,target_only,test
54,195.29032337789067,8898,195.29032337789067,8898,20261006,vendor_residual,target_only,test
55,190.7204702466963,8898,190.7204702466963,8898,20261006,vendor_residual,target_only,test
56,193.94934290834746,8898,193.94934290834746,8898,20261006,vendor_residual,target_only,test
57,176.19497866626804,8898,176.19497866626804,8898,20261006,vendor_residual,target_only,test
58,201.88938053444625,8898,201.88938053444625,8898,20261006,vendor_residual,target_only,test
59,189.46505999570593,8898,189.46505999570593,8898,20261006,vendor_residual,target_only,test
60,200.50241896480262,8898,200.50241896480262,8898,20261006,vendor_residual,target_only,test
61,183.87498582056534,8898,183.87498582056534,8898,20261006,vendor_residual,target_only,test
62,181.38542793718656,8898,181.38542793718656,8898,20261006,vendor_residual,target_only,test
63,180.95560406479154,8898,180.95560406479154,8898,20261006,vendor_residual,target_only,test
64,168.18346279777808,8898,168.18346279777808,8898,20261006,vendor_residual,target_only,test
65,159.44569229292532,8898,159.44569229292532,8898,20261006,vendor_residual,target_only,test
66,146.11291763771465,8898,146.11291763771465,8898,20261006,vendor_residual,target_only,test
67,140.63907723091532,8898,140.63907723091532,8898,20261006,vendor_residual,target_only,test
68,134.84127068399798,8898,135.5968970366097,8847,20261006,vendor_residual,target_only,test
69,115.74387889922593,8898,119.80104228995602,8590,20261006,vendor_residual,target_only,test
70,109.03873395473863,8898,122.01506877158523,7935,20261006,vendor_residual,target_only,test
71,94.09033839447174,8898,108.10510379351051,7735,20261006,vendor_residual,target_only,test
72,74.96560607859995,8898,86.09817826108204,7735,20261006,vendor_residual,target_only,test
73,62.79313412056363,8898,72.24337627178727,7720,20261006,vendor_residual,target_only,test
74,47.65682798538587,8898,55.10684550160306,7676,20261006,vendor_residual,target_only,test
75,43.12816051110794,8898,52.14198351578801,7337,20261006,vendor_residual,target_only,test
76,27.720375225719632,8898,35.59114022491307,6903,20261006,vendor_residual,target_only,test
77,18.88264485761113,8898,25.21718022633127,6637,20261006,vendor_residual,target_only,test
78,12.266328168042191,8898,16.659107825328917,6510,20261006,vendor_residual,target_only,test
79,7.073053908538919,8898,11.326475027151586,5473,20261006,vendor_residual,target_only,test
80,5.793081120891935,8898,9.329108681777539,5401,20261006,vendor_residual,target_only,test
81,4.043027070673658,8898,6.644416873225451,5155,20261006,vendor_residual,target_only,test
82,2.6516236320595787,8898,4.547343408567176,4384,20261006,vendor_residual,target_only,test
83,2.5456215934242903,8898,4.986781043833861,3906,20261006,vendor_residual,target_only,test
84,2.240725356259726,8898,4.371606486319981,3862,20261006,vendor_residual,target_only,test
85,2.104030852078731,8898,4.065528179068907,3862,20261006,vendor_residual,target_only,test
86,2.0729307935671653,8898,4.016714935578625,3862,20261006,vendor_residual,target_only,test
87,1.846379508651812,8898,3.5996745726580652,3862,20261006,vendor_residual,target_only,test
88,1.784187642128875,8898,3.421755061646022,3862,20261006,vendor_residual,target_only,test
89,1.5575477756754215,8898,3.104357880471826,3862,20261006,vendor_residual,target_only,test
90,1.5295977942845933,8898,3.089153516029682,3862,20261006,vendor_residual,target_only,test
91,1.4922336603749409,8898,3.0531033838999995,3862,20261006,vendor_residual,target_only,test
92,1.4022020743016337,8898,2.895659733775512,3862,20261006,vendor_residual,target_only,test
93,1.509937768096516,8898,3.135708290349332,3862,20261006,vendor_residual,target_only,test
94,1.5727757178670612,8898,3.2631485993044396,3862,20261006,vendor_residual,target_only,test
95,1.4780889863481852,8898,3.004586516022029,3862,20261006,vendor_residual,target_only,test
96,1.4689442339727916,8898,3.128461821711741,3862,20261006,vendor_residual,target_only,test
1,0.5177995793284901,4421,0.6580317448140769,2453,20261006,vendor_residual,vendor_covariate,calibration
2,1.1837780210468118,4421,2.067770619634835,2453,20261006,vendor_residual,vendor_covariate,calibration
3,1.7127758099982342,4421,3.068234069502954,2453,20261006,vendor_residual,vendor_covariate,calibration
4,1.8427650112638938,4421,3.300147127692314,2453,20261006,vendor_residual,vendor_covariate,calibration
5,2.2549602192916836,4421,4.052012965904152,2453,20261006,vendor_residual,vendor_covariate,calibration
6,2.3530871174065977,4421,4.23688130168327,2453,20261006,vendor_residual,vendor_covariate,calibration
7,2.7843534742485483,4421,5.014603460612971,2453,20261006,vendor_residual,vendor_covariate,calibration
8,2.95398540117713,4421,5.3212051487078265,2453,20261006,vendor_residual,vendor_covariate,calibration
9,3.1296103182464696,4421,5.636140775692729,2453,20261006,vendor_residual,vendor_covariate,calibration
10,3.003592864787524,4421,5.397433523985846,2453,20261006,vendor_residual,vendor_covariate,calibration
11,3.3275356741742796,4421,5.985189661455576,2453,20261006,vendor_residual,vendor_covariate,calibration
12,3.3209039232725948,4421,6.008244738124269,2430,20261006,vendor_residual,vendor_covariate,calibration
13,3.038675880408872,4421,5.497760499710286,2430,20261006,vendor_residual,vendor_covariate,calibration
14,3.06537275193988,4421,5.507247256447612,2438,20261006,vendor_residual,vendor_covariate,calibration
15,2.8962914415705105,4421,5.232061831555962,2430,20261006,vendor_residual,vendor_covariate,calibration
16,3.26472952637149,4421,5.896685949160713,2430,20261006,vendor_residual,vendor_covariate,calibration
17,3.369713830144065,4421,6.078274790639702,2430,20261006,vendor_residual,vendor_covariate,calibration
18,3.3322099967719807,4421,6.02286863219541,2430,20261006,vendor_residual,vendor_covariate,calibration
19,3.134468115136462,4421,5.669265350012623,2430,20261006,vendor_residual,vendor_covariate,calibration
20,3.058403123749449,4421,5.543506675932161,2431,20261006,vendor_residual,vendor_covariate,calibration
21,3.1266601595474,4421,5.66864077323329,2431,20261006,vendor_residual,vendor_covariate,calibration
22,2.9648323733673667,4421,5.375802097461676,2431,20261006,vendor_residual,vendor_covariate,calibration
23,3.0516934308050265,4421,5.530846008226614,2431,20261006,vendor_residual,vendor_covariate,calibration
24,3.188628472484378,4421,5.775568251269331,2431,20261006,vendor_residual,vendor_covariate,calibration
25,3.211734705833283,4421,5.491209263134159,2577,20261006,vendor_residual,vendor_covariate,calibration
26,3.8067860550594483,4421,4.9479347984309765,3400,20261006,vendor_residual,vendor_covariate,calibration
27,4.694169601991332,4421,5.778602896604367,3589,20261006,vendor_residual,vendor_covariate,calibration
28,6.317398257232297,4421,7.624683802774734,3663,20261006,vendor_residual,vendor_covariate,calibration
29,13.618076283544656,4421,14.819318421131955,4061,20261006,vendor_residual,vendor_covariate,calibration
30,21.53463162458386,4421,22.732660988378043,4188,20261006,vendor_residual,vendor_covariate,calibration
31,30.094676340479197,4421,30.457998856723503,4368,20261006,vendor_residual,vendor_covariate,calibration
32,50.749256012848356,4421,50.749256012848356,4421,20261006,vendor_residual,vendor_covariate,calibration
33,59.82521921619235,4421,59.82521921619235,4421,20261006,vendor_residual,vendor_covariate,calibration
34,73.57736657330912,4421,73.57736657330912,4421,20261006,vendor_residual,vendor_covariate,calibration
35,88.4759505308574,4421,88.4759505308574,4421,20261006,vendor_residual,vendor_covariate,calibration
36,92.95287803955097,4421,92.95287803955097,4421,20261006,vendor_residual,vendor_covariate,calibration
37,101.57019410543043,4421,101.57019410543043,4421,20261006,vendor_residual,vendor_covariate,calibration
38,110.46254230079087,4421,110.46254230079087,4421,20261006,vendor_residual,vendor_covariate,calibration
39,121.9151824276699,4421,121.9151824276699,4421,20261006,vendor_residual,vendor_covariate,calibration
40,113.4204666627632,4421,113.4204666627632,4421,20261006,vendor_residual,vendor_covariate,calibration
41,119.68118279889623,4421,119.68118279889623,4421,20261006,vendor_residual,vendor_covariate,calibration
42,138.24113754650344,4421,138.24113754650344,4421,20261006,vendor_residual,vendor_covariate,calibration
43,147.82176267843755,4421,147.82176267843755,4421,20261006,vendor_residual,vendor_covariate,calibration
44,137.295932944072,4421,137.295932944072,4421,20261006,vendor_residual,vendor_covariate,calibration
45,136.853823527842,4421,136.853823527842,4421,20261006,vendor_residual,vendor_covariate,calibration
46,140.16145217272688,4421,140.16145217272688,4421,20261006,vendor_residual,vendor_covariate,calibration
47,153.99463825737854,4421,153.99463825737854,4421,20261006,vendor_residual,vendor_covariate,calibration
48,143.5389312175649,4421,143.5389312175649,4421,20261006,vendor_residual,vendor_covariate,calibration
49,140.44110421173244,4421,140.44110421173244,4421,20261006,vendor_residual,vendor_covariate,calibration
50,152.41413744273774,4421,152.41413744273774,4421,20261006,vendor_residual,vendor_covariate,calibration
51,163.35442014590532,4421,163.35442014590532,4421,20261006,vendor_residual,vendor_covariate,calibration
52,160.66702652780253,4421,160.66702652780253,4421,20261006,vendor_residual,vendor_covariate,calibration
53,164.75830913781724,4421,164.75830913781724,4421,20261006,vendor_residual,vendor_covariate,calibration
54,162.40092109326503,4421,162.40092109326503,4421,20261006,vendor_residual,vendor_covariate,calibration
55,145.6504841552172,4421,145.6504841552172,4421,20261006,vendor_residual,vendor_covariate,calibration
56,145.92537069909292,4421,145.92537069909292,4421,20261006,vendor_residual,vendor_covariate,calibration
57,148.61903049723222,4421,148.61903049723222,4421,20261006,vendor_residual,vendor_covariate,calibration
58,142.34337913185155,4421,142.34337913185155,4421,20261006,vendor_residual,vendor_covariate,calibration
59,141.20394807674137,4421,141.20394807674137,4421,20261006,vendor_residual,vendor_covariate,calibration
60,146.41259435085072,4421,146.41259435085072,4421,20261006,vendor_residual,vendor_covariate,calibration
61,139.58621056890442,4421,139.58621056890442,4421,20261006,vendor_residual,vendor_covariate,calibration
62,139.23438630805697,4421,139.23438630805697,4421,20261006,vendor_residual,vendor_covariate,calibration
63,139.79380224531718,4421,139.79380224531718,4421,20261006,vendor_residual,vendor_covariate,calibration
64,124.8180109528607,4421,124.8180109528607,4421,20261006,vendor_residual,vendor_covariate,calibration
65,108.70672118182975,4421,108.70672118182975,4421,20261006,vendor_residual,vendor_covariate,calibration
66,102.60951223014749,4421,102.60951223014749,4421,20261006,vendor_residual,vendor_covariate,calibration
67,102.76154142317192,4421,102.78479064068848,4420,20261006,vendor_residual,vendor_covariate,calibration
68,80.43318274228719,4421,80.72445853495786,4405,20261006,vendor_residual,vendor_covariate,calibration
69,63.38420613750184,4421,63.78794374711985,4393,20261006,vendor_residual,vendor_covariate,calibration
70,58.11369248291813,4421,59.331020268166704,4330,20261006,vendor_residual,vendor_covariate,calibration
71,53.02605114016672,4421,54.44143866830271,4306,20261006,vendor_residual,vendor_covariate,calibration
72,39.64173835825889,4421,40.71784416879571,4304,20261006,vendor_residual,vendor_covariate,calibration
73,26.92838540630524,4421,27.685111707849718,4299,20261006,vendor_residual,vendor_covariate,calibration
74,21.07097238800402,4421,21.7218903534518,4288,20261006,vendor_residual,vendor_covariate,calibration
75,17.627610168499142,4421,18.536199297960597,4204,20261006,vendor_residual,vendor_covariate,calibration
76,11.965203565708087,4421,13.15019601702748,4021,20261006,vendor_residual,vendor_covariate,calibration
77,7.481757099521859,4421,8.266365563990446,3998,20261006,vendor_residual,vendor_covariate,calibration
78,5.881152463683695,4421,6.516569934135558,3985,20261006,vendor_residual,vendor_covariate,calibration
79,4.340353408815686,4421,5.164319140391206,3710,20261006,vendor_residual,vendor_covariate,calibration
80,4.244554097515353,4421,5.280324691097505,3548,20261006,vendor_residual,vendor_covariate,calibration
81,3.690888633225838,4421,5.017691330933453,3245,20261006,vendor_residual,vendor_covariate,calibration
82,3.452919705606347,4421,5.532986427454239,2746,20261006,vendor_residual,vendor_covariate,calibration
83,3.510455107481505,4421,6.240273565385742,2476,20261006,vendor_residual,vendor_covariate,calibration
84,3.5710809205461924,4421,6.472118161799226,2430,20261006,vendor_residual,vendor_covariate,calibration
85,3.441124887891618,4421,6.238889665983487,2430,20261006,vendor_residual,vendor_covariate,calibration
86,3.520773379061528,4421,6.386806817499177,2430,20261006,vendor_residual,vendor_covariate,calibration
87,3.48415570542305,4421,6.31959456058771,2430,20261006,vendor_residual,vendor_covariate,calibration
88,3.4443610232693693,4421,6.2489091597369075,2430,20261006,vendor_residual,vendor_covariate,calibration
89,3.4874876754947888,4421,6.32858720480794,2430,20261006,vendor_residual,vendor_covariate,calibration
90,3.3772776782335923,4421,6.128144553485001,2430,20261006,vendor_residual,vendor_covariate,calibration
91,3.4068832085516063,4421,6.188799925475408,2430,20261006,vendor_residual,vendor_covariate,calibration
92,3.248571900627818,4421,5.903336254253393,2430,20261006,vendor_residual,vendor_covariate,calibration
93,3.365049349883856,4421,6.112469398765729,2430,20261006,vendor_residual,vendor_covariate,calibration
94,3.400020953240401,4421,6.176315721500581,2430,20261006,vendor_residual,vendor_covariate,calibration
95,3.4548258638126135,4421,6.276920818229907,2430,20261006,vendor_residual,vendor_covariate,calibration
96,3.0718330622583956,4421,5.588041762783817,2430,20261006,vendor_residual,vendor_covariate,calibration
1,0.7248624545592436,8898,0.4783606956857382,3866,20261006,vendor_residual,vendor_covariate,test
2,0.5502565033046134,8898,0.934642499753366,3866,20261006,vendor_residual,vendor_covariate,test
3,0.7000925050617748,8898,1.504856873934812,3866,20261006,vendor_residual,vendor_covariate,test
4,0.9562005456913808,8898,2.0559076717916196,3866,20261006,vendor_residual,vendor_covariate,test
5,1.0860866927411483,8898,2.411155363134929,3866,20261006,vendor_residual,vendor_covariate,test
6,0.9877878785631103,8898,2.218506649843828,3866,20261006,vendor_residual,vendor_covariate,test
7,1.0226303907169376,8898,2.3152489288206817,3866,20261006,vendor_residual,vendor_covariate,test
8,1.2199923028036634,8898,2.7943581594880555,3866,20261006,vendor_residual,vendor_covariate,test
9,1.3046017258506957,8898,2.9793179775358154,3866,20261006,vendor_residual,vendor_covariate,test
10,1.5883699190315859,8898,3.564747090766638,3866,20261006,vendor_residual,vendor_covariate,test
11,1.431624920920683,8898,3.231714985313027,3866,20261006,vendor_residual,vendor_covariate,test
12,1.5439130438335853,8898,3.384564692955387,3862,20261006,vendor_residual,vendor_covariate,test
13,1.385117537901245,8898,3.0473347466950487,3862,20261006,vendor_residual,vendor_covariate,test
14,2.1176595030035386,8898,4.553645902817778,3868,20261006,vendor_residual,vendor_covariate,test
15,1.6798456680438956,8898,3.6365291291422133,3862,20261006,vendor_residual,vendor_covariate,test
16,1.7425025901839999,8898,3.774098833487556,3862,20261006,vendor_residual,vendor_covariate,test
17,1.8886627871565933,8898,4.014212433529758,3862,20261006,vendor_residual,vendor_covariate,test
18,1.7575049680743198,8898,3.833792212409566,3862,20261006,vendor_residual,vendor_covariate,test
19,1.479257652359907,8898,3.2659141193894605,3862,20261006,vendor_residual,vendor_covariate,test
20,1.303143397778443,8898,2.9199080688658414,3865,20261006,vendor_residual,vendor_covariate,test
21,1.1994456873208432,8898,2.6926630028346095,3865,20261006,vendor_residual,vendor_covariate,test
22,1.2288443261694457,8898,2.7641106738614636,3865,20261006,vendor_residual,vendor_covariate,test
23,1.2878455372290591,8898,2.884512512756567,3865,20261006,vendor_residual,vendor_covariate,test
24,1.1784234631209856,8898,2.6087487100741016,3865,20261006,vendor_residual,vendor_covariate,test
25,1.2938094182627304,8898,2.7179668898111884,4107,20261006,vendor_residual,vendor_covariate,test
26,3.493090462568488,8898,5.921442944857024,5233,20261006,vendor_residual,vendor_covariate,test
27,6.27336564475616,8898,10.168434510639884,5459,20261006,vendor_residual,vendor_covariate,test
28,10.394039099288445,8898,15.953271017508152,5794,20261006,vendor_residual,vendor_covariate,test
29,16.83368534122932,8898,21.618392620079803,6898,20261006,vendor_residual,vendor_covariate,test
30,24.091737969143335,8898,26.355784976353757,8126,20261006,vendor_residual,vendor_covariate,test
31,38.23317538791413,8898,38.61872766609132,8809,20261006,vendor_residual,vendor_covariate,test
32,47.15775732168516,8898,47.15775732168516,8898,20261006,vendor_residual,vendor_covariate,test
33,59.514925381606176,8898,59.514925381606176,8898,20261006,vendor_residual,vendor_covariate,test
34,71.86982982768949,8898,71.86982982768949,8898,20261006,vendor_residual,vendor_covariate,test
35,86.83416933011178,8898,86.83416933011178,8898,20261006,vendor_residual,vendor_covariate,test
36,92.14481006342172,8898,92.14481006342172,8898,20261006,vendor_residual,vendor_covariate,test
37,99.75309723975725,8898,99.75309723975725,8898,20261006,vendor_residual,vendor_covariate,test
38,113.55638382314979,8898,113.55638382314979,8898,20261006,vendor_residual,vendor_covariate,test
39,131.7725241424046,8898,131.7725241424046,8898,20261006,vendor_residual,vendor_covariate,test
40,142.570661715601,8898,142.570661715601,8898,20261006,vendor_residual,vendor_covariate,test
41,151.16274424255153,8898,151.16274424255153,8898,20261006,vendor_residual,vendor_covariate,test
42,161.81845560097594,8898,161.81845560097594,8898,20261006,vendor_residual,vendor_covariate,test
43,170.5459392613021,8898,170.5459392613021,8898,20261006,vendor_residual,vendor_covariate,test
44,162.51696914061873,8898,162.51696914061873,8898,20261006,vendor_residual,vendor_covariate,test
45,168.08509226229688,8898,168.08509226229688,8898,20261006,vendor_residual,vendor_covariate,test
46,179.63237526382974,8898,179.63237526382974,8898,20261006,vendor_residual,vendor_covariate,test
47,184.35922889122676,8898,184.35922889122676,8898,20261006,vendor_residual,vendor_covariate,test
48,188.43041118463006,8898,188.43041118463006,8898,20261006,vendor_residual,vendor_covariate,test
49,191.99569703978767,8898,191.99569703978767,8898,20261006,vendor_residual,vendor_covariate,test
50,198.11418148120632,8898,198.11418148120632,8898,20261006,vendor_residual,vendor_covariate,test
51,196.53935952504992,8898,196.53935952504992,8898,20261006,vendor_residual,vendor_covariate,test
52,172.38522503645575,8898,172.38522503645575,8898,20261006,vendor_residual,vendor_covariate,test
53,186.7339597864091,8898,186.7339597864091,8898,20261006,vendor_residual,vendor_covariate,test
54,187.83690656327386,8898,187.83690656327386,8898,20261006,vendor_residual,vendor_covariate,test
55,184.35569581062097,8898,184.35569581062097,8898,20261006,vendor_residual,vendor_covariate,test
56,179.21852618148932,8898,179.21852618148932,8898,20261006,vendor_residual,vendor_covariate,test
57,168.16452940884858,8898,168.16452940884858,8898,20261006,vendor_residual,vendor_covariate,test
58,188.23949304936866,8898,188.23949304936866,8898,20261006,vendor_residual,vendor_covariate,test
59,170.23876024992387,8898,170.23876024992387,8898,20261006,vendor_residual,vendor_covariate,test
60,179.749787010785,8898,179.749787010785,8898,20261006,vendor_residual,vendor_covariate,test
61,168.82023477593864,8898,168.82023477593864,8898,20261006,vendor_residual,vendor_covariate,test
62,169.20518219449568,8898,169.20518219449568,8898,20261006,vendor_residual,vendor_covariate,test
63,171.753667399586,8898,171.753667399586,8898,20261006,vendor_residual,vendor_covariate,test
64,155.53190508768913,8898,155.53190508768913,8898,20261006,vendor_residual,vendor_covariate,test
65,147.53165990533589,8898,147.53165990533589,8898,20261006,vendor_residual,vendor_covariate,test
66,144.02278030091693,8898,144.02278030091693,8898,20261006,vendor_residual,vendor_covariate,test
67,147.62655669409304,8898,147.62655669409304,8898,20261006,vendor_residual,vendor_covariate,test
68,132.17975642065872,8898,132.94006710000704,8847,20261006,vendor_residual,vendor_covariate,test
69,115.28108105335131,8898,119.4142270029517,8590,20261006,vendor_residual,vendor_covariate,test
70,112.89418155548312,8898,126.56298832849042,7935,20261006,vendor_residual,vendor_covariate,test
71,100.78824284377815,8898,115.93080128485475,7735,20261006,vendor_residual,vendor_covariate,test
72,79.22490218355962,8898,91.12547584535321,7735,20261006,vendor_residual,vendor_covariate,test
73,63.68109257676126,8898,73.37294587652808,7720,20261006,vendor_residual,vendor_covariate,test
74,49.540479963298445,8898,57.41353969716446,7676,20261006,vendor_residual,vendor_covariate,test
75,43.08682509042473,8898,52.24780823368444,7337,20261006,vendor_residual,vendor_covariate,test
76,26.780968991246752,8898,34.511736834316146,6903,20261006,vendor_residual,vendor_covariate,test
77,17.15860612397084,8898,22.994259798471624,6637,20261006,vendor_residual,vendor_covariate,test
78,12.844509538930213,8898,17.542545179902778,6510,20261006,vendor_residual,vendor_covariate,test
79,6.880979511592768,8898,11.171462329264658,5473,20261006,vendor_residual,vendor_covariate,test
80,4.44724659104262,8898,7.312065860310902,5401,20261006,vendor_residual,vendor_covariate,test
81,2.325744111672007,8898,3.998044283011211,5155,20261006,vendor_residual,vendor_covariate,test
82,1.418829816101299,8898,2.8039354691156047,4384,20261006,vendor_residual,vendor_covariate,test
83,1.4883520811909803,8898,3.353055358155563,3906,20261006,vendor_residual,vendor_covariate,test
84,1.3425847442030854,8898,3.062602884695006,3862,20261006,vendor_residual,vendor_covariate,test
85,1.3511203215094307,8898,3.0865499331651556,3862,20261006,vendor_residual,vendor_covariate,test
86,1.3262552858118124,8898,3.022891328370666,3862,20261006,vendor_residual,vendor_covariate,test
87,1.2951722321060746,8898,2.9534292311258805,3862,20261006,vendor_residual,vendor_covariate,test
88,1.3116935150838394,8898,2.984127187948883,3862,20261006,vendor_residual,vendor_covariate,test
89,1.3170172422612625,8898,2.9955821842311665,3862,20261006,vendor_residual,vendor_covariate,test
90,1.245773171428906,8898,2.83112679400373,3862,20261006,vendor_residual,vendor_covariate,test
91,1.2168929334058867,8898,2.7667763862490413,3862,20261006,vendor_residual,vendor_covariate,test
92,1.174953640258145,8898,2.669912387148076,3862,20261006,vendor_residual,vendor_covariate,test
93,1.2773191122094356,8898,2.8985468173912134,3862,20261006,vendor_residual,vendor_covariate,test
94,1.2434904478690736,8898,2.8345026094846864,3862,20261006,vendor_residual,vendor_covariate,test
95,1.2379249423974863,8898,2.824605945502815,3862,20261006,vendor_residual,vendor_covariate,test
96,0.9497036982277977,8898,2.180946497248816,3862,20261006,vendor_residual,vendor_covariate,test
1,0.7714517694493274,4421,1.1529557784078464,2453,20261007,direct,target_only,calibration
2,0.8759186990597863,4421,1.3541864342364884,2453,20261007,direct,target_only,calibration
3,0.9751161024517075,4421,1.5144219526036196,2453,20261007,direct,target_only,calibration
4,0.7828776626899295,4421,1.1970240397206433,2453,20261007,direct,target_only,calibration
5,0.6817666536655881,4421,1.0253590756759223,2453,20261007,direct,target_only,calibration
6,1.10873352218014,4421,1.7027246675780974,2453,20261007,direct,target_only,calibration
7,0.8348494735279927,4421,1.280557616026461,2453,20261007,direct,target_only,calibration
8,0.7902887730482773,4421,1.1990626193810812,2453,20261007,direct,target_only,calibration
9,0.7096912364473954,4421,1.0819567460711033,2453,20261007,direct,target_only,calibration
10,0.6984704544271004,4421,1.0487990969533076,2453,20261007,direct,target_only,calibration
11,0.5821623180669435,4421,0.8627582929430083,2453,20261007,direct,target_only,calibration
12,0.5990763535612283,4421,0.8384599637715414,2430,20261007,direct,target_only,calibration
13,0.6501238170730612,4421,0.8700329988275045,2430,20261007,direct,target_only,calibration
14,0.7931338165328665,4421,1.1219969622674684,2438,20261007,direct,target_only,calibration
15,0.7068678223235363,4421,1.0029628605263714,2430,20261007,direct,target_only,calibration
16,0.5903141874414687,4421,0.9116905203817313,2430,20261007,direct,target_only,calibration
17,0.5618398215363021,4421,0.8292645070778489,2430,20261007,direct,target_only,calibration
18,0.7660640841650939,4421,1.1429397710862976,2430,20261007,direct,target_only,calibration
19,0.7045438303595319,4421,1.0262776056126357,2430,20261007,direct,target_only,calibration
20,0.7316836625698565,4421,1.1136030289854975,2431,20261007,direct,target_only,calibration
21,1.0041095859729667,4421,1.5549921176020103,2431,20261007,direct,target_only,calibration
22,0.9923141905010965,4421,1.5118378468556233,2431,20261007,direct,target_only,calibration
23,1.079848221195847,4421,1.638008154450572,2431,20261007,direct,target_only,calibration
24,1.1638408122618509,4421,1.7550389812699914,2431,20261007,direct,target_only,calibration
25,1.507331253130101,4421,2.1670582124242053,2577,20261007,direct,target_only,calibration
26,2.1688216871816093,4421,2.6781452964858308,3400,20261007,direct,target_only,calibration
27,4.014274635390692,4421,4.865176829041506,3589,20261007,direct,target_only,calibration
28,6.7314362594655,4421,7.9478846493218365,3663,20261007,direct,target_only,calibration
29,12.485211817791122,4421,13.436676584500105,4061,20261007,direct,target_only,calibration
30,21.36631654045218,4421,22.326775192841044,4188,20261007,direct,target_only,calibration
31,34.24250489074513,4421,34.543948994249156,4368,20261007,direct,target_only,calibration
32,49.65697779296297,4421,49.65697779296297,4421,20261007,direct,target_only,calibration
33,65.62331904780883,4421,65.62331904780883,4421,20261007,direct,target_only,calibration
34,83.12361991111071,4421,83.12361991111071,4421,20261007,direct,target_only,calibration
35,101.35727007291854,4421,101.35727007291854,4421,20261007,direct,target_only,calibration
36,117.38593019429764,4421,117.38593019429764,4421,20261007,direct,target_only,calibration
37,134.89477267641712,4421,134.89477267641712,4421,20261007,direct,target_only,calibration
38,151.5645850568949,4421,151.5645850568949,4421,20261007,direct,target_only,calibration
39,167.49781745109513,4421,167.49781745109513,4421,20261007,direct,target_only,calibration
40,174.86504625990224,4421,174.86504625990224,4421,20261007,direct,target_only,calibration
41,179.00434708672293,4421,179.00434708672293,4421,20261007,direct,target_only,calibration
42,191.56223080571664,4421,191.56223080571664,4421,20261007,direct,target_only,calibration
43,201.1131667812599,4421,201.1131667812599,4421,20261007,direct,target_only,calibration
44,206.6224975123971,4421,206.6224975123971,4421,20261007,direct,target_only,calibration
45,207.02446346691065,4421,207.02446346691065,4421,20261007,direct,target_only,calibration
46,209.0844356942146,4421,209.0844356942146,4421,20261007,direct,target_only,calibration
47,221.91952837346886,4421,221.91952837346886,4421,20261007,direct,target_only,calibration
48,217.12377161734872,4421,217.12377161734872,4421,20261007,direct,target_only,calibration
49,220.65780666716915,4421,220.65780666716915,4421,20261007,direct,target_only,calibration
50,213.526133436365,4421,213.526133436365,4421,20261007,direct,target_only,calibration
51,223.18869118506055,4421,223.18869118506055,4421,20261007,direct,target_only,calibration
52,217.52384906496917,4421,217.52384906496917,4421,20261007,direct,target_only,calibration
53,210.21669341260943,4421,210.21669341260943,4421,20261007,direct,target_only,calibration
54,202.45131329553035,4421,202.45131329553035,4421,20261007,direct,target_only,calibration
55,199.60508211732275,4421,199.60508211732275,4421,20261007,direct,target_only,calibration
56,200.24975551246544,4421,200.24975551246544,4421,20261007,direct,target_only,calibration
57,207.1424810569721,4421,207.1424810569721,4421,20261007,direct,target_only,calibration
58,208.2183294694629,4421,208.2183294694629,4421,20261007,direct,target_only,calibration
59,195.28745116193494,4421,195.28745116193494,4421,20261007,direct,target_only,calibration
60,185.66232949998536,4421,185.66232949998536,4421,20261007,direct,target_only,calibration
61,172.01888778864716,4421,172.01888778864716,4421,20261007,direct,target_only,calibration
62,164.99033020456312,4421,164.99033020456312,4421,20261007,direct,target_only,calibration
63,167.29404069483954,4421,167.29404069483954,4421,20261007,direct,target_only,calibration
64,155.09779651408303,4421,155.09779651408303,4421,20261007,direct,target_only,calibration
65,136.08152842029907,4421,136.08152842029907,4421,20261007,direct,target_only,calibration
66,121.6700614917795,4421,121.6700614917795,4421,20261007,direct,target_only,calibration
67,108.99597510549934,4421,109.02028620668615,4420,20261007,direct,target_only,calibration
68,94.46054248321819,4421,94.66440454897145,4405,20261007,direct,target_only,calibration
69,76.48145062258143,4421,76.86057963274322,4393,20261007,direct,target_only,calibration
70,59.50562379392737,4421,60.614402523213315,4330,20261007,direct,target_only,calibration
71,42.00500050947336,4421,43.019294701815966,4306,20261007,direct,target_only,calibration
72,33.3691647676632,4421,34.19877433893671,4304,20261007,direct,target_only,calibration
73,29.07513024193799,4421,29.837162516643318,4299,20261007,direct,target_only,calibration
74,20.196870197844518,4421,20.76167516683601,4288,20261007,direct,target_only,calibration
75,16.383361726391215,4421,17.035683877013255,4204,20261007,direct,target_only,calibration
76,11.192235094633837,4421,11.803087419504266,4021,20261007,direct,target_only,calibration
77,8.353967420848505,4421,8.919773935051781,3998,20261007,direct,target_only,calibration
78,5.177676682654023,4421,5.604018504080599,3985,20261007,direct,target_only,calibration
79,2.975796359628683,4421,3.396691696008672,3710,20261007,direct,target_only,calibration
80,1.6017380044070906,4421,1.8872858728320214,3548,20261007,direct,target_only,calibration
81,1.1488906348265577,4421,1.37727849593611,3245,20261007,direct,target_only,calibration
82,0.7713646300218107,4421,0.983345746035998,2746,20261007,direct,target_only,calibration
83,0.7654041249486019,4421,1.042321292543229,2476,20261007,direct,target_only,calibration
84,0.687080378251711,4421,0.9460180226544784,2430,20261007,direct,target_only,calibration
85,0.5769904739944084,4421,0.7806797925459504,2430,20261007,direct,target_only,calibration
86,0.6617123484746333,4421,0.9153947741161158,2430,20261007,direct,target_only,calibration
87,0.43253434290513276,4421,0.569317185001854,2430,20261007,direct,target_only,calibration
88,0.4862639638693239,4421,0.6612984071175257,2430,20261007,direct,target_only,calibration
89,0.5100537891895948,4421,0.7443879321646788,2430,20261007,direct,target_only,calibration
90,0.5516611379658682,4421,0.7873200666266704,2430,20261007,direct,target_only,calibration
91,0.7192715483266179,4421,1.0227304936436468,2430,20261007,direct,target_only,calibration
92,0.7053030800277414,4421,0.9696397035455507,2430,20261007,direct,target_only,calibration
93,0.9339953961347568,4421,1.3238016696991743,2430,20261007,direct,target_only,calibration
94,0.8014226703319148,4421,1.1123905994273997,2430,20261007,direct,target_only,calibration
95,0.755142579710853,4421,1.0747400285346518,2430,20261007,direct,target_only,calibration
96,0.5973367266082246,4421,0.8529193989901876,2430,20261007,direct,target_only,calibration
1,0.8313508054170653,8898,1.1451808600283886,3866,20261007,direct,target_only,test
2,0.7014339332417704,8898,0.9098056040170535,3866,20261007,direct,target_only,test
3,0.6688109840843695,8898,0.8191448878197566,3866,20261007,direct,target_only,test
4,0.5971363506295037,8898,0.607047256909068,3866,20261007,direct,target_only,test
5,0.6339935965678629,8898,0.7142577063093762,3866,20261007,direct,target_only,test
6,0.8920293302025035,8898,0.9947734547133832,3866,20261007,direct,target_only,test
7,0.7209892515426843,8898,0.7490472655648627,3866,20261007,direct,target_only,test
8,0.7238680083080081,8898,0.7717341977505608,3866,20261007,direct,target_only,test
9,0.5857765117411478,8898,0.5540322306003678,3866,20261007,direct,target_only,test
10,0.6326183063127578,8898,0.5263867491765398,3866,20261007,direct,target_only,test
11,0.5664399471167179,8898,0.5086290113439045,3866,20261007,direct,target_only,test
12,0.7933115733657474,8898,0.863943022847873,3862,20261007,direct,target_only,test
13,1.1842344822417015,8898,1.4670144566469827,3862,20261007,direct,target_only,test
14,1.4542829585026142,8898,2.0387597224080882,3868,20261007,direct,target_only,test
15,0.9926636457193817,8898,1.106916519202888,3862,20261007,direct,target_only,test
16,0.5662579005385123,8898,0.5384251280947407,3862,20261007,direct,target_only,test
17,0.674623926427022,8898,0.6695224442579535,3862,20261007,direct,target_only,test
18,0.8630710502730032,8898,0.9435980107416958,3862,20261007,direct,target_only,test
19,1.0871955581930663,8898,1.273980871824717,3862,20261007,direct,target_only,test
20,0.8166510560491836,8898,0.8254280057285742,3865,20261007,direct,target_only,test
21,1.1329779131900843,8898,1.33890406073753,3865,20261007,direct,target_only,test
22,0.9770335616369829,8898,0.9753001206676158,3865,20261007,direct,target_only,test
23,1.0275275260241437,8898,0.9490930268634954,3865,20261007,direct,target_only,test
24,1.0923478721773041,8898,0.8598243706593384,3865,20261007,direct,target_only,test
25,1.510770084964085,8898,1.4151490944142209,4107,20261007,direct,target_only,test
26,2.820852701493468,8898,4.176713261962036,5233,20261007,direct,target_only,test
27,5.8863494930276845,8898,9.264608843178362,5459,20261007,direct,target_only,test
28,11.424447571732824,8898,16.965469473249712,5794,20261007,direct,target_only,test
29,19.939704046153217,8898,25.156102313334145,6898,20261007,direct,target_only,test
30,32.02871607453056,8898,34.747109146067146,8126,20261007,direct,target_only,test
31,46.10107562426765,8898,46.43348828673532,8809,20261007,direct,target_only,test
32,61.64074630137294,8898,61.64074630137294,8898,20261007,direct,target_only,test
33,78.91431746588277,8898,78.91431746588277,8898,20261007,direct,target_only,test
34,98.58438316685137,8898,98.58438316685137,8898,20261007,direct,target_only,test
35,111.1344927677003,8898,111.1344927677003,8898,20261007,direct,target_only,test
36,128.5046069714877,8898,128.5046069714877,8898,20261007,direct,target_only,test
37,140.75856638275337,8898,140.75856638275337,8898,20261007,direct,target_only,test
38,157.35315974765794,8898,157.35315974765794,8898,20261007,direct,target_only,test
39,175.74608107105905,8898,175.74608107105905,8898,20261007,direct,target_only,test
40,194.78699866318638,8898,194.78699866318638,8898,20261007,direct,target_only,test
41,199.5954084557331,8898,199.5954084557331,8898,20261007,direct,target_only,test
42,209.13281406721745,8898,209.13281406721745,8898,20261007,direct,target_only,test
43,217.46721822202582,8898,217.46721822202582,8898,20261007,direct,target_only,test
44,223.28120894268218,8898,223.28120894268218,8898,20261007,direct,target_only,test
45,218.7922884839392,8898,218.7922884839392,8898,20261007,direct,target_only,test
46,236.52030461641422,8898,236.52030461641422,8898,20261007,direct,target_only,test
47,249.1853350941498,8898,249.1853350941498,8898,20261007,direct,target_only,test
48,234.90437762660892,8898,234.90437762660892,8898,20261007,direct,target_only,test
49,249.41238199905396,8898,249.41238199905396,8898,20261007,direct,target_only,test
50,252.58005585535693,8898,252.58005585535693,8898,20261007,direct,target_only,test
51,250.60605213298612,8898,250.60605213298612,8898,20261007,direct,target_only,test
52,238.30953550684563,8898,238.30953550684563,8898,20261007,direct,target_only,test
53,254.1681268856894,8898,254.1681268856894,8898,20261007,direct,target_only,test
54,250.24202603103615,8898,250.24202603103615,8898,20261007,direct,target_only,test
55,246.1636584477663,8898,246.1636584477663,8898,20261007,direct,target_only,test
56,239.63954883708104,8898,239.63954883708104,8898,20261007,direct,target_only,test
57,230.1810090753986,8898,230.1810090753986,8898,20261007,direct,target_only,test
58,231.1043426650636,8898,231.1043426650636,8898,20261007,direct,target_only,test
59,222.97095495870116,8898,222.97095495870116,8898,20261007,direct,target_only,test
60,219.74935179986738,8898,219.74935179986738,8898,20261007,direct,target_only,test
61,221.15661475501824,8898,221.15661475501824,8898,20261007,direct,target_only,test
62,203.26696457740218,8898,203.26696457740218,8898,20261007,direct,target_only,test
63,202.75432236761836,8898,202.75432236761836,8898,20261007,direct,target_only,test
64,191.97283003287623,8898,191.97283003287623,8898,20261007,direct,target_only,test
65,180.76658420208477,8898,180.76658420208477,8898,20261007,direct,target_only,test
66,170.52258647931865,8898,170.52258647931865,8898,20261007,direct,target_only,test
67,161.95651805122938,8898,161.95651805122938,8898,20261007,direct,target_only,test
68,150.32886158295156,8898,150.92644011220955,8847,20261007,direct,target_only,test
69,131.7087341399411,8898,136.18172697075988,8590,20261007,direct,target_only,test
70,116.4515267455257,8898,130.18618892842787,7935,20261007,direct,target_only,test
71,88.70361368454546,8898,101.73642341787517,7735,20261007,direct,target_only,test
72,78.68349376092362,8898,90.3025848176736,7735,20261007,direct,target_only,test
73,68.22644981101108,8898,78.4672956194267,7720,20261007,direct,target_only,test
74,50.64181343495465,8898,58.543160896835055,7676,20261007,direct,target_only,test
75,40.4272254211427,8898,48.488726826703115,7337,20261007,direct,target_only,test
76,26.69490569536699,8898,33.551128170169996,6903,20261007,direct,target_only,test
77,19.16741291759834,8898,25.033769685089073,6637,20261007,direct,target_only,test
78,11.976010645621107,8898,16.0592717231225,6510,20261007,direct,target_only,test
79,7.098001305713512,8898,11.098124311086961,5473,20261007,direct,target_only,test
80,3.6628633512408832,8898,5.781577525461265,5401,20261007,direct,target_only,test
81,2.0251304511566506,8898,3.012276244932193,5155,20261007,direct,target_only,test
82,0.9349919725574237,8898,0.9730760704550295,4384,20261007,direct,target_only,test
83,0.8392835117892857,8898,0.7722572544103233,3906,20261007,direct,target_only,test
84,0.7860038780767842,8898,0.7374334221542777,3862,20261007,direct,target_only,test
85,0.7232855988892913,8898,0.7206915544605452,3862,20261007,direct,target_only,test
86,0.7211842037725646,8898,0.7145830946673019,3862,20261007,direct,target_only,test
87,0.5559484821292732,8898,0.552365653760874,3862,20261007,direct,target_only,test
88,0.5964886335612924,8898,0.5766186309734321,3862,20261007,direct,target_only,test
89,0.5233183134398278,8898,0.5203878933217536,3862,20261007,direct,target_only,test
90,0.6964527805314678,8898,0.725082184295621,3862,20261007,direct,target_only,test
91,0.8429094696152435,8898,0.8618551743988976,3862,20261007,direct,target_only,test
92,0.8221840443954987,8898,0.7822315378480165,3862,20261007,direct,target_only,test
93,0.9516736039677063,8898,0.8331572049635485,3862,20261007,direct,target_only,test
94,0.7912459835480454,8898,0.7154637296611259,3862,20261007,direct,target_only,test
95,0.7529205490890903,8898,0.7120842760875397,3862,20261007,direct,target_only,test
96,0.6411607268553794,8898,0.62670012043354,3862,20261007,direct,target_only,test
1,0.7466747239333179,4421,1.1904480777532045,2453,20261007,direct,vendor_covariate,calibration
2,0.7000674911749627,4421,1.1180035887377946,2453,20261007,direct,vendor_covariate,calibration
3,0.835795467146865,4421,1.3525234644164177,2453,20261007,direct,vendor_covariate,calibration
4,0.8660329719712577,4421,1.4190601096000663,2453,20261007,direct,vendor_covariate,calibration
5,0.8076314117285063,4421,1.2889340592922602,2453,20261007,direct,vendor_covariate,calibration
6,0.972975289128473,4421,1.5673656167422223,2453,20261007,direct,vendor_covariate,calibration
7,0.7781408590190256,4421,1.2658951481051752,2453,20261007,direct,vendor_covariate,calibration
8,0.7240725673652564,4421,1.171589648619118,2453,20261007,direct,vendor_covariate,calibration
9,0.8213275537927343,4421,1.3282132865720582,2453,20261007,direct,vendor_covariate,calibration
10,0.6774552783068691,4421,1.0875429261644374,2453,20261007,direct,vendor_covariate,calibration
11,0.3887041162516609,4421,0.6135838971884455,2453,20261007,direct,vendor_covariate,calibration
12,0.5906995556594707,4421,0.9574657238544628,2430,20261007,direct,vendor_covariate,calibration
13,0.7009431449133963,4421,1.0935926291187115,2430,20261007,direct,vendor_covariate,calibration
14,0.5891690106615441,4421,0.9656073551829767,2438,20261007,direct,vendor_covariate,calibration
15,0.5644167194307673,4421,0.9207600690455103,2430,20261007,direct,vendor_covariate,calibration
16,0.7101932669374852,4421,1.161620200078919,2430,20261007,direct,vendor_covariate,calibration
17,0.7135788948253873,4421,1.134415023599142,2430,20261007,direct,vendor_covariate,calibration
18,0.9541564460366028,4421,1.4954992139842285,2430,20261007,direct,vendor_covariate,calibration
19,0.6869845891081081,4421,1.0769911189506083,2430,20261007,direct,vendor_covariate,calibration
20,0.8356106833235024,4421,1.2911947292822796,2431,20261007,direct,vendor_covariate,calibration
21,0.6126358922063467,4421,0.8898128693877765,2431,20261007,direct,vendor_covariate,calibration
22,0.6456674243090937,4421,0.9146617505734258,2431,20261007,direct,vendor_covariate,calibration
23,0.739939977935444,4421,0.9518797645925348,2431,20261007,direct,vendor_covariate,calibration
24,1.113532229407137,4421,1.3979235739347187,2431,20261007,direct,vendor_covariate,calibration
25,1.2802601782916827,4421,1.5326903483468632,2577,20261007,direct,vendor_covariate,calibration
26,1.5542785107199915,4421,1.8460307391549236,3400,20261007,direct,vendor_covariate,calibration
27,2.5923553467436964,4421,3.0957956767033665,3589,20261007,direct,vendor_covariate,calibration
28,4.834103627904165,4421,5.700793436941512,3663,20261007,direct,vendor_covariate,calibration
29,11.481841862605235,4421,12.384883877766828,4061,20261007,direct,vendor_covariate,calibration
30,22.472903748398473,4421,23.522537731125446,4188,20261007,direct,vendor_covariate,calibration
31,36.88893596869094,4421,37.23360302471528,4368,20261007,direct,vendor_covariate,calibration
32,54.28608689729692,4421,54.28608689729692,4421,20261007,direct,vendor_covariate,calibration
33,75.27703746368493,4421,75.27703746368493,4421,20261007,direct,vendor_covariate,calibration
34,95.42828202058364,4421,95.42828202058364,4421,20261007,direct,vendor_covariate,calibration
35,112.48175874379208,4421,112.48175874379208,4421,20261007,direct,vendor_covariate,calibration
36,132.09931341027962,4421,132.09931341027962,4421,20261007,direct,vendor_covariate,calibration
37,143.30181572223734,4421,143.30181572223734,4421,20261007,direct,vendor_covariate,calibration
38,159.23445786112063,4421,159.23445786112063,4421,20261007,direct,vendor_covariate,calibration
39,173.69518873154666,4421,173.69518873154666,4421,20261007,direct,vendor_covariate,calibration
40,183.33744882818945,4421,183.33744882818945,4421,20261007,direct,vendor_covariate,calibration
41,186.42655850694618,4421,186.42655850694618,4421,20261007,direct,vendor_covariate,calibration
42,200.80743220689152,4421,200.80743220689152,4421,20261007,direct,vendor_covariate,calibration
43,208.4742977306166,4421,208.4742977306166,4421,20261007,direct,vendor_covariate,calibration
44,217.00940895996342,4421,217.00940895996342,4421,20261007,direct,vendor_covariate,calibration
45,218.66316911259662,4421,218.66316911259662,4421,20261007,direct,vendor_covariate,calibration
46,219.44587862288364,4421,219.44587862288364,4421,20261007,direct,vendor_covariate,calibration
47,230.08893179863665,4421,230.08893179863665,4421,20261007,direct,vendor_covariate,calibration
48,221.4101431360226,4421,221.4101431360226,4421,20261007,direct,vendor_covariate,calibration
49,222.82375712307822,4421,222.82375712307822,4421,20261007,direct,vendor_covariate,calibration
50,223.29853527405646,4421,223.29853527405646,4421,20261007,direct,vendor_covariate,calibration
51,231.95208884469932,4421,231.95208884469932,4421,20261007,direct,vendor_covariate,calibration
52,232.31993381324816,4421,232.31993381324816,4421,20261007,direct,vendor_covariate,calibration
53,226.94022616217396,4421,226.94022616217396,4421,20261007,direct,vendor_covariate,calibration
54,214.8654876403701,4421,214.8654876403701,4421,20261007,direct,vendor_covariate,calibration
55,213.03271963007307,4421,213.03271963007307,4421,20261007,direct,vendor_covariate,calibration
56,209.53924512556776,4421,209.53924512556776,4421,20261007,direct,vendor_covariate,calibration
57,217.02745790368385,4421,217.02745790368385,4421,20261007,direct,vendor_covariate,calibration
58,212.58698340761353,4421,212.58698340761353,4421,20261007,direct,vendor_covariate,calibration
59,200.9434126245658,4421,200.9434126245658,4421,20261007,direct,vendor_covariate,calibration
60,192.80305915821856,4421,192.80305915821856,4421,20261007,direct,vendor_covariate,calibration
61,187.8606053155031,4421,187.8606053155031,4421,20261007,direct,vendor_covariate,calibration
62,176.60588926723358,4421,176.60588926723358,4421,20261007,direct,vendor_covariate,calibration
63,171.49889163389798,4421,171.49889163389798,4421,20261007,direct,vendor_covariate,calibration
64,153.94862026359286,4421,153.94862026359286,4421,20261007,direct,vendor_covariate,calibration
65,129.003835923449,4421,129.003835923449,4421,20261007,direct,vendor_covariate,calibration
66,118.89560828619742,4421,118.89560828619742,4421,20261007,direct,vendor_covariate,calibration
67,107.34812578638214,4421,107.37208573298099,4420,20261007,direct,vendor_covariate,calibration
68,94.36739742876007,4421,94.51021921127384,4405,20261007,direct,vendor_covariate,calibration
69,76.94711393584545,4421,77.2818017414743,4393,20261007,direct,vendor_covariate,calibration
70,61.90180826057431,4421,63.04100052440135,4330,20261007,direct,vendor_covariate,calibration
71,44.6920744577274,4421,45.71727939294907,4306,20261007,direct,vendor_covariate,calibration
72,37.135743844533415,4421,38.040817309982515,4304,20261007,direct,vendor_covariate,calibration
73,31.14376731304668,4421,31.959058906945828,4299,20261007,direct,vendor_covariate,calibration
74,22.195971838596748,4421,22.821781001148665,4288,20261007,direct,vendor_covariate,calibration
75,16.38906851792948,4421,17.081969497431505,4204,20261007,direct,vendor_covariate,calibration
76,10.712286713102623,4421,11.403617233079524,4021,20261007,direct,vendor_covariate,calibration
77,7.8680680146866075,4421,8.50572863223667,3998,20261007,direct,vendor_covariate,calibration
78,4.727760814050782,4421,5.173408232249408,3985,20261007,direct,vendor_covariate,calibration
79,2.966577874828156,4421,3.4367962729979076,3710,20261007,direct,vendor_covariate,calibration
80,1.8519355291804036,4421,2.220861603422174,3548,20261007,direct,vendor_covariate,calibration
81,1.3321251032424994,4421,1.6788249540026658,3245,20261007,direct,vendor_covariate,calibration
82,1.0624422151159092,4421,1.5132951877304786,2746,20261007,direct,vendor_covariate,calibration
83,0.8907268530236737,4421,1.3572236354473053,2476,20261007,direct,vendor_covariate,calibration
84,0.9715573555155594,4421,1.510041041157128,2430,20261007,direct,vendor_covariate,calibration
85,1.0240469034091295,4421,1.5891044713832714,2430,20261007,direct,vendor_covariate,calibration
86,0.9424663205892083,4421,1.430100460626461,2430,20261007,direct,vendor_covariate,calibration
87,0.8975490376275741,4421,1.4047817553144424,2430,20261007,direct,vendor_covariate,calibration
88,0.8891079111980708,4421,1.4015451257427534,2430,20261007,direct,vendor_covariate,calibration
89,0.9051061982962644,4421,1.4355210151140092,2430,20261007,direct,vendor_covariate,calibration
90,0.8605217724647546,4421,1.335199024788882,2430,20261007,direct,vendor_covariate,calibration
91,0.9615712074389746,4421,1.4885682648530714,2430,20261007,direct,vendor_covariate,calibration
92,0.9424632057341966,4421,1.4170414776039222,2430,20261007,direct,vendor_covariate,calibration
93,1.1026515931875236,4421,1.6737996452323203,2430,20261007,direct,vendor_covariate,calibration
94,1.1820674992320872,4421,1.8000927072677593,2430,20261007,direct,vendor_covariate,calibration
95,1.1540381513726412,4421,1.8227348298202326,2430,20261007,direct,vendor_covariate,calibration
96,1.3415035645202986,4421,2.164133733461914,2430,20261007,direct,vendor_covariate,calibration
1,0.6017158520557648,8898,0.8017678303009047,3866,20261007,direct,vendor_covariate,test
2,0.4254364541044875,8898,0.45588551349186907,3866,20261007,direct,vendor_covariate,test
3,0.5279697412413529,8898,0.5335043470013406,3866,20261007,direct,vendor_covariate,test
4,0.3740867819904169,8898,0.3468209599263762,3866,20261007,direct,vendor_covariate,test
5,0.5896393442926285,8898,0.5436743386957045,3866,20261007,direct,vendor_covariate,test
6,0.6306294871697593,8898,0.6068190804306747,3866,20261007,direct,vendor_covariate,test
7,0.5112815398615499,8898,0.596898622897324,3866,20261007,direct,vendor_covariate,test
8,0.48205434029823657,8898,0.5122527707553569,3866,20261007,direct,vendor_covariate,test
9,0.49835445878808793,8898,0.48445824629772943,3866,20261007,direct,vendor_covariate,test
10,0.4058326530341661,8898,0.3458679304475064,3866,20261007,direct,vendor_covariate,test
11,0.2620958531027123,8898,0.2191776907195776,3866,20261007,direct,vendor_covariate,test
12,0.39533502129243575,8898,0.4461350019369853,3862,20261007,direct,vendor_covariate,test
13,0.7555252616761587,8898,0.85355520011507,3862,20261007,direct,vendor_covariate,test
14,0.7086126765801039,8898,1.1506395324671712,3868,20261007,direct,vendor_covariate,test
15,0.36417945853818,8898,0.3672358261083471,3862,20261007,direct,vendor_covariate,test
16,0.4373932470860381,8898,0.48469774090120177,3862,20261007,direct,vendor_covariate,test
17,0.5722187027679729,8898,0.5657521972190618,3862,20261007,direct,vendor_covariate,test
18,0.7846692097782553,8898,0.7810914770602131,3862,20261007,direct,vendor_covariate,test
19,0.6634925104347507,8898,0.6628569637144063,3862,20261007,direct,vendor_covariate,test
20,0.8296234944705937,8898,0.8186747928293371,3865,20261007,direct,vendor_covariate,test
21,0.8542988935582194,8898,0.9476566686821477,3865,20261007,direct,vendor_covariate,test
22,0.865748062447092,8898,0.8777085916882557,3865,20261007,direct,vendor_covariate,test
23,1.2873091549231805,8898,1.215230378932181,3865,20261007,direct,vendor_covariate,test
24,1.9324575399724144,8898,1.6382170578293782,3865,20261007,direct,vendor_covariate,test
25,2.4330199377191146,8898,2.382337136304091,4107,20261007,direct,vendor_covariate,test
26,3.3874890468668197,8898,4.996295254347398,5233,20261007,direct,vendor_covariate,test
27,5.547416438732822,8898,8.640988582504132,5459,20261007,direct,vendor_covariate,test
28,11.392020351705792,8898,16.93155208814205,5794,20261007,direct,vendor_covariate,test
29,19.941975962661175,8898,25.245215236118113,6898,20261007,direct,vendor_covariate,test
30,33.14262237785098,8898,35.95360350337158,8126,20261007,direct,vendor_covariate,test
31,44.181844032138045,8898,44.49406593033993,8809,20261007,direct,vendor_covariate,test
32,60.73569858238436,8898,60.73569858238436,8898,20261007,direct,vendor_covariate,test
33,78.0337070049607,8898,78.0337070049607,8898,20261007,direct,vendor_covariate,test
34,94.64700377164857,8898,94.64700377164857,8898,20261007,direct,vendor_covariate,test
35,105.77530090702574,8898,105.77530090702574,8898,20261007,direct,vendor_covariate,test
36,120.99575409067118,8898,120.99575409067118,8898,20261007,direct,vendor_covariate,test
37,136.81081046542187,8898,136.81081046542187,8898,20261007,direct,vendor_covariate,test
38,154.32889186684733,8898,154.32889186684733,8898,20261007,direct,vendor_covariate,test
39,175.70942157289028,8898,175.70942157289028,8898,20261007,direct,vendor_covariate,test
40,193.74661972323483,8898,193.74661972323483,8898,20261007,direct,vendor_covariate,test
41,197.86849003074664,8898,197.86849003074664,8898,20261007,direct,vendor_covariate,test
42,208.29895800829104,8898,208.29895800829104,8898,20261007,direct,vendor_covariate,test
43,218.7999634959614,8898,218.7999634959614,8898,20261007,direct,vendor_covariate,test
44,220.82710206084403,8898,220.82710206084403,8898,20261007,direct,vendor_covariate,test
45,219.982248627045,8898,219.982248627045,8898,20261007,direct,vendor_covariate,test
46,237.5156355745208,8898,237.5156355745208,8898,20261007,direct,vendor_covariate,test
47,246.5528492914041,8898,246.5528492914041,8898,20261007,direct,vendor_covariate,test
48,235.17137655771717,8898,235.17137655771717,8898,20261007,direct,vendor_covariate,test
49,244.40810663819104,8898,244.40810663819104,8898,20261007,direct,vendor_covariate,test
50,250.22392352952528,8898,250.22392352952528,8898,20261007,direct,vendor_covariate,test
51,247.86478139111713,8898,247.86478139111713,8898,20261007,direct,vendor_covariate,test
52,240.16186747922498,8898,240.16186747922498,8898,20261007,direct,vendor_covariate,test
53,249.8704865637532,8898,249.8704865637532,8898,20261007,direct,vendor_covariate,test
54,240.32069435129125,8898,240.32069435129125,8898,20261007,direct,vendor_covariate,test
55,244.86450003582593,8898,244.86450003582593,8898,20261007,direct,vendor_covariate,test
56,235.9670365450359,8898,235.9670365450359,8898,20261007,direct,vendor_covariate,test
57,218.43391060591946,8898,218.43391060591946,8898,20261007,direct,vendor_covariate,test
58,226.90148493624045,8898,226.90148493624045,8898,20261007,direct,vendor_covariate,test
59,221.8160047877884,8898,221.8160047877884,8898,20261007,direct,vendor_covariate,test
60,220.84241705063198,8898,220.84241705063198,8898,20261007,direct,vendor_covariate,test
61,218.93926129283673,8898,218.93926129283673,8898,20261007,direct,vendor_covariate,test
62,207.24108649674318,8898,207.24108649674318,8898,20261007,direct,vendor_covariate,test
63,203.27547007750331,8898,203.27547007750331,8898,20261007,direct,vendor_covariate,test
64,194.89406019443942,8898,194.89406019443942,8898,20261007,direct,vendor_covariate,test
65,176.215346425638,8898,176.215346425638,8898,20261007,direct,vendor_covariate,test
66,169.88755436488714,8898,169.88755436488714,8898,20261007,direct,vendor_covariate,test
67,162.9751355485929,8898,162.9751355485929,8898,20261007,direct,vendor_covariate,test
68,149.08830274780632,8898,149.5640369703519,8847,20261007,direct,vendor_covariate,test
69,131.36623469007716,8898,135.72710228680162,8590,20261007,direct,vendor_covariate,test
70,117.8113436527473,8898,131.6455163206822,7935,20261007,direct,vendor_covariate,test
71,90.23856190877929,8898,103.35812356535892,7735,20261007,direct,vendor_covariate,test
72,80.71960968914316,8898,92.57289165221883,7735,20261007,direct,vendor_covariate,test
73,68.00088846044972,8898,78.18335311188639,7720,20261007,direct,vendor_covariate,test
74,51.91938521772668,8898,59.98361294981325,7676,20261007,direct,vendor_covariate,test
75,39.860033879299685,8898,47.86531504649281,7337,20261007,direct,vendor_covariate,test
76,25.984178828726893,8898,32.80895556288385,6903,20261007,direct,vendor_covariate,test
77,18.314889646290858,8898,24.11046727065493,6637,20261007,direct,vendor_covariate,test
78,11.250059084011866,8898,15.160716226394914,6510,20261007,direct,vendor_covariate,test
79,7.103787586270071,8898,11.218790610869355,5473,20261007,direct,vendor_covariate,test
80,3.8806223590346867,8898,6.0702844273154115,5401,20261007,direct,vendor_covariate,test
81,2.1830794169485572,8898,3.2768062998988747,5155,20261007,direct,vendor_covariate,test
82,1.0790754828114224,8898,1.377989328008236,4384,20261007,direct,vendor_covariate,test
83,0.837958016921405,8898,1.010150838356715,3906,20261007,direct,vendor_covariate,test
84,0.8510237836288813,8898,0.9441386727912323,3862,20261007,direct,vendor_covariate,test
85,0.8921959256951354,8898,1.018108347690303,3862,20261007,direct,vendor_covariate,test
86,0.931158859245052,8898,1.0777261978963506,3862,20261007,direct,vendor_covariate,test
87,0.738739313525088,8898,0.7987341805250765,3862,20261007,direct,vendor_covariate,test
88,0.6508205824557363,8898,0.6704558122696684,3862,20261007,direct,vendor_covariate,test
89,0.6819965394980373,8898,0.7009903786637387,3862,20261007,direct,vendor_covariate,test
90,0.7041989875805394,8898,0.6913091056261083,3862,20261007,direct,vendor_covariate,test
91,0.7858568671408344,8898,0.7413321397137543,3862,20261007,direct,vendor_covariate,test
92,0.8732206412986889,8898,0.8506671983048374,3862,20261007,direct,vendor_covariate,test
93,1.0109559674164297,8898,0.9328389583991822,3862,20261007,direct,vendor_covariate,test
94,1.0173818214582335,8898,0.9354403532543742,3862,20261007,direct,vendor_covariate,test
95,0.8474890104773193,8898,0.7746307306389065,3862,20261007,direct,vendor_covariate,test
96,0.8643074379344219,8898,0.9059222373264494,3862,20261007,direct,vendor_covariate,test
1,0.6084316052765668,4421,0.6210904433155646,2453,20261007,vendor_residual,target_only,calibration
2,0.7062010854201474,4421,1.0401666582840325,2453,20261007,vendor_residual,target_only,calibration
3,1.0480182005955387,4421,1.8057436019330655,2453,20261007,vendor_residual,target_only,calibration
4,1.1381094734004804,4421,1.9879317188882633,2453,20261007,vendor_residual,target_only,calibration
5,1.4799434706225396,4421,2.5971897592725552,2453,20261007,vendor_residual,target_only,calibration
6,1.4606427840964442,4421,2.5789554667414407,2453,20261007,vendor_residual,target_only,calibration
7,1.8433343241396436,4421,3.262488477423765,2453,20261007,vendor_residual,target_only,calibration
8,1.8500100973119515,4421,3.268348735092945,2453,20261007,vendor_residual,target_only,calibration
9,1.8059671897443204,4421,3.1713241074931693,2453,20261007,vendor_residual,target_only,calibration
10,1.7287189692825087,4421,3.024926509309896,2453,20261007,vendor_residual,target_only,calibration
11,1.7234563941858667,4421,3.0438087655894255,2453,20261007,vendor_residual,target_only,calibration
12,1.9173732129117005,4421,3.3509557520564446,2430,20261007,vendor_residual,target_only,calibration
13,1.773554653370689,4421,3.098615005244635,2430,20261007,vendor_residual,target_only,calibration
14,1.8017909521897115,4421,3.136979348348244,2438,20261007,vendor_residual,target_only,calibration
15,1.7621550148769454,4421,3.018224827272227,2430,20261007,vendor_residual,target_only,calibration
16,2.0459585918162144,4421,3.5972702926950366,2430,20261007,vendor_residual,target_only,calibration
17,2.068274817371552,4421,3.6181876517019766,2430,20261007,vendor_residual,target_only,calibration
18,2.0874025154716844,4421,3.6450851037900955,2430,20261007,vendor_residual,target_only,calibration
19,1.832253184536999,4421,3.1387800517553317,2430,20261007,vendor_residual,target_only,calibration
20,1.9801395095641383,4421,3.4274003655923257,2431,20261007,vendor_residual,target_only,calibration
21,1.973969371286322,4421,3.3839848232945924,2431,20261007,vendor_residual,target_only,calibration
22,1.8813455091545843,4421,3.2173470374794793,2431,20261007,vendor_residual,target_only,calibration
23,2.0693181006325183,4421,3.501560382456881,2431,20261007,vendor_residual,target_only,calibration
24,1.9574936409023214,4421,3.3005683145149454,2431,20261007,vendor_residual,target_only,calibration
25,2.04495679978493,4421,3.288478197210436,2577,20261007,vendor_residual,target_only,calibration
26,2.8470214959972227,4421,3.6697407342944643,3400,20261007,vendor_residual,target_only,calibration
27,3.742590476220966,4421,4.604688197511226,3589,20261007,vendor_residual,target_only,calibration
28,5.427596136923576,4421,6.547847271518033,3663,20261007,vendor_residual,target_only,calibration
29,12.710354496764994,4421,13.82948974912204,4061,20261007,vendor_residual,target_only,calibration
30,21.22518757305139,4421,22.402248068344726,4188,20261007,vendor_residual,target_only,calibration
31,29.256637619057845,4421,29.604613022598922,4368,20261007,vendor_residual,target_only,calibration
32,45.21736929888366,4421,45.21736929888366,4421,20261007,vendor_residual,target_only,calibration
33,55.52569630338114,4421,55.52569630338114,4421,20261007,vendor_residual,target_only,calibration
34,68.9468904465575,4421,68.9468904465575,4421,20261007,vendor_residual,target_only,calibration
35,79.9088081447338,4421,79.9088081447338,4421,20261007,vendor_residual,target_only,calibration
36,90.53435986109898,4421,90.53435986109898,4421,20261007,vendor_residual,target_only,calibration
37,97.6148425493457,4421,97.6148425493457,4421,20261007,vendor_residual,target_only,calibration
38,110.16378404314281,4421,110.16378404314281,4421,20261007,vendor_residual,target_only,calibration
39,116.3390290177606,4421,116.3390290177606,4421,20261007,vendor_residual,target_only,calibration
40,110.43363005753704,4421,110.43363005753704,4421,20261007,vendor_residual,target_only,calibration
41,113.51264378062456,4421,113.51264378062456,4421,20261007,vendor_residual,target_only,calibration
42,128.8315444621836,4421,128.8315444621836,4421,20261007,vendor_residual,target_only,calibration
43,140.78902136971718,4421,140.78902136971718,4421,20261007,vendor_residual,target_only,calibration
44,127.80892506712752,4421,127.80892506712752,4421,20261007,vendor_residual,target_only,calibration
45,128.6548686465501,4421,128.6548686465501,4421,20261007,vendor_residual,target_only,calibration
46,127.26890154968255,4421,127.26890154968255,4421,20261007,vendor_residual,target_only,calibration
47,140.8931141377692,4421,140.8931141377692,4421,20261007,vendor_residual,target_only,calibration
48,137.24112396678427,4421,137.24112396678427,4421,20261007,vendor_residual,target_only,calibration
49,132.6557989814429,4421,132.6557989814429,4421,20261007,vendor_residual,target_only,calibration
50,147.84817741811355,4421,147.84817741811355,4421,20261007,vendor_residual,target_only,calibration
51,155.7626992996836,4421,155.7626992996836,4421,20261007,vendor_residual,target_only,calibration
52,148.1306559805877,4421,148.1306559805877,4421,20261007,vendor_residual,target_only,calibration
53,152.2437686837606,4421,152.2437686837606,4421,20261007,vendor_residual,target_only,calibration
54,157.67437016531713,4421,157.67437016531713,4421,20261007,vendor_residual,target_only,calibration
55,144.66557869984987,4421,144.66557869984987,4421,20261007,vendor_residual,target_only,calibration
56,146.39743183287317,4421,146.39743183287317,4421,20261007,vendor_residual,target_only,calibration
57,141.5281780278125,4421,141.5281780278125,4421,20261007,vendor_residual,target_only,calibration
58,136.67419551483667,4421,136.67419551483667,4421,20261007,vendor_residual,target_only,calibration
59,135.71570712609946,4421,135.71570712609946,4421,20261007,vendor_residual,target_only,calibration
60,140.07314123957804,4421,140.07314123957804,4421,20261007,vendor_residual,target_only,calibration
61,129.6719690981394,4421,129.6719690981394,4421,20261007,vendor_residual,target_only,calibration
62,132.20564212515544,4421,132.20564212515544,4421,20261007,vendor_residual,target_only,calibration
63,130.84979258344393,4421,130.84979258344393,4421,20261007,vendor_residual,target_only,calibration
64,113.48967803196268,4421,113.48967803196268,4421,20261007,vendor_residual,target_only,calibration
65,102.33731273060269,4421,102.33731273060269,4421,20261007,vendor_residual,target_only,calibration
66,95.97388901220003,4421,95.97388901220003,4421,20261007,vendor_residual,target_only,calibration
67,90.19602220455329,4421,90.21642854441858,4420,20261007,vendor_residual,target_only,calibration
68,77.96561811003458,4421,78.24142303185056,4405,20261007,vendor_residual,target_only,calibration
69,60.74638349460877,4421,61.11771838431725,4393,20261007,vendor_residual,target_only,calibration
70,52.37386797209268,4421,53.442143946639575,4330,20261007,vendor_residual,target_only,calibration
71,47.07887330864823,4421,48.32691589823719,4306,20261007,vendor_residual,target_only,calibration
72,38.22035392467725,4421,39.254406425389284,4304,20261007,vendor_residual,target_only,calibration
73,26.623354528539732,4421,27.36765899947118,4299,20261007,vendor_residual,target_only,calibration
74,20.074748406182223,4421,20.681851680841593,4288,20261007,vendor_residual,target_only,calibration
75,16.62151771284575,4421,17.446389287174163,4204,20261007,vendor_residual,target_only,calibration
76,11.910155549070694,4421,13.065777022253457,4021,20261007,vendor_residual,target_only,calibration
77,7.231859543755479,4421,7.98225529605549,3998,20261007,vendor_residual,target_only,calibration
78,5.150257670671291,4421,5.703270679450047,3985,20261007,vendor_residual,target_only,calibration
79,3.5687053976008696,4421,4.237589943714109,3710,20261007,vendor_residual,target_only,calibration
80,3.645630401658947,4421,4.506473804381656,3548,20261007,vendor_residual,target_only,calibration
81,3.235870577818908,4421,4.319466507319032,3245,20261007,vendor_residual,target_only,calibration
82,2.7799035558912255,4421,4.3020741469765635,2746,20261007,vendor_residual,target_only,calibration
83,3.0484050965855665,4421,5.301139358202454,2476,20261007,vendor_residual,target_only,calibration
84,2.836997356850177,4421,5.04572057811459,2430,20261007,vendor_residual,target_only,calibration
85,2.7467157092033414,4421,4.892813590020631,2430,20261007,vendor_residual,target_only,calibration
86,2.783155668459688,4421,4.9588400378827115,2430,20261007,vendor_residual,target_only,calibration
87,2.779081603945177,4421,4.962336733388051,2430,20261007,vendor_residual,target_only,calibration
88,2.7070692002960137,4421,4.829598752908033,2430,20261007,vendor_residual,target_only,calibration
89,2.730414246005917,4421,4.896478739096266,2430,20261007,vendor_residual,target_only,calibration
90,2.817608634687041,4421,5.062802900388499,2430,20261007,vendor_residual,target_only,calibration
91,2.77433753277274,4421,4.992405250472105,2430,20261007,vendor_residual,target_only,calibration
92,2.643931596954149,4421,4.760373005143524,2430,20261007,vendor_residual,target_only,calibration
93,2.7845165260802127,4421,5.012334715912823,2430,20261007,vendor_residual,target_only,calibration
94,2.9307307380775494,4421,5.275373543397075,2430,20261007,vendor_residual,target_only,calibration
95,3.0421889066077146,4421,5.473487705350068,2430,20261007,vendor_residual,target_only,calibration
96,2.685604589184264,4421,4.839287813635037,2430,20261007,vendor_residual,target_only,calibration
1,1.3116549661452543,8898,1.3542667178284624,3866,20261007,vendor_residual,target_only,test
2,1.2947240467794152,8898,2.1579168315093233,3866,20261007,vendor_residual,target_only,test
3,1.419321527234487,8898,2.8925252741362186,3866,20261007,vendor_residual,target_only,test
4,1.4759724957599307,8898,3.1085264902742336,3866,20261007,vendor_residual,target_only,test
5,1.6715082046185439,8898,3.528594336211195,3866,20261007,vendor_residual,target_only,test
6,1.6968389023337933,8898,3.69888133532994,3866,20261007,vendor_residual,target_only,test
7,1.8851750387897723,8898,4.0969498951797,3866,20261007,vendor_residual,target_only,test
8,1.8674691118486582,8898,4.095112533666423,3866,20261007,vendor_residual,target_only,test
9,1.9143288013246162,8898,4.1217378355976795,3866,20261007,vendor_residual,target_only,test
10,1.9800014811730247,8898,4.273869343194243,3866,20261007,vendor_residual,target_only,test
11,1.9417086143983016,8898,4.240465645670874,3866,20261007,vendor_residual,target_only,test
12,2.395491803172435,8898,5.004532409698646,3862,20261007,vendor_residual,target_only,test
13,2.211447034918489,8898,4.572893193378299,3862,20261007,vendor_residual,target_only,test
14,2.4377961557009544,8898,5.072878633964819,3868,20261007,vendor_residual,target_only,test
15,2.328270324497283,8898,4.332268886013002,3862,20261007,vendor_residual,target_only,test
16,2.1941075707363926,8898,4.399468825274491,3862,20261007,vendor_residual,target_only,test
17,2.295650296513246,8898,4.556498526930069,3862,20261007,vendor_residual,target_only,test
18,2.27297476969934,8898,4.25181192384019,3862,20261007,vendor_residual,target_only,test
19,2.4283972352771515,8898,4.532438766264445,3862,20261007,vendor_residual,target_only,test
20,2.16105081102326,8898,3.746671367544719,3865,20261007,vendor_residual,target_only,test
21,2.609072707196807,8898,4.620127441576968,3865,20261007,vendor_residual,target_only,test
22,2.4820843287254704,8898,4.388693105916006,3865,20261007,vendor_residual,target_only,test
23,2.7925883368567526,8898,4.76973311633768,3865,20261007,vendor_residual,target_only,test
24,2.7345427958529256,8898,4.5639122246064,3865,20261007,vendor_residual,target_only,test
25,2.9253952459457673,8898,5.033621708653009,4107,20261007,vendor_residual,target_only,test
26,4.799363612963368,8898,7.893747085601776,5233,20261007,vendor_residual,target_only,test
27,7.362948991090557,8898,11.900490057597803,5459,20261007,vendor_residual,target_only,test
28,10.843067878213189,8898,16.575188444776963,5794,20261007,vendor_residual,target_only,test
29,17.227480861174275,8898,22.140508896389917,6898,20261007,vendor_residual,target_only,test
30,24.614131987251934,8898,26.93879136683774,8126,20261007,vendor_residual,target_only,test
31,38.68544063154681,8898,39.07343100731576,8809,20261007,vendor_residual,target_only,test
32,46.19371659221855,8898,46.19371659221855,8898,20261007,vendor_residual,target_only,test
33,62.83010211834889,8898,62.83010211834889,8898,20261007,vendor_residual,target_only,test
34,75.31135056957142,8898,75.31135056957142,8898,20261007,vendor_residual,target_only,test
35,86.92028161570333,8898,86.92028161570333,8898,20261007,vendor_residual,target_only,test
36,96.65073960776952,8898,96.65073960776952,8898,20261007,vendor_residual,target_only,test
37,104.28143562885742,8898,104.28143562885742,8898,20261007,vendor_residual,target_only,test
38,119.30630985758835,8898,119.30630985758835,8898,20261007,vendor_residual,target_only,test
39,137.64399683421917,8898,137.64399683421917,8898,20261007,vendor_residual,target_only,test
40,149.72378094212047,8898,149.72378094212047,8898,20261007,vendor_residual,target_only,test
41,157.77879262313496,8898,157.77879262313496,8898,20261007,vendor_residual,target_only,test
42,164.27927319816368,8898,164.27927319816368,8898,20261007,vendor_residual,target_only,test
43,168.67998965710348,8898,168.67998965710348,8898,20261007,vendor_residual,target_only,test
44,164.15497590642804,8898,164.15497590642804,8898,20261007,vendor_residual,target_only,test
45,172.78640030708706,8898,172.78640030708706,8898,20261007,vendor_residual,target_only,test
46,182.7609507936223,8898,182.7609507936223,8898,20261007,vendor_residual,target_only,test
47,189.91985487614502,8898,189.91985487614502,8898,20261007,vendor_residual,target_only,test
48,191.60600804819384,8898,191.60600804819384,8898,20261007,vendor_residual,target_only,test
49,197.35650705471352,8898,197.35650705471352,8898,20261007,vendor_residual,target_only,test
50,204.12504663844805,8898,204.12504663844805,8898,20261007,vendor_residual,target_only,test
51,205.73143552997556,8898,205.73143552997556,8898,20261007,vendor_residual,target_only,test
52,183.28505579808774,8898,183.28505579808774,8898,20261007,vendor_residual,target_only,test
53,195.06067714311396,8898,195.06067714311396,8898,20261007,vendor_residual,target_only,test
54,190.04612641445505,8898,190.04612641445505,8898,20261007,vendor_residual,target_only,test
55,188.5210825146192,8898,188.5210825146192,8898,20261007,vendor_residual,target_only,test
56,191.27230597914254,8898,191.27230597914254,8898,20261007,vendor_residual,target_only,test
57,175.24080293394664,8898,175.24080293394664,8898,20261007,vendor_residual,target_only,test
58,193.56474996379316,8898,193.56474996379316,8898,20261007,vendor_residual,target_only,test
59,180.03963914118154,8898,180.03963914118154,8898,20261007,vendor_residual,target_only,test
60,189.72851410445813,8898,189.72851410445813,8898,20261007,vendor_residual,target_only,test
61,175.50085138604052,8898,175.50085138604052,8898,20261007,vendor_residual,target_only,test
62,173.7275803591704,8898,173.7275803591704,8898,20261007,vendor_residual,target_only,test
63,170.55262436756772,8898,170.55262436756772,8898,20261007,vendor_residual,target_only,test
64,162.68262981896174,8898,162.68262981896174,8898,20261007,vendor_residual,target_only,test
65,155.77635281545616,8898,155.77635281545616,8898,20261007,vendor_residual,target_only,test
66,143.8741312208552,8898,143.8741312208552,8898,20261007,vendor_residual,target_only,test
67,137.07034353425283,8898,137.07034353425283,8898,20261007,vendor_residual,target_only,test
68,135.4810891611626,8898,136.2476962876142,8847,20261007,vendor_residual,target_only,test
69,113.5186128033468,8898,117.51282976518586,8590,20261007,vendor_residual,target_only,test
70,106.28229554381156,8898,118.99900509105105,7935,20261007,vendor_residual,target_only,test
71,90.73169535114198,8898,104.30285018181715,7735,20261007,vendor_residual,target_only,test
72,75.12968972961566,8898,86.35004471467167,7735,20261007,vendor_residual,target_only,test
73,62.35646528942213,8898,71.79628116873346,7720,20261007,vendor_residual,target_only,test
74,46.56471781599739,8898,53.897703232302625,7676,20261007,vendor_residual,target_only,test
75,41.39331624904907,8898,50.111874986271815,7337,20261007,vendor_residual,target_only,test
76,27.09857307035723,8898,34.84258737155277,6903,20261007,vendor_residual,target_only,test
77,18.30084386057017,8898,24.460881118220374,6637,20261007,vendor_residual,target_only,test
78,12.076048192232403,8898,16.414077588025233,6510,20261007,vendor_residual,target_only,test
79,6.904046120147567,8898,11.053606624540532,5473,20261007,vendor_residual,target_only,test
80,5.5527085191467584,8898,8.937745594387886,5401,20261007,vendor_residual,target_only,test
81,3.883644634772078,8898,6.3271738140423315,5155,20261007,vendor_residual,target_only,test
82,2.5367263262533783,8898,4.404909450786416,4384,20261007,vendor_residual,target_only,test
83,2.597057128355196,8898,5.042491206398932,3906,20261007,vendor_residual,target_only,test
84,2.157578215057414,8898,4.1612897904592545,3862,20261007,vendor_residual,target_only,test
85,2.027118054464818,8898,3.9011755812978772,3862,20261007,vendor_residual,target_only,test
86,2.0877691190490513,8898,3.97695898441834,3862,20261007,vendor_residual,target_only,test
87,1.9101750598048655,8898,3.6618742443296086,3862,20261007,vendor_residual,target_only,test
88,1.8809980577014453,8898,3.5534985208769214,3862,20261007,vendor_residual,target_only,test
89,1.6634511571963335,8898,3.269341720656985,3862,20261007,vendor_residual,target_only,test
90,1.6249265558440422,8898,3.2439329161092636,3862,20261007,vendor_residual,target_only,test
91,1.5918719270840689,8898,3.2114692113052614,3862,20261007,vendor_residual,target_only,test
92,1.510381335199223,8898,3.044856337700806,3862,20261007,vendor_residual,target_only,test
93,1.6082555765106743,8898,3.2672023427524257,3862,20261007,vendor_residual,target_only,test
94,1.7173357112786778,8898,3.512215537375464,3862,20261007,vendor_residual,target_only,test
95,1.6725866977598969,8898,3.3271226823650775,3862,20261007,vendor_residual,target_only,test
96,1.6713360820317962,8898,3.4861001472516615,3862,20261007,vendor_residual,target_only,test
1,0.5857182420305536,4421,0.6560739237307622,2453,20261007,vendor_residual,vendor_covariate,calibration
2,1.076370915266182,4421,1.8138382016307921,2453,20261007,vendor_residual,vendor_covariate,calibration
3,1.6103126539077102,4421,2.8685639259573246,2453,20261007,vendor_residual,vendor_covariate,calibration
4,1.7100201015614709,4421,3.045723642327941,2453,20261007,vendor_residual,vendor_covariate,calibration
5,2.1056324669573736,4421,3.7721620461580034,2453,20261007,vendor_residual,vendor_covariate,calibration
6,2.3329493610739345,4421,4.183210274914399,2453,20261007,vendor_residual,vendor_covariate,calibration
7,2.548388400141958,4421,4.568222882936466,2453,20261007,vendor_residual,vendor_covariate,calibration
8,2.8029897428225707,4421,5.024347038037317,2453,20261007,vendor_residual,vendor_covariate,calibration
9,2.9824922500835,4421,5.347080444908066,2453,20261007,vendor_residual,vendor_covariate,calibration
10,2.6228838007831516,4421,4.690027792215548,2453,20261007,vendor_residual,vendor_covariate,calibration
11,3.0965212466874283,4421,5.5496826134542365,2453,20261007,vendor_residual,vendor_covariate,calibration
12,3.2808747843654005,4421,5.895980384081426,2430,20261007,vendor_residual,vendor_covariate,calibration
13,2.9662751480876968,4421,5.338067565302445,2430,20261007,vendor_residual,vendor_covariate,calibration
14,2.8332675726098078,4421,5.058980775395197,2438,20261007,vendor_residual,vendor_covariate,calibration
15,2.727533202892164,4421,4.897489390636741,2430,20261007,vendor_residual,vendor_covariate,calibration
16,3.0869966122500108,4421,5.534555885641655,2430,20261007,vendor_residual,vendor_covariate,calibration
17,3.047526270053919,4421,5.4691604537178415,2430,20261007,vendor_residual,vendor_covariate,calibration
18,3.0636498665137863,4421,5.502459713154369,2430,20261007,vendor_residual,vendor_covariate,calibration
19,2.7827399263008714,4421,4.99490253044208,2430,20261007,vendor_residual,vendor_covariate,calibration
20,2.921803779414611,4421,5.2756518416797435,2431,20261007,vendor_residual,vendor_covariate,calibration
21,3.2425875846484353,4421,5.856995696626398,2431,20261007,vendor_residual,vendor_covariate,calibration
22,3.0761150762435507,4421,5.5479097799974575,2431,20261007,vendor_residual,vendor_covariate,calibration
23,3.3484323738620834,4421,6.0268677740037155,2431,20261007,vendor_residual,vendor_covariate,calibration
24,3.6079374251873406,4421,6.488880278722887,2431,20261007,vendor_residual,vendor_covariate,calibration
25,3.6314060290849537,4421,6.191581711916995,2577,20261007,vendor_residual,vendor_covariate,calibration
26,4.31909317997725,4421,5.608913237455742,3400,20261007,vendor_residual,vendor_covariate,calibration
27,5.3414750009892815,4421,6.574834707458604,3589,20261007,vendor_residual,vendor_covariate,calibration
28,6.766282290086098,4421,8.166305806731657,3663,20261007,vendor_residual,vendor_covariate,calibration
29,14.200086490447523,4421,15.45320184382635,4061,20261007,vendor_residual,vendor_covariate,calibration
30,22.021472625690848,4421,23.246585754937698,4188,20261007,vendor_residual,vendor_covariate,calibration
31,30.38500952922494,4421,30.75133067421953,4368,20261007,vendor_residual,vendor_covariate,calibration
32,50.482884975009505,4421,50.482884975009505,4421,20261007,vendor_residual,vendor_covariate,calibration
33,60.33934313736806,4421,60.33934313736806,4421,20261007,vendor_residual,vendor_covariate,calibration
34,74.51773961943724,4421,74.51773961943724,4421,20261007,vendor_residual,vendor_covariate,calibration
35,89.71705133022814,4421,89.71705133022814,4421,20261007,vendor_residual,vendor_covariate,calibration
36,93.55719411935398,4421,93.55719411935398,4421,20261007,vendor_residual,vendor_covariate,calibration
37,102.08620311665914,4421,102.08620311665914,4421,20261007,vendor_residual,vendor_covariate,calibration
38,110.40616425696444,4421,110.40616425696444,4421,20261007,vendor_residual,vendor_covariate,calibration
39,120.40240748490166,4421,120.40240748490166,4421,20261007,vendor_residual,vendor_covariate,calibration
40,111.80916203159731,4421,111.80916203159731,4421,20261007,vendor_residual,vendor_covariate,calibration
41,117.70796071149235,4421,117.70796071149235,4421,20261007,vendor_residual,vendor_covariate,calibration
42,137.04742997486943,4421,137.04742997486943,4421,20261007,vendor_residual,vendor_covariate,calibration
43,148.46184488426957,4421,148.46184488426957,4421,20261007,vendor_residual,vendor_covariate,calibration
44,136.38138385916105,4421,136.38138385916105,4421,20261007,vendor_residual,vendor_covariate,calibration
45,135.15064970469825,4421,135.15064970469825,4421,20261007,vendor_residual,vendor_covariate,calibration
46,136.9986325299013,4421,136.9986325299013,4421,20261007,vendor_residual,vendor_covariate,calibration
47,149.75432948071165,4421,149.75432948071165,4421,20261007,vendor_residual,vendor_covariate,calibration
48,140.4534439971447,4421,140.4534439971447,4421,20261007,vendor_residual,vendor_covariate,calibration
49,136.50932709905976,4421,136.50932709905976,4421,20261007,vendor_residual,vendor_covariate,calibration
50,149.98045863022867,4421,149.98045863022867,4421,20261007,vendor_residual,vendor_covariate,calibration
51,160.45157294380365,4421,160.45157294380365,4421,20261007,vendor_residual,vendor_covariate,calibration
52,156.9933372580277,4421,156.9933372580277,4421,20261007,vendor_residual,vendor_covariate,calibration
53,161.80985671011814,4421,161.80985671011814,4421,20261007,vendor_residual,vendor_covariate,calibration
54,160.75718486373833,4421,160.75718486373833,4421,20261007,vendor_residual,vendor_covariate,calibration
55,145.40113015684238,4421,145.40113015684238,4421,20261007,vendor_residual,vendor_covariate,calibration
56,146.76408217971309,4421,146.76408217971309,4421,20261007,vendor_residual,vendor_covariate,calibration
57,146.84087679569163,4421,146.84087679569163,4421,20261007,vendor_residual,vendor_covariate,calibration
58,139.469038818148,4421,139.469038818148,4421,20261007,vendor_residual,vendor_covariate,calibration
59,136.57741289274554,4421,136.57741289274554,4421,20261007,vendor_residual,vendor_covariate,calibration
60,141.86065523370203,4421,141.86065523370203,4421,20261007,vendor_residual,vendor_covariate,calibration
61,135.24290100510666,4421,135.24290100510666,4421,20261007,vendor_residual,vendor_covariate,calibration
62,135.22039451546033,4421,135.22039451546033,4421,20261007,vendor_residual,vendor_covariate,calibration
63,135.9887851128897,4421,135.9887851128897,4421,20261007,vendor_residual,vendor_covariate,calibration
64,122.65037675545703,4421,122.65037675545703,4421,20261007,vendor_residual,vendor_covariate,calibration
65,107.47201461425942,4421,107.47201461425942,4421,20261007,vendor_residual,vendor_covariate,calibration
66,100.76081180750155,4421,100.76081180750155,4421,20261007,vendor_residual,vendor_covariate,calibration
67,100.55380651537894,4421,100.5765562453598,4420,20261007,vendor_residual,vendor_covariate,calibration
68,79.51939769482348,4421,79.80479024778349,4405,20261007,vendor_residual,vendor_covariate,calibration
69,62.49441266228434,4421,62.88916757639089,4393,20261007,vendor_residual,vendor_covariate,calibration
70,57.23652647209486,4421,58.428762504574415,4330,20261007,vendor_residual,vendor_covariate,calibration
71,52.6770769125866,4421,54.07781633886383,4306,20261007,vendor_residual,vendor_covariate,calibration
72,39.408988057644095,4421,40.477552441008235,4304,20261007,vendor_residual,vendor_covariate,calibration
73,27.201986106034443,4421,27.960871630945316,4299,20261007,vendor_residual,vendor_covariate,calibration
74,21.13194435067997,4421,21.779677282819826,4288,20261007,vendor_residual,vendor_covariate,calibration
75,17.758543489365927,4421,18.673279173109812,4204,20261007,vendor_residual,vendor_covariate,calibration
76,12.503364981013119,4421,13.739055574935565,4021,20261007,vendor_residual,vendor_covariate,calibration
77,7.8526915687282655,4421,8.675364600077005,3998,20261007,vendor_residual,vendor_covariate,calibration
78,6.225234234937318,4421,6.895069603776703,3985,20261007,vendor_residual,vendor_covariate,calibration
79,4.790841884681284,4421,5.700898122772728,3710,20261007,vendor_residual,vendor_covariate,calibration
80,4.720480579496196,4421,5.871290300435307,3548,20261007,vendor_residual,vendor_covariate,calibration
81,4.2446257851927145,4421,5.765861852328252,3245,20261007,vendor_residual,vendor_covariate,calibration
82,3.951054574185827,4421,6.329047825265,2746,20261007,vendor_residual,vendor_covariate,calibration
83,4.039341178736636,4421,7.170133288308644,2476,20261007,vendor_residual,vendor_covariate,calibration
84,4.1853734262632205,4421,7.565730379184386,2430,20261007,vendor_residual,vendor_covariate,calibration
85,4.023076091900469,4421,7.2811477987940805,2430,20261007,vendor_residual,vendor_covariate,calibration
86,4.03537268262984,4421,7.303638268359113,2430,20261007,vendor_residual,vendor_covariate,calibration
87,4.071129096705381,4421,7.368218482961809,2430,20261007,vendor_residual,vendor_covariate,calibration
88,3.9773698297976865,4421,7.200560816308415,2430,20261007,vendor_residual,vendor_covariate,calibration
89,3.9529094492592227,4421,7.163354544063509,2430,20261007,vendor_residual,vendor_covariate,calibration
90,3.958352513538455,4421,7.177819741612929,2430,20261007,vendor_residual,vendor_covariate,calibration
91,3.9257225642806866,4421,7.126532141202793,2430,20261007,vendor_residual,vendor_covariate,calibration
92,3.703398792874108,4421,6.721688493643025,2430,20261007,vendor_residual,vendor_covariate,calibration
93,3.7952639939370054,4421,6.890393754399531,2430,20261007,vendor_residual,vendor_covariate,calibration
94,3.8343965621485587,4421,6.965186159033137,2430,20261007,vendor_residual,vendor_covariate,calibration
95,3.889780885909892,4421,7.07131498571995,2430,20261007,vendor_residual,vendor_covariate,calibration
96,3.2893649701031062,4421,5.9817911143499,2430,20261007,vendor_residual,vendor_covariate,calibration
1,1.0772603247872041,8898,0.5921960388863362,3866,20261007,vendor_residual,vendor_covariate,test
2,0.7844224319112219,8898,1.1190116995355004,3866,20261007,vendor_residual,vendor_covariate,test
3,0.8220767983621953,8898,1.6493120562855879,3866,20261007,vendor_residual,vendor_covariate,test
4,1.0993959655736314,8898,2.258542963192811,3866,20261007,vendor_residual,vendor_covariate,test
5,1.1989206343475909,8898,2.5947170432830933,3866,20261007,vendor_residual,vendor_covariate,test
6,1.2872671873885326,8898,2.7955854426175923,3866,20261007,vendor_residual,vendor_covariate,test
7,1.3447602922889696,8898,2.946506912190447,3866,20261007,vendor_residual,vendor_covariate,test
8,1.5931786139697992,8898,3.490244666948328,3866,20261007,vendor_residual,vendor_covariate,test
9,1.6568800112870823,8898,3.6698155277729057,3866,20261007,vendor_residual,vendor_covariate,test
10,1.7229326624971928,8898,3.721936429721273,3866,20261007,vendor_residual,vendor_covariate,test
11,1.6980764914032827,8898,3.722700232770236,3866,20261007,vendor_residual,vendor_covariate,test
12,1.9988748398841296,8898,4.205849204027706,3862,20261007,vendor_residual,vendor_covariate,test
13,1.758831297592801,8898,3.749889875003747,3862,20261007,vendor_residual,vendor_covariate,test
14,2.24971948232893,8898,4.694017436865317,3868,20261007,vendor_residual,vendor_covariate,test
15,1.8766864648722674,8898,3.923176905630298,3862,20261007,vendor_residual,vendor_covariate,test
16,2.187925095636641,8898,4.571099751865745,3862,20261007,vendor_residual,vendor_covariate,test
17,2.0490029696072907,8898,4.25854394140026,3862,20261007,vendor_residual,vendor_covariate,test
18,1.9613578037845938,8898,4.093109568040326,3862,20261007,vendor_residual,vendor_covariate,test
19,1.6593995933785406,8898,3.4648920593950616,3862,20261007,vendor_residual,vendor_covariate,test
20,1.4798436397417607,8898,3.227016114394143,3865,20261007,vendor_residual,vendor_covariate,test
21,1.420676646521786,8898,3.0958605051934622,3865,20261007,vendor_residual,vendor_covariate,test
22,1.4321679363947653,8898,3.105269539702014,3865,20261007,vendor_residual,vendor_covariate,test
23,1.523665888627721,8898,3.222487218521703,3865,20261007,vendor_residual,vendor_covariate,test
24,1.5507558383211175,8898,3.216321620897644,3865,20261007,vendor_residual,vendor_covariate,test
25,1.6305736376666933,8898,3.353775188240608,4107,20261007,vendor_residual,vendor_covariate,test
26,3.7183283979715713,8898,6.283819528189629,5233,20261007,vendor_residual,vendor_covariate,test
27,6.544198436799723,8898,10.598104895689579,5459,20261007,vendor_residual,vendor_covariate,test
28,10.493230739217372,8898,16.087975298140673,5794,20261007,vendor_residual,vendor_covariate,test
29,16.902746460498214,8898,21.69903900897123,6898,20261007,vendor_residual,vendor_covariate,test
30,24.194522992652963,8898,26.4716449455498,8126,20261007,vendor_residual,vendor_covariate,test
31,38.51505558647347,8898,38.90322687562532,8809,20261007,vendor_residual,vendor_covariate,test
32,46.84560910635782,8898,46.84560910635782,8898,20261007,vendor_residual,vendor_covariate,test
33,60.04589775978497,8898,60.04589775978497,8898,20261007,vendor_residual,vendor_covariate,test
34,72.41541193234127,8898,72.41541193234127,8898,20261007,vendor_residual,vendor_covariate,test
35,86.9448638592983,8898,86.9448638592983,8898,20261007,vendor_residual,vendor_covariate,test
36,92.18904957994127,8898,92.18904957994127,8898,20261007,vendor_residual,vendor_covariate,test
37,101.78241903071392,8898,101.78241903071392,8898,20261007,vendor_residual,vendor_covariate,test
38,116.01853131494644,8898,116.01853131494644,8898,20261007,vendor_residual,vendor_covariate,test
39,134.06227975675165,8898,134.06227975675165,8898,20261007,vendor_residual,vendor_covariate,test
40,141.6197675243455,8898,141.6197675243455,8898,20261007,vendor_residual,vendor_covariate,test
41,149.96475892985174,8898,149.96475892985174,8898,20261007,vendor_residual,vendor_covariate,test
42,161.75112372442754,8898,161.75112372442754,8898,20261007,vendor_residual,vendor_covariate,test
43,170.01224461882526,8898,170.01224461882526,8898,20261007,vendor_residual,vendor_covariate,test
44,161.46655960906068,8898,161.46655960906068,8898,20261007,vendor_residual,vendor_covariate,test
45,169.24961314122538,8898,169.24961314122538,8898,20261007,vendor_residual,vendor_covariate,test
46,178.54899492216768,8898,178.54899492216768,8898,20261007,vendor_residual,vendor_covariate,test
47,182.51790331187323,8898,182.51790331187323,8898,20261007,vendor_residual,vendor_covariate,test
48,186.43505262942244,8898,186.43505262942244,8898,20261007,vendor_residual,vendor_covariate,test
49,192.38088320751467,8898,192.38088320751467,8898,20261007,vendor_residual,vendor_covariate,test
50,198.09784362676916,8898,198.09784362676916,8898,20261007,vendor_residual,vendor_covariate,test
51,197.85844922162613,8898,197.85844922162613,8898,20261007,vendor_residual,vendor_covariate,test
52,175.44893991096268,8898,175.44893991096268,8898,20261007,vendor_residual,vendor_covariate,test
53,191.5255351799358,8898,191.5255351799358,8898,20261007,vendor_residual,vendor_covariate,test
54,189.6257644501577,8898,189.6257644501577,8898,20261007,vendor_residual,vendor_covariate,test
55,187.94865980465178,8898,187.94865980465178,8898,20261007,vendor_residual,vendor_covariate,test
56,181.96689213435212,8898,181.96689213435212,8898,20261007,vendor_residual,vendor_covariate,test
57,168.23413079096855,8898,168.23413079096855,8898,20261007,vendor_residual,vendor_covariate,test
58,187.31820932323663,8898,187.31820932323663,8898,20261007,vendor_residual,vendor_covariate,test
59,167.08179605256424,8898,167.08179605256424,8898,20261007,vendor_residual,vendor_covariate,test
60,175.1056663929569,8898,175.1056663929569,8898,20261007,vendor_residual,vendor_covariate,test
61,163.80598079522903,8898,163.80598079522903,8898,20261007,vendor_residual,vendor_covariate,test
62,161.99440070400087,8898,161.99440070400087,8898,20261007,vendor_residual,vendor_covariate,test
63,164.82198842787625,8898,164.82198842787625,8898,20261007,vendor_residual,vendor_covariate,test
64,151.7891575287308,8898,151.7891575287308,8898,20261007,vendor_residual,vendor_covariate,test
65,145.96109476565007,8898,145.96109476565007,8898,20261007,vendor_residual,vendor_covariate,test
66,140.93668049096027,8898,140.93668049096027,8898,20261007,vendor_residual,vendor_covariate,test
67,143.85554109319995,8898,143.85554109319995,8898,20261007,vendor_residual,vendor_covariate,test
68,131.75086161952595,8898,132.50383927365445,8847,20261007,vendor_residual,vendor_covariate,test
69,114.61130064405809,8898,118.71394080792507,8590,20261007,vendor_residual,vendor_covariate,test
70,111.48740685034929,8898,124.95822975939623,7935,20261007,vendor_residual,vendor_covariate,test
71,99.34218888456078,8898,114.24552441560152,7735,20261007,vendor_residual,vendor_covariate,test
72,78.88759922789875,8898,90.72469778640686,7735,20261007,vendor_residual,vendor_covariate,test
73,63.706445833166654,8898,73.37996350065708,7720,20261007,vendor_residual,vendor_covariate,test
74,49.5684107115106,8898,57.4284906559138,7676,20261007,vendor_residual,vendor_covariate,test
75,43.33465035358083,8898,52.54230264717261,7337,20261007,vendor_residual,vendor_covariate,test
76,27.20631193508148,8898,35.05399884082766,6903,20261007,vendor_residual,vendor_covariate,test
77,17.598055038969846,8898,23.578018028279573,6637,20261007,vendor_residual,vendor_covariate,test
78,12.80283136749676,8898,17.48162255270763,6510,20261007,vendor_residual,vendor_covariate,test
79,6.766700449708454,8898,10.981661844227803,5473,20261007,vendor_residual,vendor_covariate,test
80,4.666126063430537,8898,7.661101950502403,5401,20261007,vendor_residual,vendor_covariate,test
81,2.6139734728486284,8898,4.480580147439036,5155,20261007,vendor_residual,vendor_covariate,test
82,1.705990865016514,8898,3.3682894018735423,4384,20261007,vendor_residual,vendor_covariate,test
83,1.8277958378758319,8898,4.068750474662278,3906,20261007,vendor_residual,vendor_covariate,test
84,1.723520196035576,8898,3.828793181680386,3862,20261007,vendor_residual,vendor_covariate,test
85,1.617280925974169,8898,3.6156962952785596,3862,20261007,vendor_residual,vendor_covariate,test
86,1.5640039403712764,8898,3.4977241052855237,3862,20261007,vendor_residual,vendor_covariate,test
87,1.5899042345802297,8898,3.554785214567939,3862,20261007,vendor_residual,vendor_covariate,test
88,1.6343132893003836,8898,3.6653917876226654,3862,20261007,vendor_residual,vendor_covariate,test
89,1.6140345860936545,8898,3.634796304760042,3862,20261007,vendor_residual,vendor_covariate,test
90,1.5814600938462764,8898,3.578377880135286,3862,20261007,vendor_residual,vendor_covariate,test
91,1.5072011254470832,8898,3.41398272120628,3862,20261007,vendor_residual,vendor_covariate,test
92,1.4448663559079145,8898,3.2550227952611364,3862,20261007,vendor_residual,vendor_covariate,test
93,1.535445977918175,8898,3.462219394779645,3862,20261007,vendor_residual,vendor_covariate,test
94,1.496993073065148,8898,3.4066278117881343,3862,20261007,vendor_residual,vendor_covariate,test
95,1.4127708460965962,8898,3.2348710769920785,3862,20261007,vendor_residual,vendor_covariate,test
96,1.1387724368033616,8898,2.611747373974687,3862,20261007,vendor_residual,vendor_covariate,test
1,0.3665899016052397,4421,0.5608537628353736,2453,20261008,direct,target_only,calibration
2,0.33367611279088,4421,0.5109014471683802,2453,20261008,direct,target_only,calibration
3,0.5617885933377925,4421,0.8825519183157805,2453,20261008,direct,target_only,calibration
4,0.2733338189304374,4421,0.41706323212402185,2453,20261008,direct,target_only,calibration
5,0.2898843683415316,4421,0.4280891071532728,2453,20261008,direct,target_only,calibration
6,0.4897695228716982,4421,0.7433005388031869,2453,20261008,direct,target_only,calibration
7,0.5865881599509468,4421,0.8974073374142002,2453,20261008,direct,target_only,calibration
8,0.5707520504048765,4421,0.8704717093847063,2453,20261008,direct,target_only,calibration
9,0.6940901336883479,4421,1.0461484770530882,2453,20261008,direct,target_only,calibration
10,0.7460793651112926,4421,1.1521948873996735,2453,20261008,direct,target_only,calibration
11,0.5624562868285141,4421,0.8735386864584026,2453,20261008,direct,target_only,calibration
12,0.5255829112592042,4421,0.8160416009188189,2430,20261008,direct,target_only,calibration
13,0.36557769772609927,4421,0.5270812015980482,2430,20261008,direct,target_only,calibration
14,0.5133605395789007,4421,0.7994365154156634,2438,20261008,direct,target_only,calibration
15,0.40699329132328366,4421,0.6262112513981729,2430,20261008,direct,target_only,calibration
16,0.599243921972432,4421,0.9542185682573436,2430,20261008,direct,target_only,calibration
17,0.5270226971949692,4421,0.813944318718871,2430,20261008,direct,target_only,calibration
18,0.6533174795570268,4421,1.0344552969613683,2430,20261008,direct,target_only,calibration
19,0.6161725476107779,4421,0.9564065655777729,2430,20261008,direct,target_only,calibration
20,0.7314229192099733,4421,1.1387696006469021,2431,20261008,direct,target_only,calibration
21,0.7700713372978547,4421,1.18445445859985,2431,20261008,direct,target_only,calibration
22,0.8191140706602883,4421,1.1895142434843355,2431,20261008,direct,target_only,calibration
23,1.0905418693175628,4421,1.5326559557461654,2431,20261008,direct,target_only,calibration
24,0.9764580101742111,4421,1.3131504176929287,2431,20261008,direct,target_only,calibration
25,1.2234773228372187,4421,1.5680453971033388,2577,20261008,direct,target_only,calibration
26,1.624436092551282,4421,1.951106541650233,3400,20261008,direct,target_only,calibration
27,2.9668440528335003,4421,3.5972636337591193,3589,20261008,direct,target_only,calibration
28,5.205528857608623,4421,6.161078137523366,3663,20261008,direct,target_only,calibration
29,10.688423513343533,4421,11.550846267999237,4061,20261008,direct,target_only,calibration
30,19.63306604648943,4421,20.61633325676939,4188,20261008,direct,target_only,calibration
31,32.01417726358766,4421,32.31682482305409,4368,20261008,direct,target_only,calibration
32,47.083136638935336,4421,47.083136638935336,4421,20261008,direct,target_only,calibration
33,64.44785626294515,4421,64.44785626294515,4421,20261008,direct,target_only,calibration
34,85.61853895047871,4421,85.61853895047871,4421,20261008,direct,target_only,calibration
35,106.07437377798485,4421,106.07437377798485,4421,20261008,direct,target_only,calibration
36,125.83247061223727,4421,125.83247061223727,4421,20261008,direct,target_only,calibration
37,143.7627132729977,4421,143.7627132729977,4421,20261008,direct,target_only,calibration
38,157.7759151516107,4421,157.7759151516107,4421,20261008,direct,target_only,calibration
39,174.8631084884094,4421,174.8631084884094,4421,20261008,direct,target_only,calibration
40,186.29711507853594,4421,186.29711507853594,4421,20261008,direct,target_only,calibration
41,191.21217699065969,4421,191.21217699065969,4421,20261008,direct,target_only,calibration
42,205.08032672851436,4421,205.08032672851436,4421,20261008,direct,target_only,calibration
43,210.6003649338972,4421,210.6003649338972,4421,20261008,direct,target_only,calibration
44,217.91441530829854,4421,217.91441530829854,4421,20261008,direct,target_only,calibration
45,221.78466695626648,4421,221.78466695626648,4421,20261008,direct,target_only,calibration
46,230.39904642405756,4421,230.39904642405756,4421,20261008,direct,target_only,calibration
47,246.69095145627517,4421,246.69095145627517,4421,20261008,direct,target_only,calibration
48,240.33243651146284,4421,240.33243651146284,4421,20261008,direct,target_only,calibration
49,240.4913310211483,4421,240.4913310211483,4421,20261008,direct,target_only,calibration
50,229.0616597363654,4421,229.0616597363654,4421,20261008,direct,target_only,calibration
51,236.3114860652866,4421,236.3114860652866,4421,20261008,direct,target_only,calibration
52,230.9831817990021,4421,230.9831817990021,4421,20261008,direct,target_only,calibration
53,225.0397293325164,4421,225.0397293325164,4421,20261008,direct,target_only,calibration
54,219.2876649094778,4421,219.2876649094778,4421,20261008,direct,target_only,calibration
55,216.40655459941877,4421,216.40655459941877,4421,20261008,direct,target_only,calibration
56,215.78467247711805,4421,215.78467247711805,4421,20261008,direct,target_only,calibration
57,224.15937360492234,4421,224.15937360492234,4421,20261008,direct,target_only,calibration
58,219.21219114354565,4421,219.21219114354565,4421,20261008,direct,target_only,calibration
59,204.4433592967175,4421,204.4433592967175,4421,20261008,direct,target_only,calibration
60,197.09281140993593,4421,197.09281140993593,4421,20261008,direct,target_only,calibration
61,186.92584988134084,4421,186.92584988134084,4421,20261008,direct,target_only,calibration
62,181.0776944225378,4421,181.0776944225378,4421,20261008,direct,target_only,calibration
63,179.05700180259086,4421,179.05700180259086,4421,20261008,direct,target_only,calibration
64,160.38279745613895,4421,160.38279745613895,4421,20261008,direct,target_only,calibration
65,138.99432031848372,4421,138.99432031848372,4421,20261008,direct,target_only,calibration
66,125.11200117966546,4421,125.11200117966546,4421,20261008,direct,target_only,calibration
67,114.0155920998076,4421,114.0410722530881,4420,20261008,direct,target_only,calibration
68,99.48553688324115,4421,99.71322156843539,4405,20261008,direct,target_only,calibration
69,80.07375568457762,4421,80.48150534115021,4393,20261008,direct,target_only,calibration
70,61.3879182737279,4421,62.54809916091343,4330,20261008,direct,target_only,calibration
71,43.85988350022981,4421,44.93457904285883,4306,20261008,direct,target_only,calibration
72,34.91567326041134,4421,35.7963937483465,4304,20261008,direct,target_only,calibration
73,30.023231898356304,4421,30.82089692476342,4299,20261008,direct,target_only,calibration
74,21.17661040719115,4421,21.776673992467853,4288,20261008,direct,target_only,calibration
75,16.90698156465408,4421,17.61076203039876,4204,20261008,direct,target_only,calibration
76,11.543353713495145,4421,12.219988891273413,4021,20261008,direct,target_only,calibration
77,8.38984264721381,4421,8.976205189056659,3998,20261008,direct,target_only,calibration
78,5.2824847805661355,4421,5.7159674237330345,3985,20261008,direct,target_only,calibration
79,2.796956912376361,4421,3.2123231423780263,3710,20261008,direct,target_only,calibration
80,1.6297846611384221,4421,1.9287173831114848,3548,20261008,direct,target_only,calibration
81,0.962873225984355,4421,1.1965414441689866,3245,20261008,direct,target_only,calibration
82,0.7095557205977926,4421,0.9673890909763075,2746,20261008,direct,target_only,calibration
83,0.6565836152833937,4421,0.940478148141634,2476,20261008,direct,target_only,calibration
84,0.5490943353131895,4421,0.8152026601534321,2430,20261008,direct,target_only,calibration
85,0.5811162133598133,4421,0.8595838467893286,2430,20261008,direct,target_only,calibration
86,0.6775212162046836,4421,1.0148480168463272,2430,20261008,direct,target_only,calibration
87,0.6268317523557551,4421,0.9264688481028679,2430,20261008,direct,target_only,calibration
88,0.798950867991565,4421,1.2120075667713894,2430,20261008,direct,target_only,calibration
89,0.5684045899530472,4421,0.9021151343306887,2430,20261008,direct,target_only,calibration
90,0.5801102624904028,4421,0.9144962789651788,2430,20261008,direct,target_only,calibration
91,0.7930807342453258,4421,1.2336763984749837,2430,20261008,direct,target_only,calibration
92,0.8839816864166182,4421,1.3391991691211613,2430,20261008,direct,target_only,calibration
93,0.8958609733706118,4421,1.3491405893991022,2430,20261008,direct,target_only,calibration
94,0.927584394320485,4421,1.3532503065810282,2430,20261008,direct,target_only,calibration
95,0.7996478870736882,4421,1.210188288207898,2430,20261008,direct,target_only,calibration
96,0.5644340227899226,4421,0.8489504248026467,2430,20261008,direct,target_only,calibration
1,0.3607296336573693,8898,0.4840502869617242,3866,20261008,direct,target_only,test
2,0.25426166247706444,8898,0.2699203702890339,3866,20261008,direct,target_only,test
3,0.2761946723813671,8898,0.23028781850647256,3866,20261008,direct,target_only,test
4,0.16586212591121274,8898,0.10397198879328859,3866,20261008,direct,target_only,test
5,0.23933717563649345,8898,0.1816653048689971,3866,20261008,direct,target_only,test
6,0.32681982775103025,8898,0.2442871079550342,3866,20261008,direct,target_only,test
7,0.455032896904809,8898,0.3768212155125066,3866,20261008,direct,target_only,test
8,0.4359086249190619,8898,0.4056984089696524,3866,20261008,direct,target_only,test
9,0.5396337202364921,8898,0.4553563225179293,3866,20261008,direct,target_only,test
10,0.5155763783680861,8898,0.35424488759852574,3866,20261008,direct,target_only,test
11,0.3616421551078978,8898,0.22987710376570278,3866,20261008,direct,target_only,test
12,0.41008454955991097,8898,0.39373039292554546,3862,20261008,direct,target_only,test
13,0.49171840113415477,8898,0.5404620698547749,3862,20261008,direct,target_only,test
14,0.7546607352639148,8898,1.122890910312857,3868,20261008,direct,target_only,test
15,0.32108212260327496,8898,0.2466343139947075,3862,20261008,direct,target_only,test
16,0.3956285395977588,8898,0.28164395702684974,3862,20261008,direct,target_only,test
17,0.42369403247318527,8898,0.33780674747486056,3862,20261008,direct,target_only,test
18,0.43229252254143674,8898,0.3824222205541469,3862,20261008,direct,target_only,test
19,0.6018430750856598,8898,0.6033525733774393,3862,20261008,direct,target_only,test
20,0.6430957386278461,8898,0.6278892087056465,3865,20261008,direct,target_only,test
21,0.831554386552089,8898,0.9238436757843673,3865,20261008,direct,target_only,test
22,0.9478587457299661,8898,0.900847250041835,3865,20261008,direct,target_only,test
23,1.4603451509413585,8898,1.4550593974519361,3865,20261008,direct,target_only,test
24,1.4129402987100268,8898,1.1284431666887593,3865,20261008,direct,target_only,test
25,1.9670044335879546,8898,1.9266722692242009,4107,20261008,direct,target_only,test
26,3.0839573233920072,8898,4.552071554015538,5233,20261008,direct,target_only,test
27,5.681887904339286,8898,9.004720584573853,5459,20261008,direct,target_only,test
28,11.06316656539311,8898,16.464534737804783,5794,20261008,direct,target_only,test
29,19.87544650976795,8898,25.20042774540551,6898,20261008,direct,target_only,test
30,33.103545503176626,8898,36.09089884553035,8126,20261008,direct,target_only,test
31,46.41540808955811,8898,46.77968529783481,8809,20261008,direct,target_only,test
32,61.95508265944241,8898,61.95508265944241,8898,20261008,direct,target_only,test
33,79.32842456117176,8898,79.32842456117176,8898,20261008,direct,target_only,test
34,98.84459250660531,8898,98.84459250660531,8898,20261008,direct,target_only,test
35,111.66393861472402,8898,111.66393861472402,8898,20261008,direct,target_only,test
36,126.62374516274946,8898,126.62374516274946,8898,20261008,direct,target_only,test
37,139.95293774901424,8898,139.95293774901424,8898,20261008,direct,target_only,test
38,157.89524554531096,8898,157.89524554531096,8898,20261008,direct,target_only,test
39,178.59831391815635,8898,178.59831391815635,8898,20261008,direct,target_only,test
40,192.82628417022445,8898,192.82628417022445,8898,20261008,direct,target_only,test
41,199.8423575370144,8898,199.8423575370144,8898,20261008,direct,target_only,test
42,207.82694468411344,8898,207.82694468411344,8898,20261008,direct,target_only,test
43,215.88186890973546,8898,215.88186890973546,8898,20261008,direct,target_only,test
44,220.4127721494848,8898,220.4127721494848,8898,20261008,direct,target_only,test
45,215.45195186342713,8898,215.45195186342713,8898,20261008,direct,target_only,test
46,234.83518999909188,8898,234.83518999909188,8898,20261008,direct,target_only,test
47,246.82151125468502,8898,246.82151125468502,8898,20261008,direct,target_only,test
48,232.34805553739315,8898,232.34805553739315,8898,20261008,direct,target_only,test
49,243.41041723892653,8898,243.41041723892653,8898,20261008,direct,target_only,test
50,247.61749214332264,8898,247.61749214332264,8898,20261008,direct,target_only,test
51,243.0585362325611,8898,243.0585362325611,8898,20261008,direct,target_only,test
52,230.22697924470137,8898,230.22697924470137,8898,20261008,direct,target_only,test
53,248.64198202789032,8898,248.64198202789032,8898,20261008,direct,target_only,test
54,245.50034681814756,8898,245.50034681814756,8898,20261008,direct,target_only,test
55,242.82415228395496,8898,242.82415228395496,8898,20261008,direct,target_only,test
56,238.39687624361528,8898,238.39687624361528,8898,20261008,direct,target_only,test
57,229.94835074613098,8898,229.94835074613098,8898,20261008,direct,target_only,test
58,232.38588453938058,8898,232.38588453938058,8898,20261008,direct,target_only,test
59,221.7137614088742,8898,221.7137614088742,8898,20261008,direct,target_only,test
60,217.7940465919615,8898,217.7940465919615,8898,20261008,direct,target_only,test
61,220.65223251424615,8898,220.65223251424615,8898,20261008,direct,target_only,test
62,204.8698149668997,8898,204.8698149668997,8898,20261008,direct,target_only,test
63,203.86044949601862,8898,203.86044949601862,8898,20261008,direct,target_only,test
64,192.35584652467907,8898,192.35584652467907,8898,20261008,direct,target_only,test
65,179.6252095186426,8898,179.6252095186426,8898,20261008,direct,target_only,test
66,169.99331463156327,8898,169.99331463156327,8898,20261008,direct,target_only,test
67,161.9938137577719,8898,161.9938137577719,8898,20261008,direct,target_only,test
68,151.89163749992875,8898,152.50730935378263,8847,20261008,direct,target_only,test
69,132.76798931403204,8898,137.27736635561962,8590,20261008,direct,target_only,test
70,115.47834263681585,8898,129.1257562661825,7935,20261008,direct,target_only,test
71,89.18238270263369,8898,102.2988480744257,7735,20261008,direct,target_only,test
72,79.05548446725119,8898,90.72969693276548,7735,20261008,direct,target_only,test
73,68.64143741594054,8898,78.95166199755981,7720,20261008,direct,target_only,test
74,50.83347572056806,8898,58.74518722254837,7676,20261008,direct,target_only,test
75,40.524941041800055,8898,48.649344906163016,7337,20261008,direct,target_only,test
76,27.05577694931788,8898,34.035159180968506,6903,20261008,direct,target_only,test
77,19.63569547752762,8898,25.665232601409482,6637,20261008,direct,target_only,test
78,12.407726073007055,8898,16.634285717749894,6510,20261008,direct,target_only,test
79,7.179002501574521,8898,11.336402229164184,5473,20261008,direct,target_only,test
80,3.600775271324868,8898,5.682666520319651,5401,20261008,direct,target_only,test
81,1.4141409394145128,8898,2.1776229372298186,5155,20261008,direct,target_only,test
82,0.5501944974578635,8898,0.5425923969334265,4384,20261008,direct,target_only,test
83,0.47672335819732065,8898,0.29268940756334916,3906,20261008,direct,target_only,test
84,0.39143185627915317,8898,0.2583852284686791,3862,20261008,direct,target_only,test
85,0.4354335085188882,8898,0.36857646158527424,3862,20261008,direct,target_only,test
86,0.4501983552533111,8898,0.3593237818961993,3862,20261008,direct,target_only,test
87,0.44461686303305287,8898,0.3603728776657785,3862,20261008,direct,target_only,test
88,0.5410900332115692,8898,0.4308375824669184,3862,20261008,direct,target_only,test
89,0.32885363361816855,8898,0.2736749831357501,3862,20261008,direct,target_only,test
90,0.4184400084794613,8898,0.35119197399180396,3862,20261008,direct,target_only,test
91,0.5511757691999344,8898,0.49469206678950683,3862,20261008,direct,target_only,test
92,0.6307291217821519,8898,0.5245100087387335,3862,20261008,direct,target_only,test
93,0.6258704239110259,8898,0.47679212633452844,3862,20261008,direct,target_only,test
94,0.6073639333184501,8898,0.41861711687093445,3862,20261008,direct,target_only,test
95,0.5090218705063818,8898,0.41553104966338716,3862,20261008,direct,target_only,test
96,0.4082864534941302,8898,0.33772102962930484,3862,20261008,direct,target_only,test
1,0.7105012894371089,4421,1.0201126914327114,2453,20261008,direct,vendor_covariate,calibration
2,0.5804167966067865,4421,0.8616200886891537,2453,20261008,direct,vendor_covariate,calibration
3,0.6547980883193081,4421,1.0129338502276444,2453,20261008,direct,vendor_covariate,calibration
4,0.7255023875132833,4421,1.151942684505358,2453,20261008,direct,vendor_covariate,calibration
5,0.6082970999380133,4421,0.9313911706333713,2453,20261008,direct,vendor_covariate,calibration
6,0.9199365712693848,4421,1.4378942545735733,2453,20261008,direct,vendor_covariate,calibration
7,0.9566182141958844,4421,1.4791253999641025,2453,20261008,direct,vendor_covariate,calibration
8,1.0207434133170443,4421,1.5584666507126506,2453,20261008,direct,vendor_covariate,calibration
9,0.8411751422273562,4421,1.2762044773805739,2453,20261008,direct,vendor_covariate,calibration
10,0.917474378738784,4421,1.354012063903756,2453,20261008,direct,vendor_covariate,calibration
11,0.653112629424714,4421,0.9482386614831185,2453,20261008,direct,vendor_covariate,calibration
12,0.8581941533994686,4421,1.2807148695789248,2430,20261008,direct,vendor_covariate,calibration
13,0.7626589932435779,4421,1.107174133187459,2430,20261008,direct,vendor_covariate,calibration
14,0.9273322515642143,4421,1.4068617251525168,2438,20261008,direct,vendor_covariate,calibration
15,0.8366798765483795,4421,1.2544180635378195,2430,20261008,direct,vendor_covariate,calibration
16,0.9490327998352007,4421,1.4604345627282382,2430,20261008,direct,vendor_covariate,calibration
17,0.9336115919614749,4421,1.3540641098662658,2430,20261008,direct,vendor_covariate,calibration
18,1.1112545293344414,4421,1.6286480228535432,2430,20261008,direct,vendor_covariate,calibration
19,0.895237360729355,4421,1.2811498677963582,2430,20261008,direct,vendor_covariate,calibration
20,1.3147513041278236,4421,1.9243831726397165,2431,20261008,direct,vendor_covariate,calibration
21,1.334645668272619,4421,1.8562302475205938,2431,20261008,direct,vendor_covariate,calibration
22,1.6743595121423946,4421,2.283483459458486,2431,20261008,direct,vendor_covariate,calibration
23,1.2620021990000918,4421,1.6004417294836348,2431,20261008,direct,vendor_covariate,calibration
24,1.6170849513936196,4421,2.0057185749733666,2431,20261008,direct,vendor_covariate,calibration
25,1.453822174971745,4421,1.66906993318751,2577,20261008,direct,vendor_covariate,calibration
26,1.5892321972245398,4421,1.8674989876685055,3400,20261008,direct,vendor_covariate,calibration
27,2.317190706488553,4421,2.752729444219456,3589,20261008,direct,vendor_covariate,calibration
28,5.018203764600511,4421,5.912859122811968,3663,20261008,direct,vendor_covariate,calibration
29,12.127071709468717,4421,13.05734487095868,4061,20261008,direct,vendor_covariate,calibration
30,22.50509798005194,4421,23.546504075615154,4188,20261008,direct,vendor_covariate,calibration
31,35.996348916943205,4421,36.34327988475107,4368,20261008,direct,vendor_covariate,calibration
32,52.459413333389236,4421,52.459413333389236,4421,20261008,direct,vendor_covariate,calibration
33,71.9716954528329,4421,71.9716954528329,4421,20261008,direct,vendor_covariate,calibration
34,91.65618353871618,4421,91.65618353871618,4421,20261008,direct,vendor_covariate,calibration
35,108.77055252998944,4421,108.77055252998944,4421,20261008,direct,vendor_covariate,calibration
36,130.20487807842056,4421,130.20487807842056,4421,20261008,direct,vendor_covariate,calibration
37,141.8051070318486,4421,141.8051070318486,4421,20261008,direct,vendor_covariate,calibration
38,152.67561452963372,4421,152.67561452963372,4421,20261008,direct,vendor_covariate,calibration
39,167.16873431795088,4421,167.16873431795088,4421,20261008,direct,vendor_covariate,calibration
40,177.44841108320577,4421,177.44841108320577,4421,20261008,direct,vendor_covariate,calibration
41,182.19407450344377,4421,182.19407450344377,4421,20261008,direct,vendor_covariate,calibration
42,192.44098757628373,4421,192.44098757628373,4421,20261008,direct,vendor_covariate,calibration
43,198.55200290361583,4421,198.55200290361583,4421,20261008,direct,vendor_covariate,calibration
44,205.448836556288,4421,205.448836556288,4421,20261008,direct,vendor_covariate,calibration
45,215.7455850130588,4421,215.7455850130588,4421,20261008,direct,vendor_covariate,calibration
46,222.13568952667163,4421,222.13568952667163,4421,20261008,direct,vendor_covariate,calibration
47,238.91485449108023,4421,238.91485449108023,4421,20261008,direct,vendor_covariate,calibration
48,228.35320484868254,4421,228.35320484868254,4421,20261008,direct,vendor_covariate,calibration
49,225.96693829135089,4421,225.96693829135089,4421,20261008,direct,vendor_covariate,calibration
50,218.45087087407853,4421,218.45087087407853,4421,20261008,direct,vendor_covariate,calibration
51,229.19437867318766,4421,229.19437867318766,4421,20261008,direct,vendor_covariate,calibration
52,225.36143915039048,4421,225.36143915039048,4421,20261008,direct,vendor_covariate,calibration
53,223.3348726079279,4421,223.3348726079279,4421,20261008,direct,vendor_covariate,calibration
54,215.02379887975925,4421,215.02379887975925,4421,20261008,direct,vendor_covariate,calibration
55,213.51630640103048,4421,213.51630640103048,4421,20261008,direct,vendor_covariate,calibration
56,215.56717239178042,4421,215.56717239178042,4421,20261008,direct,vendor_covariate,calibration
57,227.03567434851738,4421,227.03567434851738,4421,20261008,direct,vendor_covariate,calibration
58,217.74903162265966,4421,217.74903162265966,4421,20261008,direct,vendor_covariate,calibration
59,204.41526756548208,4421,204.41526756548208,4421,20261008,direct,vendor_covariate,calibration
60,198.14071654173293,4421,198.14071654173293,4421,20261008,direct,vendor_covariate,calibration
61,195.75635413312853,4421,195.75635413312853,4421,20261008,direct,vendor_covariate,calibration
62,181.04429534677936,4421,181.04429534677936,4421,20261008,direct,vendor_covariate,calibration
63,172.6264169594398,4421,172.6264169594398,4421,20261008,direct,vendor_covariate,calibration
64,153.41819795045527,4421,153.41819795045527,4421,20261008,direct,vendor_covariate,calibration
65,133.3156257736463,4421,133.3156257736463,4421,20261008,direct,vendor_covariate,calibration
66,122.32858638936017,4421,122.32858638936017,4421,20261008,direct,vendor_covariate,calibration
67,113.99980472755028,4421,114.02533354982818,4420,20261008,direct,vendor_covariate,calibration
68,98.98665328245097,4421,99.1435976306892,4405,20261008,direct,vendor_covariate,calibration
69,81.7503397271459,4421,82.10566035357832,4393,20261008,direct,vendor_covariate,calibration
70,64.43746887413425,4421,65.62421419827061,4330,20261008,direct,vendor_covariate,calibration
71,47.70095387329191,4421,48.81961055493257,4306,20261008,direct,vendor_covariate,calibration
72,39.034880449794954,4421,40.00065135443897,4304,20261008,direct,vendor_covariate,calibration
73,32.35158123540212,4421,33.20798788995727,4299,20261008,direct,vendor_covariate,calibration
74,22.33533916191582,4421,22.971744129914875,4288,20261008,direct,vendor_covariate,calibration
75,16.937311225270022,4421,17.666841876837843,4204,20261008,direct,vendor_covariate,calibration
76,11.268501588245893,4421,12.015194769142585,4021,20261008,direct,vendor_covariate,calibration
77,8.004505940533138,4421,8.64844743324321,3998,20261008,direct,vendor_covariate,calibration
78,4.990633947793411,4421,5.458886578914311,3985,20261008,direct,vendor_covariate,calibration
79,2.9781236058074514,4421,3.456520151373029,3710,20261008,direct,vendor_covariate,calibration
80,1.8772718052911068,4421,2.251520224183975,3548,20261008,direct,vendor_covariate,calibration
81,1.4512603307481935,4421,1.8284441061144463,3245,20261008,direct,vendor_covariate,calibration
82,1.276062044865261,4421,1.844975218742183,2746,20261008,direct,vendor_covariate,calibration
83,0.9878616430996019,4421,1.5249754116131442,2476,20261008,direct,vendor_covariate,calibration
84,1.3531525170195025,4421,2.1371690148250067,2430,20261008,direct,vendor_covariate,calibration
85,1.2899002724341262,4421,2.0285556532657196,2430,20261008,direct,vendor_covariate,calibration
86,1.408552530865625,4421,2.1976462318696113,2430,20261008,direct,vendor_covariate,calibration
87,1.3019950841447125,4421,2.032352859775225,2430,20261008,direct,vendor_covariate,calibration
88,1.4004014406477103,4421,2.190602500988132,2430,20261008,direct,vendor_covariate,calibration
89,1.1730307371833157,4421,1.8411443121394013,2430,20261008,direct,vendor_covariate,calibration
90,1.0501878697478213,4421,1.575089093926267,2430,20261008,direct,vendor_covariate,calibration
91,1.2152927403831828,4421,1.8541523051237374,2430,20261008,direct,vendor_covariate,calibration
92,1.1875445784735912,4421,1.7333321743357328,2430,20261008,direct,vendor_covariate,calibration
93,1.400132600628421,4421,2.0984575504444756,2430,20261008,direct,vendor_covariate,calibration
94,1.3310881634288125,4421,1.9925189483067627,2430,20261008,direct,vendor_covariate,calibration
95,1.4914260028316488,4421,2.3415524687970617,2430,20261008,direct,vendor_covariate,calibration
96,1.5533077132274489,4421,2.495451535272255,2430,20261008,direct,vendor_covariate,calibration
1,1.031199098966185,8898,1.388315764058283,3866,20261008,direct,vendor_covariate,test
2,0.5708957085455051,8898,0.687190954745275,3866,20261008,direct,vendor_covariate,test
3,0.6164190349893158,8898,0.7158029807381722,3866,20261008,direct,vendor_covariate,test
4,0.46066353908176566,8898,0.48797509633095004,3866,20261008,direct,vendor_covariate,test
5,0.6174658385261279,8898,0.6393180965857636,3866,20261008,direct,vendor_covariate,test
6,0.8211915787023355,8898,0.9517656599034869,3866,20261008,direct,vendor_covariate,test
7,0.9999615441023967,8898,1.2630123610416042,3866,20261008,direct,vendor_covariate,test
8,1.0926216452535422,8898,1.3208363993382815,3866,20261008,direct,vendor_covariate,test
9,0.8539966281279872,8898,0.9365430218950531,3866,20261008,direct,vendor_covariate,test
10,0.9917538902571527,8898,1.0300250888791391,3866,20261008,direct,vendor_covariate,test
11,0.8285205566315292,8898,0.8905636408533448,3866,20261008,direct,vendor_covariate,test
12,0.9701670879532873,8898,1.151746959671,3862,20261008,direct,vendor_covariate,test
13,1.1739220158669033,8898,1.4567185964132454,3862,20261008,direct,vendor_covariate,test
14,1.3446173546027755,8898,1.987194669148822,3868,20261008,direct,vendor_covariate,test
15,0.9063375795569466,8898,1.0575986995768325,3862,20261008,direct,vendor_covariate,test
16,0.8502022587868183,8898,0.992438938690553,3862,20261008,direct,vendor_covariate,test
17,1.1660039910691176,8898,1.2692097790620291,3862,20261008,direct,vendor_covariate,test
18,1.3873991620953539,8898,1.6278108298047367,3862,20261008,direct,vendor_covariate,test
19,1.3404532680273697,8898,1.5516482142433485,3862,20261008,direct,vendor_covariate,test
20,1.762260449434377,8898,2.059780189414228,3865,20261008,direct,vendor_covariate,test
21,2.1481539255774416,8898,2.6275822172256458,3865,20261008,direct,vendor_covariate,test
22,2.71151908636629,8898,3.2113861755404094,3865,20261008,direct,vendor_covariate,test
23,2.437371826031601,8898,2.587001426808806,3865,20261008,direct,vendor_covariate,test
24,3.012547321689666,8898,2.773600493082331,3865,20261008,direct,vendor_covariate,test
25,3.1598849929795123,8898,3.26773347784358,4107,20261008,direct,vendor_covariate,test
26,3.6899825913807938,8898,5.436738984022711,5233,20261008,direct,vendor_covariate,test
27,5.425462711482096,8898,8.430371940203194,5459,20261008,direct,vendor_covariate,test
28,11.223651021990877,8898,16.641891799186865,5794,20261008,direct,vendor_covariate,test
29,19.212971531520786,8898,24.133276769615666,6898,20261008,direct,vendor_covariate,test
30,32.013000205602175,8898,34.67728892905922,8126,20261008,direct,vendor_covariate,test
31,42.448712396396296,8898,42.75854584451383,8809,20261008,direct,vendor_covariate,test
32,57.66046488457979,8898,57.66046488457979,8898,20261008,direct,vendor_covariate,test
33,73.73222759851228,8898,73.73222759851228,8898,20261008,direct,vendor_covariate,test
34,89.78520533141948,8898,89.78520533141948,8898,20261008,direct,vendor_covariate,test
35,101.08833631952992,8898,101.08833631952992,8898,20261008,direct,vendor_covariate,test
36,117.35632251782015,8898,117.35632251782015,8898,20261008,direct,vendor_covariate,test
37,131.84217743113626,8898,131.84217743113626,8898,20261008,direct,vendor_covariate,test
38,149.80800924163728,8898,149.80800924163728,8898,20261008,direct,vendor_covariate,test
39,175.12303492653496,8898,175.12303492653496,8898,20261008,direct,vendor_covariate,test
40,186.05454775420492,8898,186.05454775420492,8898,20261008,direct,vendor_covariate,test
41,187.11216163685242,8898,187.11216163685242,8898,20261008,direct,vendor_covariate,test
42,199.05257745404893,8898,199.05257745404893,8898,20261008,direct,vendor_covariate,test
43,210.6777127344311,8898,210.6777127344311,8898,20261008,direct,vendor_covariate,test
44,212.1952678426534,8898,212.1952678426534,8898,20261008,direct,vendor_covariate,test
45,208.65728456270602,8898,208.65728456270602,8898,20261008,direct,vendor_covariate,test
46,226.4154876625799,8898,226.4154876625799,8898,20261008,direct,vendor_covariate,test
47,232.79471997608644,8898,232.79471997608644,8898,20261008,direct,vendor_covariate,test
48,220.27766361760357,8898,220.27766361760357,8898,20261008,direct,vendor_covariate,test
49,228.17965556365147,8898,228.17965556365147,8898,20261008,direct,vendor_covariate,test
50,235.50004716512342,8898,235.50004716512342,8898,20261008,direct,vendor_covariate,test
51,232.13031732075706,8898,232.13031732075706,8898,20261008,direct,vendor_covariate,test
52,224.80294396571279,8898,224.80294396571279,8898,20261008,direct,vendor_covariate,test
53,235.5662019563469,8898,235.5662019563469,8898,20261008,direct,vendor_covariate,test
54,229.21987579146702,8898,229.21987579146702,8898,20261008,direct,vendor_covariate,test
55,231.53118754439114,8898,231.53118754439114,8898,20261008,direct,vendor_covariate,test
56,227.70286426381713,8898,227.70286426381713,8898,20261008,direct,vendor_covariate,test
57,214.36342682170533,8898,214.36342682170533,8898,20261008,direct,vendor_covariate,test
58,223.47457491340538,8898,223.47457491340538,8898,20261008,direct,vendor_covariate,test
59,217.9981649792055,8898,217.9981649792055,8898,20261008,direct,vendor_covariate,test
60,212.56813956567777,8898,212.56813956567777,8898,20261008,direct,vendor_covariate,test
61,211.49899755358032,8898,211.49899755358032,8898,20261008,direct,vendor_covariate,test
62,200.21363117544252,8898,200.21363117544252,8898,20261008,direct,vendor_covariate,test
63,194.60676765211377,8898,194.60676765211377,8898,20261008,direct,vendor_covariate,test
64,187.5600381506916,8898,187.5600381506916,8898,20261008,direct,vendor_covariate,test
65,169.74028332253653,8898,169.74028332253653,8898,20261008,direct,vendor_covariate,test
66,159.55947497670894,8898,159.55947497670894,8898,20261008,direct,vendor_covariate,test
67,156.94851230453742,8898,156.94851230453742,8898,20261008,direct,vendor_covariate,test
68,144.40043474901813,8898,144.84155396375718,8847,20261008,direct,vendor_covariate,test
69,131.18073285112968,8898,135.51284249708917,8590,20261008,direct,vendor_covariate,test
70,115.60921618117273,8898,129.16914178807778,7935,20261008,direct,vendor_covariate,test
71,89.30165173268182,8898,102.30389483199936,7735,20261008,direct,vendor_covariate,test
72,78.357582055972,8898,89.86639298606927,7735,20261008,direct,vendor_covariate,test
73,65.62331156439956,8898,75.44132477300859,7720,20261008,direct,vendor_covariate,test
74,49.18793438444945,8898,56.81579491484572,7676,20261008,direct,vendor_covariate,test
75,38.431635085564785,8898,46.14036580209367,7337,20261008,direct,vendor_covariate,test
76,25.165654461865106,8898,31.7885319579267,6903,20261008,direct,vendor_covariate,test
77,17.813333110080777,8898,23.441684754741814,6637,20261008,direct,vendor_covariate,test
78,11.301648242511364,8898,15.227387918691639,6510,20261008,direct,vendor_covariate,test
79,7.111287532128532,8898,11.256941258707245,5473,20261008,direct,vendor_covariate,test
80,3.8855457733714953,8898,6.067118507110572,5401,20261008,direct,vendor_covariate,test
81,2.3061205216643517,8898,3.4352249861091004,5155,20261008,direct,vendor_covariate,test
82,1.2882003020808652,8898,1.7606833672318156,4384,20261008,direct,vendor_covariate,test
83,0.90580592799143,8898,1.1568454200853973,3906,20261008,direct,vendor_covariate,test
84,1.1781581860064128,8898,1.4655674897184463,3862,20261008,direct,vendor_covariate,test
85,1.1251439354831474,8898,1.413482435479768,3862,20261008,direct,vendor_covariate,test
86,1.284462330852413,8898,1.6420686939014542,3862,20261008,direct,vendor_covariate,test
87,1.1990663389145497,8898,1.5055798951677248,3862,20261008,direct,vendor_covariate,test
88,1.2430326777890703,8898,1.6025108878497383,3862,20261008,direct,vendor_covariate,test
89,1.0473047452854236,8898,1.2927920218964182,3862,20261008,direct,vendor_covariate,test
90,1.1103369171357933,8898,1.305551635453517,3862,20261008,direct,vendor_covariate,test
91,1.1780298194002505,8898,1.3953623770548542,3862,20261008,direct,vendor_covariate,test
92,1.336049550398598,8898,1.5825253733578954,3862,20261008,direct,vendor_covariate,test
93,1.467833910949627,8898,1.7254064359554104,3862,20261008,direct,vendor_covariate,test
94,1.179634097919193,8898,1.2094686652081794,3862,20261008,direct,vendor_covariate,test
95,1.1921855221448265,8898,1.2939470305707033,3862,20261008,direct,vendor_covariate,test
96,1.041681688507505,8898,1.1800706572155457,3862,20261008,direct,vendor_covariate,test
1,0.5389666450410502,4421,0.514835605464357,2453,20261008,vendor_residual,target_only,calibration
2,0.6514088731145536,4421,0.9540929821063793,2453,20261008,vendor_residual,target_only,calibration
3,0.910211406177205,4421,1.545751472336536,2453,20261008,vendor_residual,target_only,calibration
4,1.2644469432490235,4421,2.1733707875386186,2453,20261008,vendor_residual,target_only,calibration
5,1.5413576413028511,4421,2.6803520067981825,2453,20261008,vendor_residual,target_only,calibration
6,1.7034770132989536,4421,2.9741756084456332,2453,20261008,vendor_residual,target_only,calibration
7,2.145177835903385,4421,3.7551802789112436,2453,20261008,vendor_residual,target_only,calibration
8,2.1689761384620754,4421,3.798431074497724,2453,20261008,vendor_residual,target_only,calibration
9,2.2520967871970288,4421,3.917057508096263,2453,20261008,vendor_residual,target_only,calibration
10,2.127485159082904,4421,3.682211434167836,2453,20261008,vendor_residual,target_only,calibration
11,2.1850854817512335,4421,3.805907567234424,2453,20261008,vendor_residual,target_only,calibration
12,2.3522841453343326,4421,4.066618344565727,2430,20261008,vendor_residual,target_only,calibration
13,2.152765541514068,4421,3.7160189259896024,2430,20261008,vendor_residual,target_only,calibration
14,2.296444298791319,4421,3.9399708070711275,2438,20261008,vendor_residual,target_only,calibration
15,2.2264818370215753,4421,3.7739067272304214,2430,20261008,vendor_residual,target_only,calibration
16,2.756639509676534,4421,4.791485181624604,2430,20261008,vendor_residual,target_only,calibration
17,2.5999283962152857,4421,4.493194505590188,2430,20261008,vendor_residual,target_only,calibration
18,2.752814760178725,4421,4.767299832895718,2430,20261008,vendor_residual,target_only,calibration
19,2.3351866152735843,4421,4.006500011105128,2430,20261008,vendor_residual,target_only,calibration
20,2.5999208460926635,4421,4.508737671387649,2431,20261008,vendor_residual,target_only,calibration
21,2.245887947561152,4421,3.8711808001211105,2431,20261008,vendor_residual,target_only,calibration
22,2.3689785926248663,4421,4.062113888864185,2431,20261008,vendor_residual,target_only,calibration
23,2.453097861389889,4421,4.166010060755813,2431,20261008,vendor_residual,target_only,calibration
24,2.320610410959929,4421,3.931914765648858,2431,20261008,vendor_residual,target_only,calibration
25,2.4131035597878348,4421,3.903860359605522,2577,20261008,vendor_residual,target_only,calibration
26,2.9838617431525787,4421,3.853602277696105,3400,20261008,vendor_residual,target_only,calibration
27,4.089708510980127,4421,5.035301010024512,3589,20261008,vendor_residual,target_only,calibration
28,5.764650043254637,4421,6.953812083489649,3663,20261008,vendor_residual,target_only,calibration
29,12.65140016772542,4421,13.76534930949099,4061,20261008,vendor_residual,target_only,calibration
30,21.65262374235354,4421,22.85064131964725,4188,20261008,vendor_residual,target_only,calibration
31,29.53791275946434,4421,29.888880725936783,4368,20261008,vendor_residual,target_only,calibration
32,45.89991643501551,4421,45.89991643501551,4421,20261008,vendor_residual,target_only,calibration
33,56.118770343692276,4421,56.118770343692276,4421,20261008,vendor_residual,target_only,calibration
34,68.763708686445,4421,68.763708686445,4421,20261008,vendor_residual,target_only,calibration
35,79.49102297003952,4421,79.49102297003952,4421,20261008,vendor_residual,target_only,calibration
36,90.61938407196834,4421,90.61938407196834,4421,20261008,vendor_residual,target_only,calibration
37,97.1710629915272,4421,97.1710629915272,4421,20261008,vendor_residual,target_only,calibration
38,109.06334177894816,4421,109.06334177894816,4421,20261008,vendor_residual,target_only,calibration
39,115.86265840838432,4421,115.86265840838432,4421,20261008,vendor_residual,target_only,calibration
40,110.88200946160644,4421,110.88200946160644,4421,20261008,vendor_residual,target_only,calibration
41,113.82799044790086,4421,113.82799044790086,4421,20261008,vendor_residual,target_only,calibration
42,127.8933773238066,4421,127.8933773238066,4421,20261008,vendor_residual,target_only,calibration
43,140.66497938638716,4421,140.66497938638716,4421,20261008,vendor_residual,target_only,calibration
44,128.0597984272329,4421,128.0597984272329,4421,20261008,vendor_residual,target_only,calibration
45,129.15113776719397,4421,129.15113776719397,4421,20261008,vendor_residual,target_only,calibration
46,129.55185819554296,4421,129.55185819554296,4421,20261008,vendor_residual,target_only,calibration
47,142.1879228057816,4421,142.1879228057816,4421,20261008,vendor_residual,target_only,calibration
48,138.1915396320569,4421,138.1915396320569,4421,20261008,vendor_residual,target_only,calibration
49,132.5051058344256,4421,132.5051058344256,4421,20261008,vendor_residual,target_only,calibration
50,148.70024985636266,4421,148.70024985636266,4421,20261008,vendor_residual,target_only,calibration
51,155.660864783356,4421,155.660864783356,4421,20261008,vendor_residual,target_only,calibration
52,150.96270828183285,4421,150.96270828183285,4421,20261008,vendor_residual,target_only,calibration
53,155.72004165180948,4421,155.72004165180948,4421,20261008,vendor_residual,target_only,calibration
54,159.20920628950017,4421,159.20920628950017,4421,20261008,vendor_residual,target_only,calibration
55,145.57747833905574,4421,145.57747833905574,4421,20261008,vendor_residual,target_only,calibration
56,145.24939477588643,4421,145.24939477588643,4421,20261008,vendor_residual,target_only,calibration
57,141.69738694806603,4421,141.69738694806603,4421,20261008,vendor_residual,target_only,calibration
58,139.99649638481742,4421,139.99649638481742,4421,20261008,vendor_residual,target_only,calibration
59,138.00016706680128,4421,138.00016706680128,4421,20261008,vendor_residual,target_only,calibration
60,143.9362924097505,4421,143.9362924097505,4421,20261008,vendor_residual,target_only,calibration
61,134.4223462742824,4421,134.4223462742824,4421,20261008,vendor_residual,target_only,calibration
62,134.97157507929677,4421,134.97157507929677,4421,20261008,vendor_residual,target_only,calibration
63,132.1581449567682,4421,132.1581449567682,4421,20261008,vendor_residual,target_only,calibration
64,117.96674033769273,4421,117.96674033769273,4421,20261008,vendor_residual,target_only,calibration
65,104.79529233883115,4421,104.79529233883115,4421,20261008,vendor_residual,target_only,calibration
66,99.61334384837072,4421,99.61334384837072,4421,20261008,vendor_residual,target_only,calibration
67,93.40346535483359,4421,93.42459736056998,4420,20261008,vendor_residual,target_only,calibration
68,80.4461640335484,4421,80.73299871953677,4405,20261008,vendor_residual,target_only,calibration
69,62.97501005271732,4421,63.36297985403207,4393,20261008,vendor_residual,target_only,calibration
70,53.26374663663139,4421,54.357058244868874,4330,20261008,vendor_residual,target_only,calibration
71,47.70535711154419,4421,48.97337026454636,4306,20261008,vendor_residual,target_only,calibration
72,37.29147529008356,4421,38.30171917918508,4304,20261008,vendor_residual,target_only,calibration
73,26.043145360002033,4421,26.77184338819173,4299,20261008,vendor_residual,target_only,calibration
74,20.146255155290394,4421,20.754993178432862,4288,20261008,vendor_residual,target_only,calibration
75,16.70561570970412,4421,17.52578082705295,4204,20261008,vendor_residual,target_only,calibration
76,11.749696198886946,4421,12.887715335693375,4021,20261008,vendor_residual,target_only,calibration
77,7.073984084882572,4421,7.809676150040296,3998,20261008,vendor_residual,target_only,calibration
78,4.974947210353951,4421,5.510863700358389,3985,20261008,vendor_residual,target_only,calibration
79,3.3647395038193983,4421,3.984870146442992,3710,20261008,vendor_residual,target_only,calibration
80,3.326072956564332,4421,4.113075562130972,3548,20261008,vendor_residual,target_only,calibration
81,2.97579983631723,4421,3.974804076531971,3245,20261008,vendor_residual,target_only,calibration
82,2.5937586583595484,4421,3.9795921925137776,2746,20261008,vendor_residual,target_only,calibration
83,2.740563459834895,4421,4.766428049127596,2476,20261008,vendor_residual,target_only,calibration
84,2.6655828926933043,4421,4.7301448964178485,2430,20261008,vendor_residual,target_only,calibration
85,2.657339257734564,4421,4.728233644915476,2430,20261008,vendor_residual,target_only,calibration
86,2.612704407096002,4421,4.650310416237562,2430,20261008,vendor_residual,target_only,calibration
87,2.5961353865594465,4421,4.6264805905233475,2430,20261008,vendor_residual,target_only,calibration
88,2.5004427394907847,4421,4.453142166883136,2430,20261008,vendor_residual,target_only,calibration
89,2.594240357445983,4421,4.654321191190654,2430,20261008,vendor_residual,target_only,calibration
90,2.544992931529842,4421,4.5743088853417095,2430,20261008,vendor_residual,target_only,calibration
91,2.5298661461630156,4421,4.551849869268835,2430,20261008,vendor_residual,target_only,calibration
92,2.4313577622069307,4421,4.384244068274121,2430,20261008,vendor_residual,target_only,calibration
93,2.5922256365708987,4421,4.668082113442521,2430,20261008,vendor_residual,target_only,calibration
94,2.7231031228130993,4421,4.904623089561531,2430,20261008,vendor_residual,target_only,calibration
95,2.787060975016332,4421,5.023269571571461,2430,20261008,vendor_residual,target_only,calibration
96,2.4766279488428933,4421,4.480723738617843,2430,20261008,vendor_residual,target_only,calibration
1,1.2604026348792066,8898,1.2907364968647934,3866,20261008,vendor_residual,target_only,test
2,1.2543461009885735,8898,2.0536783478904295,3866,20261008,vendor_residual,target_only,test
3,1.4254369145044643,8898,2.8949934289176635,3866,20261008,vendor_residual,target_only,test
4,1.7810022377903303,8898,3.667354628258224,3866,20261008,vendor_residual,target_only,test
5,1.8825571417094602,8898,3.9506770768843635,3866,20261008,vendor_residual,target_only,test
6,2.1044656635223555,8898,4.514145513867118,3866,20261008,vendor_residual,target_only,test
7,2.373825486048171,8898,5.106186210351167,3866,20261008,vendor_residual,target_only,test
8,2.310429426619911,8898,5.0094080894982635,3866,20261008,vendor_residual,target_only,test
9,2.4864253298137493,8898,5.253223639058187,3866,20261008,vendor_residual,target_only,test
10,2.52764994047716,8898,5.359088121281852,3866,20261008,vendor_residual,target_only,test
11,2.62581402128297,8898,5.589248707780081,3866,20261008,vendor_residual,target_only,test
12,3.013032891309812,8898,6.158747310570771,3862,20261008,vendor_residual,target_only,test
13,2.8287668204692604,8898,5.759093569900676,3862,20261008,vendor_residual,target_only,test
14,3.1804261385311623,8898,6.438290329347027,3868,20261008,vendor_residual,target_only,test
15,3.005640340900358,8898,5.504125710273406,3862,20261008,vendor_residual,target_only,test
16,3.084788281007545,8898,5.950287683038326,3862,20261008,vendor_residual,target_only,test
17,3.0536609661377763,8898,5.926822110277816,3862,20261008,vendor_residual,target_only,test
18,3.09501849159195,8898,5.715277853317087,3862,20261008,vendor_residual,target_only,test
19,2.937526696995645,8898,5.496601488775101,3862,20261008,vendor_residual,target_only,test
20,2.803937000761903,8898,5.009358433801512,3865,20261008,vendor_residual,target_only,test
21,2.8299465014842196,8898,5.118035783832423,3865,20261008,vendor_residual,target_only,test
22,3.017410920078758,8898,5.394331125234209,3865,20261008,vendor_residual,target_only,test
23,3.2757782501362285,8898,5.678599627526961,3865,20261008,vendor_residual,target_only,test
24,3.1988357245777856,8898,5.399280884711826,3865,20261008,vendor_residual,target_only,test
25,3.272117695825532,8898,5.607823220861585,4107,20261008,vendor_residual,target_only,test
26,4.809775433880833,8898,7.8901233644902415,5233,20261008,vendor_residual,target_only,test
27,7.679221731157495,8898,12.38716628576845,5459,20261008,vendor_residual,target_only,test
28,11.20564128734877,8898,17.09813384745345,5794,20261008,vendor_residual,target_only,test
29,17.436615386142382,8898,22.41322946880249,6898,20261008,vendor_residual,target_only,test
30,25.060777299908064,8898,27.426054307021392,8126,20261008,vendor_residual,target_only,test
31,39.34425836834402,8898,39.738744729539484,8809,20261008,vendor_residual,target_only,test
32,46.9034786935259,8898,46.9034786935259,8898,20261008,vendor_residual,target_only,test
33,63.10344299153245,8898,63.10344299153245,8898,20261008,vendor_residual,target_only,test
34,76.28222653587392,8898,76.28222653587392,8898,20261008,vendor_residual,target_only,test
35,87.72856802523255,8898,87.72856802523255,8898,20261008,vendor_residual,target_only,test
36,98.40952693078319,8898,98.40952693078319,8898,20261008,vendor_residual,target_only,test
37,106.3337873751487,8898,106.3337873751487,8898,20261008,vendor_residual,target_only,test
38,121.33365477631028,8898,121.33365477631028,8898,20261008,vendor_residual,target_only,test
39,139.00427521915455,8898,139.00427521915455,8898,20261008,vendor_residual,target_only,test
40,153.6379139144757,8898,153.6379139144757,8898,20261008,vendor_residual,target_only,test
41,162.56585567576008,8898,162.56585567576008,8898,20261008,vendor_residual,target_only,test
42,168.59660004779764,8898,168.59660004779764,8898,20261008,vendor_residual,target_only,test
43,171.36970246344936,8898,171.36970246344936,8898,20261008,vendor_residual,target_only,test
44,167.93440394456184,8898,167.93440394456184,8898,20261008,vendor_residual,target_only,test
45,175.9799351152418,8898,175.9799351152418,8898,20261008,vendor_residual,target_only,test
46,186.76985803634346,8898,186.76985803634346,8898,20261008,vendor_residual,target_only,test
47,192.75435324454347,8898,192.75435324454347,8898,20261008,vendor_residual,target_only,test
48,194.81966015385717,8898,194.81966015385717,8898,20261008,vendor_residual,target_only,test
49,200.4250202882186,8898,200.4250202882186,8898,20261008,vendor_residual,target_only,test
50,208.49686836561352,8898,208.49686836561352,8898,20261008,vendor_residual,target_only,test
51,208.81265187119658,8898,208.81265187119658,8898,20261008,vendor_residual,target_only,test
52,187.857476335125,8898,187.857476335125,8898,20261008,vendor_residual,target_only,test
53,197.81372164961624,8898,197.81372164961624,8898,20261008,vendor_residual,target_only,test
54,191.6516662880985,8898,191.6516662880985,8898,20261008,vendor_residual,target_only,test
55,189.99663799442501,8898,189.99663799442501,8898,20261008,vendor_residual,target_only,test
56,193.81002095189027,8898,193.81002095189027,8898,20261008,vendor_residual,target_only,test
57,176.05533468382941,8898,176.05533468382941,8898,20261008,vendor_residual,target_only,test
58,199.7164457428605,8898,199.7164457428605,8898,20261008,vendor_residual,target_only,test
59,186.03383739859086,8898,186.03383739859086,8898,20261008,vendor_residual,target_only,test
60,197.15155335952667,8898,197.15155335952667,8898,20261008,vendor_residual,target_only,test
61,180.82094238853682,8898,180.82094238853682,8898,20261008,vendor_residual,target_only,test
62,180.05537069865053,8898,180.05537069865053,8898,20261008,vendor_residual,target_only,test
63,177.19226822239514,8898,177.19226822239514,8898,20261008,vendor_residual,target_only,test
64,167.3580113150363,8898,167.3580113150363,8898,20261008,vendor_residual,target_only,test
65,159.63940845510842,8898,159.63940845510842,8898,20261008,vendor_residual,target_only,test
66,147.5295852813797,8898,147.5295852813797,8898,20261008,vendor_residual,target_only,test
67,139.82086862478863,8898,139.82086862478863,8898,20261008,vendor_residual,target_only,test
68,137.86565430721996,8898,138.6505675648398,8847,20261008,vendor_residual,target_only,test
69,114.70118117772611,8898,118.75735965402333,8590,20261008,vendor_residual,target_only,test
70,107.60082115172783,8898,120.51577123057633,7935,20261008,vendor_residual,target_only,test
71,91.25302907677431,8898,104.9296288175991,7735,20261008,vendor_residual,target_only,test
72,74.97665458012101,8898,86.19277550560568,7735,20261008,vendor_residual,target_only,test
73,61.90201236287957,8898,71.28258323785913,7720,20261008,vendor_residual,target_only,test
74,46.52053863722492,8898,53.835518239372846,7676,20261008,vendor_residual,target_only,test
75,41.73129500143113,8898,50.51235911592933,7337,20261008,vendor_residual,target_only,test
76,27.2407354559346,8898,35.034303224127775,6903,20261008,vendor_residual,target_only,test
77,18.35017396281655,8898,24.541979536726508,6637,20261008,vendor_residual,target_only,test
78,12.092839941248899,8898,16.455088060746352,6510,20261008,vendor_residual,target_only,test
79,6.607985439574585,8898,10.595750781120335,5473,20261008,vendor_residual,target_only,test
80,5.213791013325664,8898,8.419196948292244,5401,20261008,vendor_residual,target_only,test
81,3.627779696560063,8898,5.936004776830327,5155,20261008,vendor_residual,target_only,test
82,2.2401700346493003,8898,3.7453049222702806,4384,20261008,vendor_residual,target_only,test
83,2.2179357802071356,8898,4.381788881479262,3906,20261008,vendor_residual,target_only,test
84,1.9656011145193246,8898,3.8428892775754995,3862,20261008,vendor_residual,target_only,test
85,1.8897140118941926,8898,3.6635673200201695,3862,20261008,vendor_residual,target_only,test
86,1.9329734802291676,8898,3.749949071603535,3862,20261008,vendor_residual,target_only,test
87,1.7535747750583899,8898,3.406404078981022,3862,20261008,vendor_residual,target_only,test
88,1.7340515695778829,8898,3.3260975784612126,3862,20261008,vendor_residual,target_only,test
89,1.5668617838854828,8898,3.1759618932348355,3862,20261008,vendor_residual,target_only,test
90,1.4938075153385444,8898,3.0721638047225954,3862,20261008,vendor_residual,target_only,test
91,1.4698215607243594,8898,3.0361970985612863,3862,20261008,vendor_residual,target_only,test
92,1.3910057486141847,8898,2.9137354771223074,3862,20261008,vendor_residual,target_only,test
93,1.5034507980624912,8898,3.1407171133882437,3862,20261008,vendor_residual,target_only,test
94,1.5807166390120617,8898,3.3052105758611545,3862,20261008,vendor_residual,target_only,test
95,1.5494083757294042,8898,3.1736011996713107,3862,20261008,vendor_residual,target_only,test
96,1.5261888270393316,8898,3.277371434170747,3862,20261008,vendor_residual,target_only,test
1,0.3439958278644176,4421,0.3312980137098428,2453,20261008,vendor_residual,vendor_covariate,calibration
2,1.022713785270343,4421,1.6982387646775894,2453,20261008,vendor_residual,vendor_covariate,calibration
3,1.4183803717576278,4421,2.5048288995784675,2453,20261008,vendor_residual,vendor_covariate,calibration
4,1.4158145429025795,4421,2.4871210615113424,2453,20261008,vendor_residual,vendor_covariate,calibration
5,1.8705086186844457,4421,3.317312508794531,2453,20261008,vendor_residual,vendor_covariate,calibration
6,2.136710464665115,4421,3.8086008638273765,2453,20261008,vendor_residual,vendor_covariate,calibration
7,2.604752408058949,4421,4.658216742208494,2453,20261008,vendor_residual,vendor_covariate,calibration
8,2.9017774696645446,4421,5.175568648605447,2453,20261008,vendor_residual,vendor_covariate,calibration
9,3.0752092967061553,4421,5.4857165435409,2453,20261008,vendor_residual,vendor_covariate,calibration
10,2.787507854317486,4421,4.962838005551216,2453,20261008,vendor_residual,vendor_covariate,calibration
11,3.140165038530874,4421,5.607424130341128,2453,20261008,vendor_residual,vendor_covariate,calibration
12,3.258463910222575,4421,5.85107303171844,2430,20261008,vendor_residual,vendor_covariate,calibration
13,2.852946232803363,4421,5.129264686278876,2430,20261008,vendor_residual,vendor_covariate,calibration
14,2.8929775814672505,4421,5.172929677378441,2438,20261008,vendor_residual,vendor_covariate,calibration
15,2.8228696557927857,4421,5.064627705975493,2430,20261008,vendor_residual,vendor_covariate,calibration
16,3.4225296981929896,4421,6.118037812753462,2430,20261008,vendor_residual,vendor_covariate,calibration
17,3.3783801199952164,4421,6.051123895205427,2430,20261008,vendor_residual,vendor_covariate,calibration
18,3.361597760268758,4421,6.010456325513227,2430,20261008,vendor_residual,vendor_covariate,calibration
19,3.079218049135441,4421,5.5080664644546715,2430,20261008,vendor_residual,vendor_covariate,calibration
20,3.0838849673044395,4421,5.538056560859455,2431,20261008,vendor_residual,vendor_covariate,calibration
21,3.077967265621091,4421,5.536367696840378,2431,20261008,vendor_residual,vendor_covariate,calibration
22,3.055716686030754,4421,5.49066197347292,2431,20261008,vendor_residual,vendor_covariate,calibration
23,2.9449575932280303,4421,5.295863467326015,2431,20261008,vendor_residual,vendor_covariate,calibration
24,3.339137280520544,4421,5.999183141813372,2431,20261008,vendor_residual,vendor_covariate,calibration
25,3.354693176512535,4421,5.704630643245719,2577,20261008,vendor_residual,vendor_covariate,calibration
26,4.082909885969101,4421,5.298967609456894,3400,20261008,vendor_residual,vendor_covariate,calibration
27,5.177232820307981,4421,6.368921110963245,3589,20261008,vendor_residual,vendor_covariate,calibration
28,6.258512037799682,4421,7.55167470677544,3663,20261008,vendor_residual,vendor_covariate,calibration
29,14.087404602125165,4421,15.329549187259838,4061,20261008,vendor_residual,vendor_covariate,calibration
30,22.087702578324993,4421,23.312201730163245,4188,20261008,vendor_residual,vendor_covariate,calibration
31,30.426670678921155,4421,30.794029275428517,4368,20261008,vendor_residual,vendor_covariate,calibration
32,50.783436661968565,4421,50.783436661968565,4421,20261008,vendor_residual,vendor_covariate,calibration
33,60.0417385922933,4421,60.0417385922933,4421,20261008,vendor_residual,vendor_covariate,calibration
34,72.81723213993845,4421,72.81723213993845,4421,20261008,vendor_residual,vendor_covariate,calibration
35,87.03066657473205,4421,87.03066657473205,4421,20261008,vendor_residual,vendor_covariate,calibration
36,92.40582916394906,4421,92.40582916394906,4421,20261008,vendor_residual,vendor_covariate,calibration
37,101.3392711058636,4421,101.3392711058636,4421,20261008,vendor_residual,vendor_covariate,calibration
38,110.0515364867045,4421,110.0515364867045,4421,20261008,vendor_residual,vendor_covariate,calibration
39,119.00814423491289,4421,119.00814423491289,4421,20261008,vendor_residual,vendor_covariate,calibration
40,112.44200461535043,4421,112.44200461535043,4421,20261008,vendor_residual,vendor_covariate,calibration
41,118.62813216492364,4421,118.62813216492364,4421,20261008,vendor_residual,vendor_covariate,calibration
42,136.00058634436556,4421,136.00058634436556,4421,20261008,vendor_residual,vendor_covariate,calibration
43,146.68208002519967,4421,146.68208002519967,4421,20261008,vendor_residual,vendor_covariate,calibration
44,135.04456558574435,4421,135.04456558574435,4421,20261008,vendor_residual,vendor_covariate,calibration
45,136.67483245456435,4421,136.67483245456435,4421,20261008,vendor_residual,vendor_covariate,calibration
46,137.09480661330736,4421,137.09480661330736,4421,20261008,vendor_residual,vendor_covariate,calibration
47,150.9489132258764,4421,150.9489132258764,4421,20261008,vendor_residual,vendor_covariate,calibration
48,142.2032089725411,4421,142.2032089725411,4421,20261008,vendor_residual,vendor_covariate,calibration
49,139.0682010542872,4421,139.0682010542872,4421,20261008,vendor_residual,vendor_covariate,calibration
50,151.37998554757613,4421,151.37998554757613,4421,20261008,vendor_residual,vendor_covariate,calibration
51,161.56753281223556,4421,161.56753281223556,4421,20261008,vendor_residual,vendor_covariate,calibration
52,157.2627830718456,4421,157.2627830718456,4421,20261008,vendor_residual,vendor_covariate,calibration
53,160.65631217053115,4421,160.65631217053115,4421,20261008,vendor_residual,vendor_covariate,calibration
54,161.09068549566206,4421,161.09068549566206,4421,20261008,vendor_residual,vendor_covariate,calibration
55,145.71643744066117,4421,145.71643744066117,4421,20261008,vendor_residual,vendor_covariate,calibration
56,146.56249661621504,4421,146.56249661621504,4421,20261008,vendor_residual,vendor_covariate,calibration
57,142.68708823077023,4421,142.68708823077023,4421,20261008,vendor_residual,vendor_covariate,calibration
58,138.78058755264198,4421,138.78058755264198,4421,20261008,vendor_residual,vendor_covariate,calibration
59,135.96614322637234,4421,135.96614322637234,4421,20261008,vendor_residual,vendor_covariate,calibration
60,142.47210522574565,4421,142.47210522574565,4421,20261008,vendor_residual,vendor_covariate,calibration
61,135.3005932113063,4421,135.3005932113063,4421,20261008,vendor_residual,vendor_covariate,calibration
62,137.3835069057002,4421,137.3835069057002,4421,20261008,vendor_residual,vendor_covariate,calibration
63,136.7167667521005,4421,136.7167667521005,4421,20261008,vendor_residual,vendor_covariate,calibration
64,123.05383559051015,4421,123.05383559051015,4421,20261008,vendor_residual,vendor_covariate,calibration
65,107.32897066963925,4421,107.32897066963925,4421,20261008,vendor_residual,vendor_covariate,calibration
66,100.82588971371979,4421,100.82588971371979,4421,20261008,vendor_residual,vendor_covariate,calibration
67,100.57437215225869,4421,100.59712653509857,4420,20261008,vendor_residual,vendor_covariate,calibration
68,80.99847487802928,4421,81.29268046214925,4405,20261008,vendor_residual,vendor_covariate,calibration
69,64.503870966978,4421,64.91363624368736,4393,20261008,vendor_residual,vendor_covariate,calibration
70,57.70864429688718,4421,58.918441949523235,4330,20261008,vendor_residual,vendor_covariate,calibration
71,52.19586065882338,4421,53.5893117534173,4306,20261008,vendor_residual,vendor_covariate,calibration
72,38.7317752733707,4421,39.784655790449705,4304,20261008,vendor_residual,vendor_covariate,calibration
73,26.828914417612204,4421,27.587990953356034,4299,20261008,vendor_residual,vendor_covariate,calibration
74,20.60389755872765,4421,21.24200060955182,4288,20261008,vendor_residual,vendor_covariate,calibration
75,17.545179466258446,4421,18.44918884248125,4204,20261008,vendor_residual,vendor_covariate,calibration
76,11.966996333960905,4421,13.154462942015906,4021,20261008,vendor_residual,vendor_covariate,calibration
77,7.172890237558309,4421,7.927265207470314,3998,20261008,vendor_residual,vendor_covariate,calibration
78,5.531408306423525,4421,6.130572555481469,3985,20261008,vendor_residual,vendor_covariate,calibration
79,3.984607442731489,4421,4.740465008312817,3710,20261008,vendor_residual,vendor_covariate,calibration
80,3.890214013285135,4421,4.833807068387768,3548,20261008,vendor_residual,vendor_covariate,calibration
81,3.452813401943183,4421,4.681179039458366,3245,20261008,vendor_residual,vendor_covariate,calibration
82,3.248519353709934,4421,5.186652496738729,2746,20261008,vendor_residual,vendor_covariate,calibration
83,3.286042748381564,4421,5.821936630586026,2476,20261008,vendor_residual,vendor_covariate,calibration
84,3.4656574195142644,4421,6.261137717961115,2430,20261008,vendor_residual,vendor_covariate,calibration
85,3.2826687542949826,4421,5.937127449861708,2430,20261008,vendor_residual,vendor_covariate,calibration
86,3.31258891571802,4421,5.986669377747295,2430,20261008,vendor_residual,vendor_covariate,calibration
87,3.297895402268843,4421,5.964388799777737,2430,20261008,vendor_residual,vendor_covariate,calibration
88,3.25819555648175,4421,5.886565865950329,2430,20261008,vendor_residual,vendor_covariate,calibration
89,3.263095204734579,4421,5.904055390688648,2430,20261008,vendor_residual,vendor_covariate,calibration
90,3.1894362784058266,4421,5.77587185734653,2430,20261008,vendor_residual,vendor_covariate,calibration
91,3.1291926608058205,4421,5.674103815357466,2430,20261008,vendor_residual,vendor_covariate,calibration
92,2.9806083531778134,4421,5.406905890425184,2430,20261008,vendor_residual,vendor_covariate,calibration
93,3.0745458231807405,4421,5.5733263568212985,2430,20261008,vendor_residual,vendor_covariate,calibration
94,3.0724089513706874,4421,5.577363866208497,2430,20261008,vendor_residual,vendor_covariate,calibration
95,3.0854553048651603,4421,5.603358356404375,2430,20261008,vendor_residual,vendor_covariate,calibration
96,2.613843802404022,4421,4.751467556075802,2430,20261008,vendor_residual,vendor_covariate,calibration
1,0.7314114068523875,8898,0.3845138921492973,3866,20261008,vendor_residual,vendor_covariate,test
2,0.9168564653023606,8898,1.4297129391995873,3866,20261008,vendor_residual,vendor_covariate,test
3,0.9812840832258777,8898,1.9831739603553233,3866,20261008,vendor_residual,vendor_covariate,test
4,1.3558847234906057,8898,2.765749463588262,3866,20261008,vendor_residual,vendor_covariate,test
5,1.5202992271765956,8898,3.2311157179146353,3866,20261008,vendor_residual,vendor_covariate,test
6,1.6431045431553344,8898,3.5019057393296267,3866,20261008,vendor_residual,vendor_covariate,test
7,1.7971138877600619,8898,3.9437485847802107,3866,20261008,vendor_residual,vendor_covariate,test
8,2.204707730510601,8898,4.760668096549274,3866,20261008,vendor_residual,vendor_covariate,test
9,2.2284880887613023,8898,4.82549485301656,3866,20261008,vendor_residual,vendor_covariate,test
10,2.2267105100700437,8898,4.751820678078493,3866,20261008,vendor_residual,vendor_covariate,test
11,2.169707433783967,8898,4.681545934828918,3866,20261008,vendor_residual,vendor_covariate,test
12,2.306606872846624,8898,4.859997696684773,3862,20261008,vendor_residual,vendor_covariate,test
13,1.9575282778069887,8898,4.191993195735375,3862,20261008,vendor_residual,vendor_covariate,test
14,2.4857181824656247,8898,5.289905712668204,3868,20261008,vendor_residual,vendor_covariate,test
15,2.2059815308163326,8898,4.655674996331914,3862,20261008,vendor_residual,vendor_covariate,test
16,2.7717376274564263,8898,5.759030052105636,3862,20261008,vendor_residual,vendor_covariate,test
17,2.592524529066393,8898,5.407880977011075,3862,20261008,vendor_residual,vendor_covariate,test
18,2.6607705858667763,8898,5.50994401221945,3862,20261008,vendor_residual,vendor_covariate,test
19,2.279138720146714,8898,4.757207733123387,3862,20261008,vendor_residual,vendor_covariate,test
20,2.0761810380695276,8898,4.441118972353519,3865,20261008,vendor_residual,vendor_covariate,test
21,1.7429529085094666,8898,3.720438916663721,3865,20261008,vendor_residual,vendor_covariate,test
22,1.8095631798357525,8898,3.8422359269321986,3865,20261008,vendor_residual,vendor_covariate,test
23,1.6694096221970218,8898,3.5727832461631994,3865,20261008,vendor_residual,vendor_covariate,test
24,1.73284568662125,8898,3.623557974869641,3865,20261008,vendor_residual,vendor_covariate,test
25,1.9453964531417998,8898,3.9675189025873796,4107,20261008,vendor_residual,vendor_covariate,test
26,4.05937619945575,8898,6.825673513130514,5233,20261008,vendor_residual,vendor_covariate,test
27,6.587421319399992,8898,10.62511109097259,5459,20261008,vendor_residual,vendor_covariate,test
28,10.626078572483248,8898,16.266135985871426,5794,20261008,vendor_residual,vendor_covariate,test
29,17.22212184627489,8898,22.04488751585888,6898,20261008,vendor_residual,vendor_covariate,test
30,24.236378230069086,8898,26.486031945695604,8126,20261008,vendor_residual,vendor_covariate,test
31,38.051072013429874,8898,38.43478971997927,8809,20261008,vendor_residual,vendor_covariate,test
32,47.53299125191944,8898,47.53299125191944,8898,20261008,vendor_residual,vendor_covariate,test
33,59.389964624959575,8898,59.389964624959575,8898,20261008,vendor_residual,vendor_covariate,test
34,71.97703898366714,8898,71.97703898366714,8898,20261008,vendor_residual,vendor_covariate,test
35,86.56032408055553,8898,86.56032408055553,8898,20261008,vendor_residual,vendor_covariate,test
36,92.80717029344943,8898,92.80717029344943,8898,20261008,vendor_residual,vendor_covariate,test
37,100.84491204237123,8898,100.84491204237123,8898,20261008,vendor_residual,vendor_covariate,test
38,115.1959598155549,8898,115.1959598155549,8898,20261008,vendor_residual,vendor_covariate,test
39,132.35277534369322,8898,132.35277534369322,8898,20261008,vendor_residual,vendor_covariate,test
40,143.13973761550477,8898,143.13973761550477,8898,20261008,vendor_residual,vendor_covariate,test
41,150.51568744101218,8898,150.51568744101218,8898,20261008,vendor_residual,vendor_covariate,test
42,161.82632926071594,8898,161.82632926071594,8898,20261008,vendor_residual,vendor_covariate,test
43,169.30530995867062,8898,169.30530995867062,8898,20261008,vendor_residual,vendor_covariate,test
44,160.667326632346,8898,160.667326632346,8898,20261008,vendor_residual,vendor_covariate,test
45,169.22117668533772,8898,169.22117668533772,8898,20261008,vendor_residual,vendor_covariate,test
46,181.15937319206287,8898,181.15937319206287,8898,20261008,vendor_residual,vendor_covariate,test
47,185.46252479295265,8898,185.46252479295265,8898,20261008,vendor_residual,vendor_covariate,test
48,189.17005795803664,8898,189.17005795803664,8898,20261008,vendor_residual,vendor_covariate,test
49,194.94738268858654,8898,194.94738268858654,8898,20261008,vendor_residual,vendor_covariate,test
50,198.97026794418542,8898,198.97026794418542,8898,20261008,vendor_residual,vendor_covariate,test
51,197.42824792931407,8898,197.42824792931407,8898,20261008,vendor_residual,vendor_covariate,test
52,176.04588242020756,8898,176.04588242020756,8898,20261008,vendor_residual,vendor_covariate,test
53,191.58067868669826,8898,191.58067868669826,8898,20261008,vendor_residual,vendor_covariate,test
54,190.19682122235722,8898,190.19682122235722,8898,20261008,vendor_residual,vendor_covariate,test
55,188.15740233470947,8898,188.15740233470947,8898,20261008,vendor_residual,vendor_covariate,test
56,182.44838412895936,8898,182.44838412895936,8898,20261008,vendor_residual,vendor_covariate,test
57,170.6499513923414,8898,170.6499513923414,8898,20261008,vendor_residual,vendor_covariate,test
58,188.7610989028648,8898,188.7610989028648,8898,20261008,vendor_residual,vendor_covariate,test
59,170.17399848837564,8898,170.17399848837564,8898,20261008,vendor_residual,vendor_covariate,test
60,176.7230121262856,8898,176.7230121262856,8898,20261008,vendor_residual,vendor_covariate,test
61,163.39948581730687,8898,163.39948581730687,8898,20261008,vendor_residual,vendor_covariate,test
62,162.8438915137609,8898,162.8438915137609,8898,20261008,vendor_residual,vendor_covariate,test
63,164.63926896476264,8898,164.63926896476264,8898,20261008,vendor_residual,vendor_covariate,test
64,151.56000266933214,8898,151.56000266933214,8898,20261008,vendor_residual,vendor_covariate,test
65,145.11263793166586,8898,145.11263793166586,8898,20261008,vendor_residual,vendor_covariate,test
66,140.5232804199991,8898,140.5232804199991,8898,20261008,vendor_residual,vendor_covariate,test
67,141.4969347437602,8898,141.4969347437602,8898,20261008,vendor_residual,vendor_covariate,test
68,132.2572172930815,8898,133.01963597534072,8847,20261008,vendor_residual,vendor_covariate,test
69,114.49934682258606,8898,118.60213146101688,8590,20261008,vendor_residual,vendor_covariate,test
70,111.09689475898095,8898,124.5566093012479,7935,20261008,vendor_residual,vendor_covariate,test
71,97.95298237963942,8898,112.67219044486598,7735,20261008,vendor_residual,vendor_covariate,test
72,77.69051201043888,8898,89.36724800884383,7735,20261008,vendor_residual,vendor_covariate,test
73,62.7572397062494,8898,72.31926461387584,7720,20261008,vendor_residual,vendor_covariate,test
74,48.71646342117636,8898,56.46058379381981,7676,20261008,vendor_residual,vendor_covariate,test
75,42.78850151234965,8898,51.88334667348958,7337,20261008,vendor_residual,vendor_covariate,test
76,26.772738113958592,8898,34.49867120206917,6903,20261008,vendor_residual,vendor_covariate,test
77,16.986983903958837,8898,22.759186797950417,6637,20261008,vendor_residual,vendor_covariate,test
78,12.489228518053688,8898,17.048892071438484,6510,20261008,vendor_residual,vendor_covariate,test
79,6.516153682137615,8898,10.564493470385171,5473,20261008,vendor_residual,vendor_covariate,test
80,4.1671797922886595,8898,6.829010629076029,5401,20261008,vendor_residual,vendor_covariate,test
81,2.2658322357946528,8898,3.8592925491457963,5155,20261008,vendor_residual,vendor_covariate,test
82,1.4177642022955828,8898,2.7363817220929025,4384,20261008,vendor_residual,vendor_covariate,test
83,1.5074361429194765,8898,3.305865089656175,3906,20261008,vendor_residual,vendor_covariate,test
84,1.4529057868588129,8898,3.210362507921509,3862,20261008,vendor_residual,vendor_covariate,test
85,1.3944779473220863,8898,3.1046542408159,3862,20261008,vendor_residual,vendor_covariate,test
86,1.3700591988344404,8898,3.012895350054255,3862,20261008,vendor_residual,vendor_covariate,test
87,1.357666134538829,8898,3.0039603799494534,3862,20261008,vendor_residual,vendor_covariate,test
88,1.4236507106575242,8898,3.1370416151757636,3862,20261008,vendor_residual,vendor_covariate,test
89,1.386099067653123,8898,3.046004080151661,3862,20261008,vendor_residual,vendor_covariate,test
90,1.3179845457465391,8898,2.9168182040585755,3862,20261008,vendor_residual,vendor_covariate,test
91,1.2018029148132452,8898,2.6615413906839644,3862,20261008,vendor_residual,vendor_covariate,test
92,1.1843208532384404,8898,2.6083254350084886,3862,20261008,vendor_residual,vendor_covariate,test
93,1.2596099167417019,8898,2.768688259421876,3862,20261008,vendor_residual,vendor_covariate,test
94,1.1760303231052778,8898,2.629845978199474,3862,20261008,vendor_residual,vendor_covariate,test
95,1.0902406771163438,8898,2.4565434642074604,3862,20261008,vendor_residual,vendor_covariate,test
96,0.8501164892701581,8898,1.937044215957952,3862,20261008,vendor_residual,vendor_covariate,test
